-- --------------------------------------------------------
-- Host:                         127.0.0.1
-- Server version:               8.0.28 - MySQL Community Server - GPL
-- Server OS:                    Win64
-- HeidiSQL Version:             11.1.0.6116
-- --------------------------------------------------------

/*!40101 SET @OLD_CHARACTER_SET_CLIENT=@@CHARACTER_SET_CLIENT */;
/*!40101 SET NAMES utf8 */;
/*!50503 SET NAMES utf8mb4 */;
/*!40014 SET @OLD_FOREIGN_KEY_CHECKS=@@FOREIGN_KEY_CHECKS, FOREIGN_KEY_CHECKS=0 */;
/*!40101 SET @OLD_SQL_MODE=@@SQL_MODE, SQL_MODE='NO_AUTO_VALUE_ON_ZERO' */;
/*!40111 SET @OLD_SQL_NOTES=@@SQL_NOTES, SQL_NOTES=0 */;


-- Dumping database structure for theodoihocphi
DROP DATABASE IF EXISTS `theodoihocphi`;
CREATE DATABASE IF NOT EXISTS `theodoihocphi` /*!40100 DEFAULT CHARACTER SET utf8 COLLATE utf8_unicode_ci */ /*!80016 DEFAULT ENCRYPTION='N' */;
USE `theodoihocphi`;

-- Dumping structure for table theodoihocphi.accounting
DROP TABLE IF EXISTS `accounting`;
CREATE TABLE IF NOT EXISTS `accounting` (
  `ID_accounting` varchar(100) CHARACTER SET utf8 COLLATE utf8_unicode_ci NOT NULL DEFAULT '',
  `ma_dvlk` varchar(45) CHARACTER SET utf8 COLLATE utf8_unicode_ci DEFAULT NULL,
  `dvlk` varchar(255) CHARACTER SET utf8 COLLATE utf8_unicode_ci DEFAULT NULL,
  `tier` varchar(100) CHARACTER SET utf8 COLLATE utf8_unicode_ci DEFAULT NULL,
  `create_day` date DEFAULT NULL,
  `year` varchar(100) CHARACTER SET utf8 COLLATE utf8_unicode_ci DEFAULT NULL,
  `round` varchar(100) CHARACTER SET utf8 COLLATE utf8_unicode_ci DEFAULT NULL,
  `total` varchar(100) CHARACTER SET utf8 COLLATE utf8_unicode_ci NOT NULL,
  `total_discount` varchar(100) CHARACTER SET utf8 COLLATE utf8_unicode_ci DEFAULT NULL,
  `dvlk_confirm` tinyint(1) DEFAULT NULL,
  `ou_confirm` tinyint(1) DEFAULT NULL,
  `accounting_day` date DEFAULT NULL,
  `user_create` varchar(100) CHARACTER SET utf8 COLLATE utf8_unicode_ci DEFAULT NULL,
  `dateRange` varchar(45) CHARACTER SET utf8 COLLATE utf8_unicode_ci DEFAULT NULL,
  `status` tinyint DEFAULT NULL,
  `percent_another` varchar(45) CHARACTER SET utf8 COLLATE utf8_unicode_ci DEFAULT NULL,
  `total_real` varchar(100) CHARACTER SET utf8 COLLATE utf8_unicode_ci DEFAULT NULL,
  `note` varchar(255) CHARACTER SET utf8 COLLATE utf8_unicode_ci DEFAULT NULL,
  PRIMARY KEY (`ID_accounting`)
) ENGINE=InnoDB DEFAULT CHARSET=utf8mb3 COLLATE=utf8_unicode_ci;

-- Dumping data for table theodoihocphi.accounting: ~5 rows (approximately)
/*!40000 ALTER TABLE `accounting` DISABLE KEYS */;
INSERT INTO `accounting` (`ID_accounting`, `ma_dvlk`, `dvlk`, `tier`, `create_day`, `year`, `round`, `total`, `total_discount`, `dvlk_confirm`, `ou_confirm`, `accounting_day`, `user_create`, `dateRange`, `status`, `percent_another`, `total_real`, `note`) VALUES
	('BD2312132023r3', 'BD', 'Trung Tâm Giáo Dục Thường Xuyên Bình Định', 'vl', '2023-12-13', '2022-2023', 'r3', '3520000', '844800', 0, 0, NULL, 'Van.vtm@ou.edu.vn', '01/08/2023 - 30/11/2023', 1, '0', '844800', NULL),
	('CN2312122023r3', 'CN', 'Trung Tâm GDNN - GDTX Quận Thốt Nốt', 'tx', '2023-12-12', '2022-2023', 'r3', '72160000', '13678400', 1, 0, NULL, 'Van.vtm@ou.edu.vn', '01/08/2023 - 30/11/2023', 1, '0', '13678400', NULL),
	('TE2312132023r3', 'TE', 'Trường Trung Cấp Tây Nguyên', 'tx', '2023-12-13', '2022-2023', 'r3', '1186940000', '415429000', 0, 0, NULL, 'Van.vtm@ou.edu.vn', '01/08/2023 - 30/11/2023', 1, '0', '415429000', NULL),
	('TH2312132023r3', 'TH', 'Trường Cao Đẳng Bình Thuận', 'tx', '2023-12-13', '2022-2023', 'r3', '970110000', '261987700', 1, 0, NULL, 'Van.vtm@ou.edu.vn', '01/08/2023 - 30/11/2023', 1, '0', '261987700', NULL),
	('VT2312142023r3', 'VT', 'Trung Tâm Giáo Dục Thường Xuyên Vũng Tàu', 'tx', '2023-12-14', '2022-2023', 'r3', '351280000', '98283000', 0, 0, NULL, 'Van.vtm@ou.edu.vn', '01/08/2023 - 30/11/2023', 1, '0', '0', NULL);
/*!40000 ALTER TABLE `accounting` ENABLE KEYS */;

-- Dumping structure for table theodoihocphi.action
DROP TABLE IF EXISTS `action`;
CREATE TABLE IF NOT EXISTS `action` (
  `action` varchar(100) CHARACTER SET utf8 COLLATE utf8_unicode_ci NOT NULL,
  `descript` varchar(255) CHARACTER SET utf8 COLLATE utf8_unicode_ci DEFAULT NULL,
  PRIMARY KEY (`action`)
) ENGINE=InnoDB DEFAULT CHARSET=utf8mb3 COLLATE=utf8_unicode_ci;

-- Dumping data for table theodoihocphi.action: ~12 rows (approximately)
/*!40000 ALTER TABLE `action` DISABLE KEYS */;
INSERT INTO `action` (`action`, `descript`) VALUES
	('accounting', 'kế toán'),
	('course_ware', 'học liệu'),
	('get_class', 'Xem lớp'),
	('guide', 'hướng dẫn sử dụng'),
	('list_student', 'Chi tiết sinh viên'),
	('one_student', 'Thông tin 1 sinh viên'),
	('register', 'Tạo tài khoản'),
	('reset_password', 'thay đổi mật khẩu'),
	('revenue', 'Doanh thu'),
	('search', 'tìm kiếm'),
	('statistical', 'Thống kê'),
	('subject_register', 'Kết quả đăng ký môn học');
/*!40000 ALTER TABLE `action` ENABLE KEYS */;

-- Dumping structure for table theodoihocphi.choice
DROP TABLE IF EXISTS `choice`;
CREATE TABLE IF NOT EXISTS `choice` (
  `ID` int NOT NULL AUTO_INCREMENT,
  `value` varchar(255) CHARACTER SET utf8 COLLATE utf8_unicode_ci DEFAULT NULL,
  `descript` varchar(255) CHARACTER SET utf8 COLLATE utf8_unicode_ci DEFAULT NULL,
  `type` varchar(10) CHARACTER SET utf8 COLLATE utf8_unicode_ci DEFAULT NULL,
  PRIMARY KEY (`ID`)
) ENGINE=InnoDB AUTO_INCREMENT=21 DEFAULT CHARSET=utf8mb3 COLLATE=utf8_unicode_ci;

-- Dumping data for table theodoihocphi.choice: ~20 rows (approximately)
/*!40000 ALTER TABLE `choice` DISABLE KEYS */;
INSERT INTO `choice` (`ID`, `value`, `descript`, `type`) VALUES
	(1, '1', 'Học kỳ 1', 'semester'),
	(2, '2', 'Học kỳ 2', 'semester'),
	(3, '3', 'Học kỳ 3', 'semester'),
	(4, '2015', 'Năm học 2015 - 2016', 'schoolyear'),
	(5, '2016', 'Năm học 2016 - 2017', 'schoolyear'),
	(6, '2017', 'Năm học 2017 - 2018', 'schoolyear'),
	(7, '2018', 'Năm học 2018 - 2019', 'schoolyear'),
	(8, '2019', 'Năm học 2019 - 2020', 'schoolyear'),
	(9, '2020', 'Năm học 2020 - 2021', 'schoolyear'),
	(10, '2021', 'Năm học 2021 - 2022', 'schoolyear'),
	(11, '2022', 'Năm học 2022 - 2023', 'schoolyear'),
	(12, '2023', 'Năm học 2023 - 2024', 'schoolyear'),
	(13, 'r1', 'Đợt 1 (01/12 - 31/03)', 'round'),
	(14, 'r2', 'Đợt 2 (01/04 - 31/07)', 'round'),
	(15, 'r3', 'Đợt 3 (01/08 - 30/11)', 'round'),
	(16, '2022-2023', 'Năm 2023', 'year'),
	(17, '2023-2024', 'Năm 2024', 'year'),
	(18, 'tx', 'Đào tạo từ xa (truyền thống)', 'tier'),
	(19, 'tt', 'Đào tạo từ xa (trực tuyến)', 'tier'),
	(20, 'vl', 'Vừa làm vừa học', 'tier');
/*!40000 ALTER TABLE `choice` ENABLE KEYS */;

-- Dumping structure for table theodoihocphi.guide
DROP TABLE IF EXISTS `guide`;
CREATE TABLE IF NOT EXISTS `guide` (
  `idGuide` int NOT NULL AUTO_INCREMENT,
  `tieuDe` varchar(255) CHARACTER SET utf8 COLLATE utf8_unicode_ci DEFAULT NULL,
  `conTent` text CHARACTER SET utf8 COLLATE utf8_unicode_ci,
  `urlVideo` varchar(255) CHARACTER SET utf8 COLLATE utf8_unicode_ci DEFAULT NULL,
  `urlHinh` varchar(255) CHARACTER SET utf8 COLLATE utf8_unicode_ci DEFAULT NULL,
  PRIMARY KEY (`idGuide`)
) ENGINE=InnoDB AUTO_INCREMENT=10 DEFAULT CHARSET=utf8mb3 COLLATE=utf8_unicode_ci;

-- Dumping data for table theodoihocphi.guide: ~9 rows (approximately)
/*!40000 ALTER TABLE `guide` DISABLE KEYS */;
INSERT INTO `guide` (`idGuide`, `tieuDe`, `conTent`, `urlVideo`, `urlHinh`) VALUES
	(1, 'Tổng quan', '\r <iframe src="dist/guide_txt/_tongQuan.pdf#toolbar=0" width="100%" height="600px">\r ', NULL, NULL),
	(2, 'Đăng nhập và Đăng xuất', '\n<iframe src="dist/guide_txt/_dangNhapdangXuat.pdf#toolbar=0" width="100%" height="600px">\n', NULL, NULL),
	(3, 'Thông tin lớp và sinh viên', '\n<iframe src="dist/guide_txt/_thongTinLopVaSinhVien.pdf#toolbar=0" width="100%" height="600px">\n', NULL, NULL),
	(4, 'Kết quả đăng ký môn học', '\n<iframe src="dist/guide_txt/_ketQuaDangKyMonHoc.pdf#toolbar=0" width="100%" height="600px">\n', NULL, NULL),
	(5, 'Doanh Thu', '\n<iframe src="dist/guide_txt/_xemDoanhThu.pdf#toolbar=0" width="100%" height="600px">\n', NULL, NULL),
	(6, 'Xem chi tiết 1 sinh viên', '\n<iframe src="dist/guide_txt/_timKiemMotSinhVien.pdf#toolbar=0" width="100%" height="600px">\n', NULL, NULL),
	(7, 'Thay đổi mật khẩu', '\n <iframe src="dist/guide_txt/_doiMatKhau.pdf#toolbar=0" width="100%" height="600px">\n', NULL, NULL),
	(8, 'Quyết toán', '\r <iframe src="dist/guide_txt/_quyetToan.pdf" width="100%" height="600px">\r ', NULL, NULL),
	(9, 'Tổng hợp', '\r\n <iframe src="dist/guide_txt/_guide_checkPayment.pdf" width="100%" height="600px">\r\n ', NULL, NULL);
/*!40000 ALTER TABLE `guide` ENABLE KEYS */;

-- Dumping structure for table theodoihocphi.link_unit
DROP TABLE IF EXISTS `link_unit`;
CREATE TABLE IF NOT EXISTS `link_unit` (
  `unit` varchar(100) CHARACTER SET utf8 COLLATE utf8_unicode_ci NOT NULL,
  `descript` varchar(255) CHARACTER SET utf8 COLLATE utf8_unicode_ci DEFAULT NULL,
  PRIMARY KEY (`unit`)
) ENGINE=InnoDB DEFAULT CHARSET=utf8mb3 COLLATE=utf8_unicode_ci;

-- Dumping data for table theodoihocphi.link_unit: ~146 rows (approximately)
/*!40000 ALTER TABLE `link_unit` DISABLE KEYS */;
INSERT INTO `link_unit` (`unit`, `descript`) VALUES
	('_K', 'Mã địa phương tạm dùng bảo trì dữ liệu'),
	('_T', 'Đại học Mở Tp.HCM - VLVH'),
	('AG', 'TT GDTX An Giang'),
	('AP', 'An Phú - GDTX An Giang'),
	('BA', 'Ban Chỉ Huy Quân sự Huyện Bình Chánh'),
	('BB', 'Trường Bồi dưỡng giáo dục Huyện Bình Chánh'),
	('BC', 'Trường trung cấp nghề Trần Đại Nghĩa'),
	('BD', 'TT GDTX Bình Định'),
	('BE', 'TT GDNN - GDTX Huyện Nhà Bè'),
	('BH', 'Trường TC KTKT Số 2 Biên Hòa'),
	('BI', 'Ban Chỉ Huy Quân sự Quận Bình Tân'),
	('BL', 'TT GDTX Bạc Liêu'),
	('BO', 'TT GDTX Bình Long - BPhước'),
	('BP', 'TT GDTX Bình Phước'),
	('BR', 'Trường TC KT Kỹ thuật Công Đoàn BR VT'),
	('BT', 'TT GDTX Bến Tre'),
	('BV', 'TT CT Quận Gò Vấp'),
	('C3', 'Trung tâm chính trị Q3'),
	('C4', 'TT CT Quận 4'),
	('CA', 'Trường Cao đẳng Long An'),
	('CC', 'Trường trung cấp nghề Củ Chi'),
	('CD', 'Châu Đốc - GDTX An Giang'),
	('CG', 'TT KT TH HN Cần Giờ'),
	('CH', 'TT GDTX Chơn Thành-BPhước'),
	('CL', 'Trường CĐCĐ Đồng Tháp'),
	('CM', 'Trường CĐCĐ Cà Mau'),
	('CN', 'TT GDNN - GDTX Q.Thốt Nốt'),
	('CQ', 'ĐTTX - Các lớp chính quy chuyển qua'),
	('CR', 'TT GDTX Khánh Hòa - Cam ranh'),
	('CT', 'Trường ĐH KT Công Nghệ Cần Thơ'),
	('CV', 'TT GDTX và HN Côn Đảo'),
	('DA', 'Trường Trung cấp Nghề Dĩ An'),
	('DB', 'Trường Đại Học Bạc Liêu'),
	('DD', 'TT GDTX Đắk Nông - Tuy Đức'),
	('DG', 'TT GDTX Đắk Nông'),
	('DH', 'Cao đẳng Long An ( Cơ sở Đức Hòa )'),
	('DK', 'TT GDTX ĐAK LAK'),
	('DM', 'TT GDTX Đắk Nông - Đăk Mil'),
	('DN', 'TT NN-TH Phan Chu Trinh'),
	('DR', 'TT GDTX Đắk Nông - Đăk R\'Lấp'),
	('DT', 'TT CT -TP Cao Lãnh'),
	('EA', 'CTy Cao Su EaH\'Leo'),
	('GC', 'TT TH KT TH HN Cần Giờ'),
	('GD', 'TT GDTX Gia Định'),
	('GI', 'TT GDNN & GDTX H. Ia Grai - Gia Lai'),
	('GK', 'TT GDNN GDTX huyện K rông Pa'),
	('GL', 'TT GDTX Gia Lai'),
	('GM', 'TT GDNN -GDTX Huyện Mang Yang - Gia Lai'),
	('GN', 'TT GDTX Đắk Nông - Gia Nghĩa'),
	('GO', 'TT GDTX Huyện Đăk Pơ - Gia Lai'),
	('GP', 'TT GDTX Huyện Chư Păh - Gia Lai'),
	('GQ', 'Gò Quao-CĐ Kiên Giang'),
	('GR', 'TT GDTX Bạc Liêu-Giá Rai'),
	('GS', 'TT GDNN  GDTX Huyện Chư Sê - Gia Lai'),
	('GU', 'TT GDNN-GDTX Chư Pưh - Gia Lai'),
	('GV', 'Quận Đoàn Gò Vấp'),
	('HB', 'TT GDTX Bạc Liêu-Hồng Dân'),
	('HD', 'TT GDTX Bạc Liêu-Đông Hải'),
	('HG', 'TT GDTX Hậu Giang'),
	('HM', 'Trường Trung cấp Bách nghệ TP.HCM'),
	('HN', 'Trường CĐ CĐ Hà Nội'),
	('HT', 'Trường CĐ Thương Mại và Du Lịch Hà Nội'),
	('HU', 'Hội Liên Hiệp Phụ Nữ TPHCM'),
	('HV', 'Học viện chính trị khu vực 2'),
	('HX', 'Liên minh Hợp tác xã Tp.Hồ Chí Minh'),
	('KG', 'Trường CĐ Kiên Giang'),
	('KH', 'TT GDTX Khánh Hòa'),
	('LA', 'TT GDTX & KTTH Long An'),
	('LB', 'Cơ sở 2 Long Bình'),
	('LC', 'CĐ Long An - CS Cần giuộc'),
	('LD', 'Trường Chính trị Lâm Đồng'),
	('LG', 'TT GDTX - GDNN Tx. Lagi - Bình Thuận'),
	('LH', 'TT GDTX H. Đức Hòa - Long An'),
	('LN', 'TT GDTX Lộc Ninh-BPhước'),
	('LT', 'Trung Tâm GDTX Lâm Đồng'),
	('MC', 'Chợ Mới - GDTX An Giang'),
	('MD', 'TT BD CT H. Đầm Dơi - Cà mau'),
	('MR', 'TT GDNN - GDTX HUYỆN M\'ĐRĂK'),
	('NA', 'Cao đẳng lương thực thực phẩm Đà Nẵng'),
	('NB', 'TT GDTX Tỉnh Ninh Bình'),
	('NH', 'Cơ Sở 5 - Ninh Hoà'),
	('NT', 'TT GDTX - HN Tỉnh Ninh Thuận'),
	('NU', 'Phân hiệu Học viện Phụ Nữ Việt Nam'),
	('NV', 'TT BD CB CC-VC Vũng Tàu'),
	('NX', 'TT GDTX Thanh Niên Xung Phong'),
	('OM', 'TT GDTX Quận Ô Môn'),
	('PB', 'TT GDTX Bạc Liêu-Phước Long'),
	('PD', 'TT GD XHLĐ Phú Đức'),
	('PG', 'TT GDTX Huyện Cần Giờ'),
	('PL', 'TT GDTX Phước Long-BPhước'),
	('PN', 'TT CT Q.Phú Nhuận'),
	('PQ', 'Phú Quốc-CĐ Kiên Giang'),
	('PT', 'TT CT Quận Tân Phú'),
	('PV', 'Phú Văn - GDTX Gia Định'),
	('PY', 'TT GDTX Phú Yên'),
	('Q1', 'TT CT Quận 1'),
	('Q2', 'Trường CĐN Thủ Thiêm - TPHCM'),
	('Q4', 'Ban Chỉ Huy Quân sự Quận 4'),
	('Q5', 'TT CT Quận 5'),
	('Q6', 'TT GDNN - GDTX Quận 6'),
	('Q8', 'TT BDCT Quận 8'),
	('Q9', 'Vĩnh Long - QK9'),
	('QB', 'Ban Chỉ Huy Quân Sự Huyện Nhà Bè'),
	('QG', 'Ban Chỉ Huy Quân sự Quận Gò Vấp'),
	('QH', 'Ban Chỉ Huy Quân sự Huyện Hóc Môn'),
	('QP', 'Ban Chỉ Huy Quân sự Quận Phú Nhuận'),
	('SB', 'Cơ Sở 3 Bình Dương'),
	('SD', 'Trường CT Đồng Tháp'),
	('SG', 'Trường TC DL và KS Sài Gòn Tourist'),
	('ST', 'TRƯỜNG ĐH SP TDTT TPHCM'),
	('T1', 'Trường ĐT-GQVL Số 1'),
	('T2', 'Trường ĐT-GQVL Số 2'),
	('T3', 'Trường ĐT-GQVL Số 3'),
	('T6', 'Trường ĐT-GQVL Số 6'),
	('TA', 'TT DN H.Tánh Linh - B.Thuận'),
	('TB', 'TT CT Quận Tân Bình'),
	('TC', 'Tân Châu - GDTX An Giang'),
	('TD', 'Công Ty Cao Su Dau Tieng'),
	('TE', 'Trường Trung cấp Tây Nguyên'),
	('TG', 'TT GDTX Tiền Giang'),
	('TH', 'Tr.CĐCĐ Bình Thuận'),
	('TL', 'TT GDTX Q.Thới Lai - Cần Thơ'),
	('TM', 'Cao đẳng Long An ( Cơ sở Đồng Tháp Mười )'),
	('TN', 'TT GDTX Tây Ninh'),
	('TP', 'Trường Đại Học Mở TP.HCM'),
	('TR', 'TT GDTX Nhơn Trạch - ĐNai'),
	('TT', 'TT GDTX Tôn Đức Thắng, TP.HCM'),
	('TU', 'Trường ĐT-GQVL Số 4'),
	('TV', 'Trường ĐH Trà Vinh'),
	('TW', 'TT GDTX Quận 12'),
	('UB', 'UBDS BM & TE'),
	('UT', 'Trường TC Nghề Tân Uyên'),
	('VD', 'Trường Cao đẳng Viễn Đông'),
	('VL', 'Trường CĐCĐ Vĩnh Long'),
	('VM', 'Trường Cao đẳng Việt - Mỹ'),
	('VS', 'Trường Cao Đẳng Nghề Việt Nam - Singapore'),
	('VT', 'TT GDTX Vũng Tàu'),
	('WT', 'Trường DN Quận 12'),
	('XL', 'TT GDNN GDTX  H. Xuân Lộc (ĐN)'),
	('XN', 'Liên Minh HTX Đồng Nai'),
	('XO', 'TT GDNN GDTX H.Thống Nhất-ĐNai'),
	('XP', 'Trường ĐT Và GQVL Số 5'),
	('XT', 'Liên Minh HTX Đồng Tháp'),
	('YB', 'TT ĐTBDCBDS-Bộ Y Tế (B.Tre)'),
	('YK', 'TT ĐTBDCBDS-Bộ Y Tế (K.Giang)'),
	('YT', 'TT ĐTBDCB Dân Số - Y Tế');
/*!40000 ALTER TABLE `link_unit` ENABLE KEYS */;

-- Dumping structure for table theodoihocphi.link_unit_accounting
DROP TABLE IF EXISTS `link_unit_accounting`;
CREATE TABLE IF NOT EXISTS `link_unit_accounting` (
  `unit` varchar(100) CHARACTER SET utf8 COLLATE utf8_unicode_ci DEFAULT NULL,
  `id_class` varchar(45) CHARACTER SET utf8 COLLATE utf8_unicode_ci DEFAULT NULL,
  `id_group` varchar(45) CHARACTER SET utf8 COLLATE utf8_unicode_ci DEFAULT NULL,
  `class_name` varchar(300) CHARACTER SET utf8 COLLATE utf8_unicode_ci DEFAULT NULL,
  `id_contract` varchar(45) CHARACTER SET utf8 COLLATE utf8_unicode_ci DEFAULT NULL,
  `year_contract` varchar(45) CHARACTER SET utf8 COLLATE utf8_unicode_ci DEFAULT NULL,
  `tier` varchar(255) CHARACTER SET utf8 COLLATE utf8_unicode_ci DEFAULT NULL,
  `full_tier` varchar(255) CHARACTER SET utf8 COLLATE utf8_unicode_ci DEFAULT NULL,
  `percent_accounting` varchar(45) CHARACTER SET utf8 COLLATE utf8_unicode_ci DEFAULT NULL,
  KEY `fk_link_account` (`unit`),
  CONSTRAINT `fk_link_account` FOREIGN KEY (`unit`) REFERENCES `link_unit` (`unit`)
) ENGINE=InnoDB DEFAULT CHARSET=utf8mb3 COLLATE=utf8_unicode_ci;

-- Dumping data for table theodoihocphi.link_unit_accounting: ~694 rows (approximately)
/*!40000 ALTER TABLE `link_unit_accounting` DISABLE KEYS */;
INSERT INTO `link_unit_accounting` (`unit`, `id_class`, `id_group`, `class_name`, `id_contract`, `year_contract`, `tier`, `full_tier`, `percent_accounting`) VALUES
	('AG', 'AG110412', 'AG110', ' An Giang - Khóa  2011 - Quản trị kinh doanh', '42', '08/02/2012', 'tx', ' Đào tạo từ xa', '17'),
	('AG', 'AG110912', 'AG111', ' An Giang - Khóa  2011 - Tài Chính Ngân Hàng', '42', '08/02/2012', 'tx', ' Đào tạo từ xa', '17'),
	('AG', 'AG11131', 'AG112', ' An Giang - Khóa 2/2011 - Kinh Tế Luật', '42', '08/02/2012', 'tx', ' Đào tạo từ xa', '17'),
	('AG', 'AG11141', 'AG113', ' An Giang - Khóa 2/2011 - Quản trị kinh doanh', '42', '08/02/2012', 'tx', ' Đào tạo từ xa', '17'),
	('AG', 'AG11181', 'AG114', ' An Giang - Khóa 2/2011 - Kế Toán', '42', '08/02/2012', 'tx', ' Đào tạo từ xa', '17'),
	('AG', 'AG11191', 'AG115', ' An Giang - Khóa 2/2011 - Tài Chính Ngân Hàng', '42', '08/02/2012', 'tx', ' Đào tạo từ xa', '17'),
	('AG', 'AG11231', 'AG118', ' An Giang - Khóa  2012 - Kinh Tế Luật', '', '', 'tx', ' Đào tạo từ xa', '0'),
	('AG', 'AG11241', 'AG116', ' An Giang - Khóa  2012 - Quản trị kinh doanh', '', '', 'tx', ' Đào tạo từ xa', '0'),
	('AG', 'AG11281', 'AG117', ' An Giang - Khóa  2012 - Kế Toán', '', '', 'tx', ' Đào tạo từ xa', '0'),
	('AG', 'AG113212', 'AG120', ' An Giang - Khóa  2014 - Xây dựng', '', '', 'tx', ' Đào tạo từ xa', '0'),
	('AG', 'AG113312', 'AG121', ' An Giang - Khóa  2014 - Kinh Tế Luật', '', '', 'tx', ' Đào tạo từ xa', '0'),
	('AG', 'AG11341', 'AG119', ' An Giang - Khóa  2013 - Quản trị kinh doanh', '', '', 'tx', ' Đào tạo từ xa', '0'),
	('AG', 'AG113812', 'AG122', ' An Giang - Khóa  2014 - Kế Toán', '', '', 'tx', ' Đào tạo từ xa', '0'),
	('AG', 'AG11541', 'AG124', ' An Giang - Khóa  2015 - ĐTTX - Quản trị kinh doanh', '', '', 'tx', ' Đào tạo từ xa', '0'),
	('AG', 'AG11581', 'AG123', ' An Giang - Khóa  2015 - ĐTTX - Kế Toán', '', '', 'tx', ' Đào tạo từ xa', '0'),
	('AG', 'AG318412', 'AG305', ' An Giang - Hệ VLVH - Khóa 2019 - Quản Trị Kinh Doanh', '300A', '08/04/2019', 'vl', ' Vừa làm vừa học', '22'),
	('BA', 'BA119323', 'BA101', ' Bình Chánh - ĐTTX - Khóa 2020 - Luật Kinh Tế', '1624', '08/09/2020', 'tx', ' Đào tạo từ xa', '20'),
	('BB', '_TRANOTXBB', 'BB001', ' Trường BD GD H.Bình Chánh', '', '', 'tx', ' Đào tạo từ xa', '22'),
	('BB', 'BB220702', 'BB201', ' Trường BDGD H.Bình Chánh - Khóa 2021 - VB2 Ngôn Ngữ Anh', '395', '05/11/2021', 'tx', ' Đào tạo từ xa', '22'),
	('BC', 'BC11532', 'BC101', ' Trần Đại Nghĩa - ĐTTX - Khóa 2015 - Luật Kinh Tế', '', '', 'tx', ' Đào tạo từ xa', '0'),
	('BC', 'BC11566', 'BC102', ' Trần Đại Nghĩa - ĐTTX - Khóa 2015 - XHH-TC&QLNS', '', '', 'tx', ' Đào tạo từ xa', '0'),
	('BD', '_TRANOTXBD', 'BD001', ' Lớp có môn học tổ chức thi trả nợ hình thức Đào tạo từ xa', '', '', 'tx', ' Đào tạo từ xa', '24'),
	('BD', '_TRANOVLBD', 'BD001', ' Lớp có môn học tỏ chức thi trả nợ hình thức vừa làm vừa học', '', '', 'vl', ' Vừa làm vừa học', '24'),
	('BD', 'BD110322', 'BD104', ' Bình Định - Khóa  2011 - Luật Kinh Tế', '', '', 'tx', ' Đào tạo từ xa', '0'),
	('BD', 'BD112322', 'BD111', ' Bình Định - Khóa  2013 - Luật Kinh Tế', '', '', 'tx', ' Đào tạo từ xa', '0'),
	('BD', 'BD11241', 'BD108', ' Bình Định - Khóa 2012 - Quản Trị Kinh Doanh', '', '', 'tx', ' Đào tạo từ xa', '0'),
	('BD', 'BD11262', 'BD110', ' Bình Định - Khóa 2012 - Công Tác Xã Hội', '', '', 'tx', ' Đào tạo từ xa', '0'),
	('BD', 'BD11281', 'BD109', ' Bình Định - Khóa 2012 - Kế Toán', '', '', 'tx', ' Đào tạo từ xa', '0'),
	('BD', 'BD113323H', 'BD112', ' Hoài Nhơn - Bình Định - Khóa  2014 - Luật Kinh Tế', '', '', 'tx', ' Đào tạo từ xa', '0'),
	('BD', 'BD113412', 'BD115', ' Bình Định - Khóa 2014 - Quản Trị Kinh Doanh', '', '', 'tx', ' Đào tạo từ xa', '0'),
	('BD', 'BD113812', 'BD114', ' Bình Định - Khóa 2014 - Kế Toán', '', '', 'tx', ' Đào tạo từ xa', '0'),
	('BD', 'BD113912', 'BD113', ' Bình Định - Khóa 2014 - Tài Chính Ngân Hàng', '', '', 'tx', ' Đào tạo từ xa', '0'),
	('BD', 'BD116412', 'BD116', ' Bình Định - Khóa 2017 - Quản Trị Kinh Doanh', '1189', '05/09/2017', 'tx', ' Đào tạo từ xa', '0'),
	('BD', 'BD116812', 'BD117', ' Bình Định - Khóa 2017 - Kế Toán', '1189', '05/09/2017', 'tx', ' Đào tạo từ xa', '0'),
	('BD', 'BD216812', 'BD202', ' Bình Định - Khóa 2017 - VB.2 - ĐTTX - Kế Toán', '1189', '05/09/2017', 'tx', ' Đào tạo từ xa', '0'),
	('BD', 'BD319813', 'BD301', ' Bình Định - Khóa 2020 - VB1 - VLVH - Kế Toán', '349', '02/10/2020', 'vl', ' Vừa làm vừa học', '24'),
	('BD', 'BD419813', 'BD401', ' Bình Định - Khóa 2020 - VB2 - VLVH - Kế Toán', '349', '02/10/2020', 'vl', ' Vừa làm vừa học', '24'),
	('BD', 'BD516812', 'BD502', ' Bình Định - Khóa 2017 - Liên thông ĐH - ĐTTX - Kế Toán', '1189', '05/09/2017', 'tx', ' Đào tạo từ xa', '24'),
	('BD', 'BD919813', 'BD901', ' Bình Định - Khóa 2020 - Liên thông ĐH - VLVH - Kế Toán', '349', '02/10/2020', 'vl', ' Vừa làm vừa học', '24'),
	('BD', 'BD9T19813', 'BD9T01', ' Bình Định - Khóa 2020 - Liên thông TC  - VLVH - Kế Toán', '349', '02/10/2020', 'vl', ' Vừa làm vừa học', '24'),
	('BE', '_TRANOVLBE', 'BE003', ' Nhà Bè: tổ chức thi trả nợ hình thức VLVH', '', '', 'vl', ' Vừa làm vừa học', '0'),
	('BE', 'BE314322', 'BE301', ' Nhà Bè - TPHCM - Hệ VLVH - Khóa 2015 - Luật Kinh Tế', '', '', 'vl', ' Vừa làm vừa học', '0'),
	('BE', 'BE317343', 'BE302', ' Nhà Bè - TPHCM - Hệ VLVH - Khóa 2018 - Luật học', '', '', 'vl', ' Vừa làm vừa học', '0'),
	('BH', '_TRANOTXBH', 'BH001', ' Lớp có môn học tổ chức thi trả nợ hình thức Đào tạo từ xa', '', '', 'tx', ' Đào tạo từ xa', '27'),
	('BH', 'BH111322', 'BH106', ' Biên Hòa - Khóa 2012 - Luật Kinh Tế', '', '', 'tx', ' Đào tạo từ xa', '0'),
	('BH', 'BH111412', 'BH105', ' Biên Hòa - Khóa 2012 - Quản Trị Kinh Doanh', '', '', 'tx', ' Đào tạo từ xa', '0'),
	('BH', 'BH11332', 'BH108', ' Biên Hòa - Khóa 2013 - Luật Kinh Tế', '', '', 'tx', ' Đào tạo từ xa', '0'),
	('BH', 'BH11341', 'BH107', ' Biên Hòa - Khóa 2013 - Quản Trị Kinh Doanh', '', '', 'tx', ' Đào tạo từ xa', '0'),
	('BH', 'BH11432', 'BH109', ' Biên Hòa - Khóa 2014 - Luật Kinh Tế', '', '', 'tx', ' Đào tạo từ xa', '0'),
	('BH', 'BH11441', 'BH110', ' Biên Hòa - Khóa 2014 - Quản Trị Kinh Doanh', '', '', 'tx', ' Đào tạo từ xa', '0'),
	('BH', 'BH11532', 'BH112', ' Biên Hòa - Khóa 2015 - Luật Kinh Tế', '', '', 'tx', ' Đào tạo từ xa', '0'),
	('BH', 'BH11541', 'BH111', ' Biên Hòa - Khóa 2015 - Quản Trị Kinh Doanh', '', '', 'tx', ' Đào tạo từ xa', '0'),
	('BH', 'BH11632', 'BH113', ' Biên Hòa - Khóa 2017 - VB1 - Luật Kinh Tế', '', '', 'tx', ' Đào tạo từ xa', '0'),
	('BH', 'BH116413', 'BH115', ' Biên Hòa - Khóa 2017 - VB1 - Quản Trị Kinh Doanh', '', '', 'tx', ' Đào tạo từ xa', '0'),
	('BH', 'BH11681', 'BH114', ' Biên Hòa - Khóa 2017 - VB1 - Kế Toán', '', '', 'tx', ' Đào tạo từ xa', '0'),
	('BH', 'BH117342', 'BH116', ' Biên Hòa - Khóa 2018 - VB1 - Luật', '1269', '20/07/2018', 'tx', ' Đào tạo từ xa', '27'),
	('BH', 'BH118343', 'BH118', ' Biên Hòa - Khóa 2019 - VB1 - Luật', '309', '12/04/2019', 'tx', ' Đào tạo từ xa', '27'),
	('BH', 'BH118412', 'BH117', ' Biên Hòa - Khóa 2019 - VB1 - Quản Trị Kinh Doanh', '309', '12/04/2019', 'tx', ' Đào tạo từ xa', '27'),
	('BH', 'BH119343', 'BH119', ' Biên Hòa - Khóa 2020 - VB1 - Luật', '462', '08/12/2020', 'tx', ' Đào tạo từ xa', '27'),
	('BH', 'BH120342', 'BH120', ' Biên Hòa - Khóa 2021 - VB1 - Luật', '336', '18/09/2021', 'tx', ' Đào tạo từ xa', '27'),
	('BH', 'BH120412', 'BH121', ' Biên Hòa - Khóa 2021 - VB1 - QTKD', '336', '18/09/2021', 'tx', ' Đào tạo từ xa', '27'),
	('BH', 'BH121342', 'BH121', ' Biên Hòa - Khóa 2022 VB1 - Luật', '92', '14/03/2022', 'tx', ' Đào tạo từ xa', '27'),
	('BH', 'BH122341', 'BH122', ' Biên Hòa - Khóa 2/2022 VB1 - Luật', '92', '14/03/2022', 'tx', ' Đào tạo từ xa', '27'),
	('BH', 'BH21632', 'BH201', ' Biên Hòa - Khóa 2017 - VB2 - Luật Kinh Tế', '', '', 'tx', ' Đào tạo từ xa', '0'),
	('BH', 'BH219343', 'BH202', ' Biên Hòa - Khóa 2020 - VB2 - Luật', '462', '08/12/2020', 'tx', ' Đào tạo từ xa', '27'),
	('BH', 'BH220342', 'BH203', ' Biên Hòa - Khóa 2021 - VB2 - Luật', '336', '18/09/2021', 'tx', ' Đào tạo từ xa', '27'),
	('BH', 'BH221342', 'BH204', ' Biên Hòa - Khóa 2022 - VB2 - Luật', '92', '14/03/2022', 'tx', ' Đào tạo từ xa', '27'),
	('BH', 'BH222341', 'BH215', ' Biên Hòa - Khóa2/ 2022 VB2 - Luật', '92', '14/03/2022', 'tx', ' Đào tạo từ xa', '27'),
	('BI', 'BI119322', 'BI101', ' BCHQS Bình Tân - Khóa 2020 - VB1 - Luật Kinh Tế', '272', '27/02/2020', 'tx', ' Đào tạo từ xa', '20'),
	('BI', 'BI2207011', 'BI201', ' BCHQS Bình Tân - Khóa 2020 - VB2 - Ngôn Ngữ Anh', '272', '27/02/2020', 'tx', ' Đào tạo từ xa', '20'),
	('BL', 'BL110412', 'BL112', ' Bạc Liêu - Khóa 2011 - Quản Trị Kinh Doanh', '', '', 'tx', ' Đào tạo từ xa', '0'),
	('BL', 'BL110612', 'BL113', ' Bạc Liêu - Khóa 2011 - Xã Hội Học', '', '', 'tx', ' Đào tạo từ xa', '0'),
	('BL', 'BL110812', 'BL114', ' Bạc Liêu - Khóa 2011 - Kế Toán', '', '', 'tx', ' Đào tạo từ xa', '0'),
	('BP', 'BP116343', 'BP103', ' Bình Phước - Khóa 2017 - Luật', '1531', '21/12/2017', 'tx', ' Đào tạo từ xa', '24'),
	('BP', 'BP117342', 'BP104', ' Bình Phước - Khóa 2018 - Luật', '1270', '20/07/2018', 'tx', ' Đào tạo từ xa', '19'),
	('BR', '_TRANOTXBR', 'BR001', ' Lớp có môn học tổ chức thi trả nợ hình thức Đào tạo từ xa', '', '', 'tx', ' Đào tạo từ xa', '28'),
	('BR', 'BR119223', 'BR101', ' Công Đoàn BR Vũng Tàu - Khóa 2020 - XD CN Cấp Thoát nước', '329', '02/10/2020', 'tx', ' Đào tạo từ xa', '28'),
	('BR', 'BR120341', 'BR102', ' Công Đoàn BR Vũng Tàu - Khóa 2021 - luật', '59', '04/03/2021', 'tx', ' Đào tạo từ xa', '28'),
	('BR', 'BR121342', 'BR103', ' ĐTTX LUẬT VB1 K 2022 CĐ BÀ RỊA VŨNG TÀU', '215', '25/05/2022', 'tx', ' Đào tạo từ xa', '28'),
	('BR', 'BR122343', 'BR104', ' ĐTTX LUẬT  K 2023 TT GDNN  BÀ RỊA VŨNG TÀU', '319', '12/07/2023', 'tx', ' Đào tạo từ xa', '28'),
	('BR', 'BR221342', 'BR201', ' ĐTTX LUẬT VB2 K 2022 CĐ BÀ RỊA VŨNG TÀU', '215', '25/05/2022', 'tx', ' Đào tạo từ xa', '28'),
	('BR', 'BR222343', 'BR202', ' ĐTTX LUẬT VB2 K 2023 TT GDNN  BÀ RỊA VŨNG TÀU', '319', '12/07/2023', 'tx', ' Đào tạo từ xa', '28'),
	('BT', '_TRANOVLBT', 'BT003', ' Lớp có môn học tổ chức thi trả nợ hình thức Vừa làm vừa học', '', '', 'vl', ' Vừa làm vừa học', '19'),
	('BT', 'BT31021', 'BT303', ' Bến Tre - Hệ VLVH - Khóa 2010 - Xây dựng', '22/10/1900', '06/01/2012', 'vl', ' Vừa làm vừa học', '22'),
	('BT', 'BT31441', 'BT308', ' Bến Tre - Hệ VLVH - Khóa 2014 - Quản Trị Kinh Doanh', '9', '20/01/2015', 'vl', ' Vừa làm vừa học', '19'),
	('BT', 'BT31621', 'BT311', ' Bến Tre - Hệ VLVH - Khóa 2016 - Xây Dựng', '950', '20/06/2016', 'vl', ' Vừa làm vừa học', '30'),
	('BT', 'BT31661', 'BT310', ' Bến Tre - Hệ VLVH - Khóa 2016 - Xã Hội Học', '950', '20/06/2016', 'vl', ' Vừa làm vừa học', '30'),
	('BT', 'BT31681', 'BT309', ' Bến Tre - Hệ VLVH - Khóa 2016 - Kế Toán', '950', '20/06/2016', 'vl', ' Vừa làm vừa học', '30'),
	('BT', 'BT317342', 'BT313', ' Bến Tre - Hệ VLVH - Khóa 2018 - Luật', '983', '14/06/2018', 'vl', ' Vừa làm vừa học', '30'),
	('BT', 'BT31741', 'BT312', ' Bến Tre - Hệ VLVH - Khóa 2017 - Quản Trị Kinh Doanh', '372', '06/02/2018', 'vl', ' Vừa làm vừa học', '30'),
	('BT', 'BT319211', 'BT315', ' Bến Tre - Hệ VLVH - Khóa 2020 - Xây Dựng DD&CN', '202', '07/07/2020', 'vl', ' Vừa làm vừa học', '30'),
	('BT', 'BT319341', 'BT316', ' Bến Tre - Hệ VLVH - Khóa 2020 - Luật', '202', '07/07/2020', 'vl', ' Vừa làm vừa học', '30'),
	('BT', 'BT319411', 'BT314', ' Bến Tre - Hệ VLVH - Khóa 2019 - Quản Trị Kinh Doanh', '201', '07/07/2020', 'vl', ' Vừa làm vừa học', '30'),
	('BT', 'BT320341', 'BT317', ' Bến Tre - Hệ VLVH - Khóa 2/2020 - Luật', '202', '07/07/2020', 'vl', ' Vừa làm vừa học', '30'),
	('BT', 'BT321411', 'BT318', ' Bến Tre - Hệ VLVH - Khóa 2022 - Quản Trị Kinh Doanh', '506', '30/11/2022', 'vl', ' Vừa làm vừa học', '30'),
	('BT', 'BT321813', 'BT319', ' VLVH - KẾ TOÁN - BẾN TRE - K 2022', '506', '30/11/2022', 'vl', ' Vừa làm vừa học', '30'),
	('BT', 'BT322213', 'BT320', ' Bến Tre - Hệ VLVH - Khóa 2023 - Xây Dựng CN CTXD DD CN', '316', '12/07/2023', 'vl', ' Vừa làm vừa học', '20'),
	('BV', 'BV314322', 'BV301', ' Gò Vấp - TPHCM - Hệ VLVH - Khóa 2015 - Luật Kinh Tế', '', '', 'vl', ' Vừa làm vừa học', '0'),
	('C3', 'C3222703', 'C3201', ' TT CT Quận 3 - Khóa 2023 - VB2 - Ngôn Ngữ Anh', '', '', 'tx', ' Đào tạo từ xa', '0'),
	('C4', '_TRANOTXC4', 'C4001', ' Lớp có môn học tổ chức thi trả nợ hình thức Đào tạo từ xa', '', '', 'tx', ' Đào tạo từ xa', '22'),
	('C4', 'C4221702', 'C4201', ' TT CT Quận 4 - Khóa 2022 - VB2 - Ngôn Ngữ Anh', '263', '30/06/2022', 'tx', ' Đào tạo từ xa', '22'),
	('C4', 'C4222701', 'C4202', ' TT CT Quận 4 - Khóa 2023 - VB2 - Ngôn Ngữ Anh', '146', '17/04/2023', 'tx', ' Đào tạo từ xa', '25'),
	('CA', '_TRANOVLCA', 'CA003', ' Lớp có môn học tổ chức thi trả nợ hình thức Vừa làm vừa học', '', '', 'vl', ' Vừa làm vừa học', '25'),
	('CA', 'CA921813', 'CA901', ' LTCĐ - VLVH - KẾ TOÁN  CĐ LONG AN K 2022', '505', '30/11/2022', 'vl', ' Vừa làm vừa học', '25'),
	('CA', 'CA9T21813', 'CA9T01', ' LTTC - VLVH - KẾ TOÁN  CĐ LONG AN K 2022', '505', '30/11/2022', 'vl', ' Vừa làm vừa học', '25'),
	('CC', '_TRANOTXCC', 'CC001', ' Củ Chi: tổ chức thi trả nợ hình thức ĐTTX', '', '', 'tx', ' Đào tạo từ xa', '19'),
	('CC', 'CC111312', 'CC102', ' Củ Chi - Khóa 2012 - Kinh Tế Luật', '', '', 'tx', ' Đào tạo từ xa', ''),
	('CC', 'CC11331', 'CC103', ' Củ Chi - Khóa 2013 - Kinh Tế Luật', '', '', 'tx', ' Đào tạo từ xa', '0'),
	('CC', 'CC11431', 'CC104', ' Củ Chi - Khóa 2014 - Kinh Tế Luật', '1300', '31/12/2014', 'tx', ' Đào tạo từ xa', '19'),
	('CC', 'CC115312', 'CC105', ' Củ Chi - Khóa 2016 - Kinh Tế Luật', '1918', '30/12/2016', 'tx', ' Đào tạo từ xa', '19'),
	('CC', 'CC117311', 'CC106', ' Củ Chi - Khóa 2018 - Kinh Tế Luật', '987', '14/06/2018', 'tx', ' Đào tạo từ xa', '19'),
	('CC', 'CC118313', 'CC107', ' Củ Chi - Khóa 2019 - Kinh Tế Luật', '509', '26/09/2019', 'tx', ' Đào tạo từ xa', '19'),
	('CC', 'CC120312', 'CC108', ' Củ Chi - Khóa 2021 - Kinh Tế Luật', '525', '12/12/2022', 'tx', ' Đào tạo từ xa', '19'),
	('CC', 'CC122321', 'CC109', ' Củ Chi - Khóa 2022 - Luật Kinh Tế', '525', '12/12/2022', 'tx', ' Đào tạo từ xa', '19'),
	('CC', 'CC222321', 'CC209', ' Củ Chi - Khóa 2022 - VB2 Luật Kinh Tế', '525', '12/12/2022', 'tx', ' Đào tạo từ xa', '19'),
	('CC', 'CC222701', 'CC201', ' Củ Chi - Khóa 2022 - VB2 Ngôn Ngữ Anh', '525', '12/12/2022', 'tx', ' Đào tạo từ xa', '19'),
	('CL', '_TRANOTXCL', 'CL001', ' Lớp có môn học tổ chức thi trả nợ hình thức Đào tạo từ xa', '', '', 'tx', ' Đào tạo từ xa', '30'),
	('CL', '_TRANOVLCL', 'CL003', ' Lớp có môn học tổ chức thi trả nợ hình thức Vừa làm vừa học', '', '', 'vl', ' Vừa làm vừa học', '30'),
	('CL', 'CL110212', 'CL106', ' CĐCĐ Đồng Tháp - Khóa 2011 (Lớp A) - Xây Dựng', '', '', 'tx', ' Đào tạo từ xa', '0'),
	('CL', 'CL110213', 'CL107', ' CĐCĐ Đồng Tháp - Khóa 2/2011 (Lớp B) - Xây Dựng', '', '', 'tx', ' Đào tạo từ xa', '0'),
	('CL', 'CL110412', 'CL110', ' CĐCĐ Đồng Tháp - Khóa 2011 - Quản Trị Kinh Doanh', '', '', 'tx', ' Đào tạo từ xa', '0'),
	('CL', 'CL111312', 'CL113', ' CĐCĐ Đồng Tháp - Khóa 2012 - Kinh tế luật', '88', '08/04/2013', 'tx', ' Đào tạo từ xa', '0'),
	('CL', 'CL11181', 'CL112', ' CĐCĐ Đồng Tháp - Khóa 2011 - Kế Toán', '', '', 'tx', ' Đào tạo từ xa', '0'),
	('CL', 'CL11421', 'CL115', ' CĐCĐ Đồng Tháp - Khóa 2014 - Xây Dựng Dân Dụng', '', '', 'tx', ' Đào tạo từ xa', '0'),
	('CL', 'CL11422', 'CL114', ' CĐCĐ Đồng Tháp - Khóa 2014 - Cấp Thoát Nước', '', '', 'tx', ' Đào tạo từ xa', '0'),
	('CL', 'CL316413', 'CL302', ' CĐCĐ Đồng Tháp - Hệ VLVH - Khóa 2017 - Quản Trị Kinh Doanh', '683', '08/05/2017', 'vl', ' Vừa làm vừa học', '30'),
	('CL', 'CL418702', 'CL402', ' CĐCĐ Đồng Tháp - VB2 VLVH - Khóa 2019- NGÔN NGữ ANH', '353A', '03/06/2019', 'vl', ' Vừa làm vừa học', '30'),
	('CL', 'CL421703', 'CL403', ' CĐCĐ Đồng Tháp - VB2 VLVH - Khóa 2022 - NGÔN NGữ ANH', '292', '22/07/2022', 'vl', ' Vừa làm vừa học', '30'),
	('CM', '_TRANOTXCM', 'CM001', ' Lớp có môn học tổ chức thi trả nợ hình thức Đào tạo từ xa', '', '', 'tx', ' Đào tạo từ xa', '20'),
	('CM', '_TRANOTXCP', 'CP001', ' Lớp có môn học tổ chức thi trả nợ hình thức Đào tạo từ xa', '', '', 'tx', ' Đào tạo từ xa', '20'),
	('CM', '_TRANOVLCM', 'CM003', ' Lớp có môn học tổ chức thi trả nợ hình thức Vừa làm vừa học', '', '', 'vl', ' Vừa làm vừa học', '20'),
	('CM', 'CM110212', 'CM109', ' Cà Mau - Khóa 2011 - Xây Dựng', '39', '08/02/2012', 'tx', ' Đào tạo từ xa', '20'),
	('CM', 'CM110912', 'CM113', ' Cà Mau - Khóa 2011 - Tài Chính Ngân Hàng', '39', '08/02/2012', 'tx', ' Đào tạo từ xa', '20'),
	('CM', 'CM11131', 'CM114', ' Cà Mau - K 2011 - Kinh Tế Luật', '39', '08/02/2012', 'tx', ' Đào tạo từ xa', '20'),
	('CM', 'CM11141', 'CM115', ' Cà Mau - K.2/2011 - Quản Trị Kinh Doanh', '39', '08/02/2012', 'tx', ' Đào tạo từ xa', '20'),
	('CM', 'CM11181', 'CM116', ' Cà Mau - K.2/2011 - Kế Toán', '39', '08/02/2012', 'tx', ' Đào tạo từ xa', '20'),
	('CM', 'CM11231', 'CM118', ' Cà Mau - Khóa 2012 - Kinh Tế Luật', '', '', 'tx', ' Đào tạo từ xa', '0'),
	('CM', 'CM11241', 'CM117', ' Cà Mau - Khóa 2012 - Quản Trị Kinh Doanh', '', '', 'tx', ' Đào tạo từ xa', '0'),
	('CM', 'CM11281', 'CM119', ' Cà Mau - Khóa 2012 - Kế Toán', '', '', 'tx', ' Đào tạo từ xa', '0'),
	('CM', 'CM11291', 'CM120', ' Cà Mau - Khóa 2012 - Tài Chính Ngân Hàng', '', '', 'tx', ' Đào tạo từ xa', '0'),
	('CM', 'CM11321', 'CM121', ' Cà Mau - Khóa 2013 - Xây Dựng', '', '', 'tx', ' Đào tạo từ xa', '0'),
	('CM', 'CM11332', 'CM123', ' Cà Mau - Khóa 2013 - Luật Kinh Tế', '', '', 'tx', ' Đào tạo từ xa', '0'),
	('CM', 'CM11332P', 'CM122', ' Cà Mau (H. Phú Tân - Cà Mau) Khóa 2013 - Luật Kinh Tế', '', '', 'tx', ' Đào tạo từ xa', '0'),
	('CM', 'CM11341', 'CM125', ' Cà Mau - Khóa 2013 - Quản Trị Kinh Doanh', '', '', 'tx', ' Đào tạo từ xa', '0'),
	('CM', 'CM11381', 'CM124', ' Cà Mau - Khóa 2013 - Kế Toán', '', '', 'tx', ' Đào tạo từ xa', '0'),
	('CM', 'CM11414', 'CM126', ' Cà Mau - ĐTTX - Khóa 2014 - Khoa Học Máy Tính', '', '', 'tx', ' Đào tạo từ xa', '0'),
	('CM', 'CM114812', 'CM127', ' Cà Mau - ĐTTX - Khóa 2015 - Kế Toán', '', '', 'tx', ' Đào tạo từ xa', '0'),
	('CM', 'CM11532', 'CM129', ' Cà Mau - ĐTTX - Khóa 2015 - Luật Kinh Tế', '', '', 'tx', ' Đào tạo từ xa', '0'),
	('CM', 'CM11541', 'CM128', ' Cà Mau - ĐTTX - Khóa 2015 - Quản Trị Kinh Doanh', '', '', 'tx', ' Đào tạo từ xa', '0'),
	('CM', 'CM120212', 'CM130', ' Cà Mau - ĐTTX - Khóa 2021 - XD DD & CN', '367', '27/10/2021', 'tx', ' Đào tạo từ xa', '27'),
	('CM', 'CM220212', 'CM203', ' Cà Mau - ĐTTX VB2 -  K 2021 - XD DD & CN', '367', '27/10/2021', 'tx', ' Đào tạo từ xa', '27'),
	('CM', 'CM320811', 'CM307', ' Cà Mau - Hệ VLVH VB1- K 2020 - Kế Toán', '598', '31/12/2020', 'vl', ' Vừa làm vừa học', '27'),
	('CM', 'CM321812', 'CM308', ' Cà Mau - Hệ VLVH VB1- K 2022 - Kế Toán', '194', '12/05/2022', 'vl', ' Vừa làm vừa học', '27'),
	('CM', 'CM920811', 'CM901', ' Cà Mau - Hệ VLVH LTCĐ - K 2020 - Kế Toán', '598', '31/12/2020', 'vl', ' Vừa làm vừa học', '27'),
	('CM', 'CM9T21812', 'CM9T01', ' Cà Mau - Hệ VLVH LTTC - K 2022 - Kế Toán', '194', '12/05/2022', 'vl', ' Vừa làm vừa học', '27'),
	('CN', '_TRANOTXCN', 'CN001', ' Lớp có môn học tổ chức thi trả nợ hình thức Đào tạo từ xa', '', '', 'tx', ' Đào tạo từ xa', '17'),
	('CN', 'CN11331', 'CN102', ' Thốt Nốt - Khóa 9/2013 - Kinh Tế Luật', '', '', 'tx', ' Đào tạo từ xa', ''),
	('CN', 'CN11731', 'CN103', ' Thốt Nốt - Khóa 2017 - Kinh Tế Luật', '904', '05/06/2018', 'tx', ' Đào tạo từ xa', '17'),
	('CN', 'CN119313', 'CN104', ' Thốt Nốt - Khóa 2020 - Kinh Tế Luật', '345', '02/10/2020', 'tx', ' Đào tạo từ xa', '19'),
	('CT', 'CT108212', 'CT102', ' Cần Thơ - Khóa 2009 - Xây Dựng', '', '', 'tx', ' Đào tạo từ xa', '0'),
	('CT', 'CT11021', 'CT106', ' Cần Thơ - Khóa 2010 - Xây Dựng', '', '', 'tx', ' Đào tạo từ xa', '0'),
	('CT', 'CT11121', 'CT110', ' Cần Thơ - Khóa 2011 - Xây Dựng', '36', '03/02/2012', 'tx', ' Đào tạo từ xa', '0'),
	('CT', 'CT111412', 'CT111', ' Cần Thơ - Khóa 2012 - Quản Trị Kinh Doanh', '89', '08/04/2013', 'tx', ' Đào tạo từ xa', '17'),
	('CT', 'CT11221', 'CT112', ' Cần Thơ - Khóa 9/2012 - Xây Dựng', '89', '08/04/2013', 'tx', ' Đào tạo từ xa', '17'),
	('CT', 'CT11421', 'CT113', ' Cần Thơ - Khóa 9/2014 - Xây Dựng', '1319', '31/12/2014', 'tx', ' Đào tạo từ xa', '24'),
	('CT', 'CT31441', 'CT316', ' Cần Thơ - Hệ VLVH - Khóa 2014 - Quản Trị Kinh Doanh', '1319', '31/12/2014', 'vl', ' Vừa làm vừa học', '24'),
	('DA', 'DA11132', 'DA103', ' Dĩ An - Khóa 2011 - Luật Kinh Tế', '', '', 'tx', ' Đào tạo từ xa', '0'),
	('DA', 'DA11232', 'DA105', ' Dĩ An - Khóa 2012 - Luật Kinh Tế', '', '', 'tx', ' Đào tạo từ xa', '0'),
	('DA', 'DA11241', 'DA104', ' Dĩ An - Khóa 2012 - Quản trị kinh doanh', '', '', 'tx', ' Đào tạo từ xa', '0'),
	('DA', 'DA11332', 'DA106', ' Dĩ An - Khóa 2013 - Luật Kinh Tế', '', '', 'tx', ' Đào tạo từ xa', '0'),
	('DA', 'DA11441', 'DA107', ' Dĩ An - Khóa 2014 - Quản Trị Kinh Doanh', '', '', 'tx', ' Đào tạo từ xa', '0'),
	('DA', 'DA11632', 'DA108', ' Dĩ An - Khóa 2016 - Luật Kinh Tế', '', '', 'tx', ' Đào tạo từ xa', '0'),
	('DA', 'DA21632', 'DA201', ' Dĩ An - Khóa 2016 - VB.2 - Luật Kinh Tế', '', '', 'tx', ' Đào tạo từ xa', '0'),
	('DG', 'DG314322D', 'DG305', ' Đắk Nông/Tuy Đức - VLVH - Khóa 2015 - Luật Kinh Tế', '1569', '31/12/2015', 'vl', ' Vừa làm vừa học', '32'),
	('DG', 'DG31532', 'DG306', ' Đắk Nông/G.Nghĩa - VLVH - Khóa 2015 - Luật Kinh Tế', '1569', '31/12/2015', 'vl', ' Vừa làm vừa học', '27'),
	('DG', 'DG416322', 'DG402', ' Đắk Nông - VLVH (VB.2) - Khóa 2017 - Luật Kinh Tế', '371', '06/02/2018', 'vl', ' Vừa làm vừa học', '27'),
	('DH', '_TRANOVLDH', 'DH003', ' Lớp có môn học tổ chức thi trả nợ hình thức Vừa làm vừa học', '', '', 'vl', ' Vừa làm vừa học', '25'),
	('DH', 'DH316323', 'DH302', ' Đức Hòa - Hệ VLVH - Khóa 2017- Luật Kinh Tế', '831', '31/07/2017', 'vl', ' Vừa làm vừa học', '25'),
	('DH', 'DH319342', 'DH303', ' Đức Hòa - Hệ VLVH - Khóa 2020- Luật', '197', '06/07/2020', 'vl', ' Vừa làm vừa học', '25'),
	('DH', 'DH320341', 'DH304', ' Đức Hòa - Hệ VLVH - Khóa 2/2020- Luật', '197', '06/07/2020', 'vl', ' Vừa làm vừa học', '25'),
	('DH', 'DH321342', 'DH305', ' Đức Hòa - Hệ VLVH VB1 - Khóa 2022 - Luật', '195', '12/05/2022', 'vl', ' Vừa làm vừa học', '25'),
	('DH', 'DH322342', 'DH306', ' Đức Hòa - Hệ VLVH - Luật VB1 - Khóa 2023 ', '161', '18/04/2023', 'vl', ' Vừa làm vừa học', '30'),
	('DH', 'DH421342', 'DH401', ' Đức Hòa - Hệ VLVH VB2 - Khóa 2022 - Luật', '195', '12/05/2022', 'vl', ' Vừa làm vừa học', '25'),
	('DH', 'DH422342', 'DH402', ' Đức Hòa - Hệ VLVH LUẬT  VB2 - Khóa 2023', '161', '18/04/2023', 'vl', ' Vừa làm vừa học', '30'),
	('GD', '_TRANOTXGD', 'GD001', ' Gia Định: tổ chức thi trả nợ hình thức ĐTTX', '', '', 'tx', ' Đào tạo từ xa', '22'),
	('GD', '_TRANOTXHQ', 'HQ001', ' Lớp có môn học tổ chức thi trả nợ hình thức Đào tạo từ xa', '', '', 'tx', ' Đào tạo từ xa', '22'),
	('GD', 'GD11032', 'GD101', ' Gia Định - Khóa 2010 - Luật Kinh Tế', '', '', 'tx', ' Đào tạo từ xa', '0'),
	('GD', 'GD111322', 'GD102', ' Gia Định - Khóa 2012 - Luật Kinh Tế', '', '', 'tx', ' Đào tạo từ xa', '0'),
	('GD', 'GD11332', 'GD103', ' Gia Định - Khóa 2013 - Luật Kinh Tế', '', '', 'tx', ' Đào tạo từ xa', '0'),
	('GD', 'GD11432', 'GD104', ' Gia Định - Khóa 2014 - Luật Kinh Tế', '1289', '25/12/2014', 'tx', ' Đào tạo từ xa', '22'),
	('GD', 'GD11462', 'GD105', ' Gia Định - Khóa 2014 - Công tác xã hội - Bù Gia Mập', '1289', '25/12/2014', 'tx', ' Đào tạo từ xa', '22'),
	('GD', 'GD115322', 'GD106', ' Gia Định - Khóa 2016 - Luật Kinh Tế', '533', '21/04/2016', 'tx', ' Đào tạo từ xa', '22'),
	('GD', 'GD115622', 'GD107', ' Gia Định - Khóa 2016 - Công tác xã hội', '533', '21/04/2016', 'tx', ' Đào tạo từ xa', '22'),
	('GD', 'GD116622', 'GD108', ' Gia Định - Khóa 2017 - Công tác xã hội - Bù Gia Mập', '736', '13/06/2017', 'tx', ' Đào tạo từ xa', '22'),
	('GD', 'GD117622', 'GD109', ' Gia Định - Khóa 2018 - Công tác xã hội - Hớn Quản', '1143', '29/06/2018', 'tx', ' Đào tạo từ xa', '22'),
	('GD', 'GD118622', 'GD110', ' Gia Định - Khóa 2019 - Công tác xã hội - Bù Gia Mập', '295', '29/03/2019', 'tx', ' Đào tạo từ xa', '22'),
	('GD', 'GD118623', 'GD111', ' Gia Định - Khóa 2019 - Công tác xã hội - Bến Cát', '295', '29/03/2019', 'tx', ' Đào tạo từ xa', '22'),
	('GI', 'GL11634I', 'GL105', ' Ia Grai/Gia Lai - ĐTTX - Khóa 2016 - Luật', '', '', 'tx', ' Đào tạo từ xa', '0'),
	('GK', 'GL122343K', 'GL113', ' K  Rông Pa / Gia Lai - Khóa 2023 - ĐTTX - VB1 - Luật', '', '', 'tx', ' Đào tạo từ xa', '32'),
	('GK', 'GL222343K', 'GL201', ' K  Rông Pa / Gia Lai - Khóa 2023 - ĐTTX - VB2 - Luật', '', '', 'tx', ' Đào tạo từ xa', '32'),
	('GL', '_TRANOTXGI', 'GI001', ' Lớp có môn học tổ chức thi trả nợ hình thức Đào tạo từ xa', '', '', 'tx', ' Đào tạo từ xa', '32'),
	('GL', '_TRANOTXGL', 'GL001', ' Lớp có môn học tổ chức thi trả nợ hình thức Đào tạo từ xa', '', '', 'tx', ' Đào tạo từ xa', '32'),
	('GL', '_TRANOVLGL', 'GL003', ' Lớp có môn học tổ chức thi trả nợ hình thức Vừa làm vừa học', '', '', 'vl', ' Vừa làm vừa học', '32'),
	('GL', 'GL317343', 'GL301', ' Gia Lai - Khóa 1/2018 - Luật', '1305', '03/08/2018', 'vl', ' Vừa làm vừa học', '32'),
	('GL', 'GL318341', 'GL302', ' Gia Lai - Khóa 2/2018 - Luật', '1305', '03/08/2018', 'vl', ' Vừa làm vừa học', '32'),
	('GL', 'GL318343', 'GL303', ' Gia Lai - Khóa 1/2019 - Luật', '442', '26/07/2019', 'vl', ' Vừa làm vừa học', '32'),
	('GL', 'GL3183432', 'GL304', ' Gia Lai - Khóa 2/2019 - Luật', '442', '26/07/2019', 'vl', ' Vừa làm vừa học', '32'),
	('GL', 'GL319341', 'GL305', ' Gia Lai - Khóa 3/2019 - Luật', '442', '26/07/2019', 'vl', ' Vừa làm vừa học', '32'),
	('GM', '_TRANOTXGM', 'GM001', ' MANG YANG GIA LAI : tổ chức thi trả nợ hình thức ĐTTX', '', '', 'tx', ' Đào tạo từ xa', '32'),
	('GM', 'GL119343M', 'GL110', ' Mang Yang/ Gia Lai - Khóa 2020 - ĐTTX - VB1 - Luật', '', '', 'tx', ' Đào tạo từ xa', '32'),
	('GO', '_TRANOTXGO', 'GO001', ' Lớp có môn học tổ chức thi trả nợ hình thức Đào tạo từ xa', '', '', 'tx', ' Đào tạo từ xa', '32'),
	('GO', 'GL118343O', 'GL109', ' Đak Pơ/ Gia Lai - Khóa 2019 - ĐTTX - VB1 - Luật', '442', '26/07/2019', 'tx', ' Đào tạo từ xa', '32'),
	('GP', '_TRANOTXGP', 'GP001', ' Lớp có môn học tổ chức thi trả nợ hình thức Đào tạo từ xa', '', '', 'tx', ' Đào tạo từ xa', '32'),
	('GP', 'GL116342P', 'GL107', ' Chư Păh / Gia Lai - Khóa 2017 - ĐTTX - VB1 - Luật', '', '', 'tx', ' Đào tạo từ xa', '32'),
	('GP', 'GL119343P', 'GL111', ' Chư Păh / Gia Lai - Khóa 2020 - ĐTTX - VB1 - Luật', '', '', 'tx', ' Đào tạo từ xa', '32'),
	('GS', '_TRANOTXGS', 'GS001', ' Lớp có môn học tổ chức thi trả nợ hình thức Đào tạo từ xa', '', '', 'tx', ' Đào tạo từ xa', '32'),
	('GS', 'GL116342S', 'GL106', ' Chư Sê / Gia Lai - Khóa 2017 - ĐTTX - VB1 - Luật', '', '', 'tx', ' Đào tạo từ xa', '32'),
	('GS', 'GL120343S', 'GL112', ' Chư Sê / Gia Lai - Khóa 2021- ĐTTX - VB1 - Luật', '', '', 'tx', ' Đào tạo từ xa', '32'),
	('GU', 'GL117341U', 'GL108', ' Chư Pư / Gia Lai - Khóa 2018 - ĐTTX - VB1 - Luật', '1305', '03/08/2018', 'tx', ' Đào tạo từ xa', '32'),
	('HG', '_TRANOVLHG', 'HG003', ' Lớp có môn học tổ chức thi trả nợ hình thức Vừa làm vừa học', '', '', 'vl', ' Vừa làm vừa học', '29'),
	('HG', 'HG114212', 'HG101', ' Hậu Giang - ĐTTX - Khóa 2015 - Xây Dựng', '', '', 'tx', ' Đào tạo từ xa', '0'),
	('HG', 'HG319322', 'HG309', ' TX Hậu Giang (Ch.Thành) - Hệ VLVH-Khóa 2020-Luật Kinh Tế', '203', '07/07/2020', 'vl', ' Vừa làm vừa học', '29'),
	('HM', '_TRANOTXHM', 'HM003', ' Hóc Môn: tổ chức thi trả nợ hình thức ĐTTX', '', '', 'tx', ' Đào tạo từ xa', '0'),
	('HM', 'HM11332', 'HM102', ' Hóc Môn - Khóa 2013- Luật Kinh Tế', '', '', 'tx', ' Đào tạo từ xa', '0'),
	('HM', 'HM316342', 'HM301', ' Hóc Môn - Hệ VLVH - Khóa 2017 - Luật học', '', '', 'vl', ' Vừa làm vừa học', '0'),
	('HV', '_TRANOTXHV', 'HV001', ' HV Chính trị khu vực 2: tổ chức thi trả nợ hình thức ĐTTX', '', '', 'tx', ' Đào tạo từ xa', '25'),
	('HV', 'HV218701', 'HV201', ' Học viện chính trị khu vực 2 - Khóa 2019 - VB2 Ngôn Ngữ Anh', '334', '15/02/2019', 'tx', ' Đào tạo từ xa', '25'),
	('HV', 'HV219702', 'HV202', ' Học viện chính trị khu vực 2 - Khóa 2020 - VB2 Ngôn Ngữ Anh', '138', '17/07/2020', 'tx', ' Đào tạo từ xa', '25'),
	('HV', 'HV220702', 'HV203', ' Học viện chính trị khu vực 2 - Khóa 2021 - VB2 Ngôn Ngữ Anh', '371', '27/10/2021', 'tx', ' Đào tạo từ xa', '25'),
	('KG', 'KG111412', 'KG105', ' Kiên Giang - Khóa 2012 - Quản trị kinh doanh', '', '', 'tx', ' Đào tạo từ xa', '0'),
	('KG', 'KG11321', 'KG108', ' Kiên Giang - Khóa 2013 - Xây Dựng', '', '', 'tx', ' Đào tạo từ xa', '0'),
	('KG', 'KG11341', 'KG106', ' Kiên Giang - Khóa 2013 - Quản Trị Kinh Doanh', '', '', 'tx', ' Đào tạo từ xa', '0'),
	('KG', 'KG11381', 'KG107', ' Kiên Giang - Khóa 2013 - Kế Toán', '', '', 'tx', ' Đào tạo từ xa', ''),
	('KG', 'KG116412', 'KG109', ' Kiên Giang - Khóa 2017 - Quản Trị Kinh Doanh', '735', '13/06/2017', 'tx', ' Đào tạo từ xa', '27'),
	('KG', 'KG31432', 'KG308', ' Kiên Giang - VLVH - Khóa 2014 - Luật kinh tế', '1303', '31/12/2014', 'vl', ' Vừa làm vừa học', '25'),
	('KH', '_TRANOTXKH', 'KH001', ' Lớp có môn học tổ chức thi trả nợ hình thức Đào tạo từ xa', '', '', 'tx', ' Đào tạo từ xa', '22'),
	('KH', 'KH110212', 'KH104', ' Khánh Hòa - Khóa 2011 - Xây Dựng', '', '', 'tx', ' Đào tạo từ xa', '0'),
	('KH', 'KH110312', 'KH106', ' Khánh Hòa - Khóa 2011 - Kinh Tế Luật', '', '', 'tx', ' Đào tạo từ xa', '0'),
	('KH', 'KH110412', 'KH109', ' Khánh Hòa - Khóa 2011 - Quản Trị Kinh Doanh', '', '', 'tx', ' Đào tạo từ xa', '0'),
	('KH', 'KH111212', 'KH112', ' Khánh Hòa - Khóa 2012 - Xây Dựng', '', '', 'tx', ' Đào tạo từ xa', '0'),
	('KH', 'KH111322', 'KH111', ' Khánh Hòa - Khóa 2012 - Luật Kinh Tế', '', '', 'tx', ' Đào tạo từ xa', '0'),
	('KH', 'KH111412', 'KH110', ' Khánh Hòa - Khóa 2012 - Quản Trị Kinh Doanh', '', '', 'tx', ' Đào tạo từ xa', '0'),
	('KH', 'KH112322', 'KH113', ' Khánh Hòa - Khóa 2013 - Luật Kinh Tế', '', '', 'tx', ' Đào tạo từ xa', '0'),
	('KH', 'KH112412', 'KH114', ' Khánh Hòa - Khóa 2013 - Quản Trị Kinh Doanh', '', '', 'tx', ' Đào tạo từ xa', '0'),
	('KH', 'KH11321', 'KH115', ' Khánh Hòa - Khóa 2013 -  Xây Dựng', '', '', 'tx', ' Đào tạo từ xa', '0'),
	('KH', 'KH11332', 'KH117', ' Khánh Hòa - Khóa 2/2013 - Luật Kinh Tế', '', '', 'tx', ' Đào tạo từ xa', '0'),
	('KH', 'KH113322', 'KH120', ' Khánh Hòa - Khóa 2014 - Luật Kinh Tế', '', '', 'tx', ' Đào tạo từ xa', '0'),
	('KH', 'KH11341', 'KH116', ' Khánh Hòa - Khóa 2/2013 - Quản Trị Kinh Doanh', '', '', 'tx', ' Đào tạo từ xa', '0'),
	('KH', 'KH113412', 'KH119', ' Khánh Hòa - Khóa 2014 - Quản Trị Kinh Doanh', '', '', 'tx', ' Đào tạo từ xa', '0'),
	('KH', 'KH11362', 'KH118', ' Khánh Hòa - Khóa 2014 -  Công Tác Xã Hội', '', '', 'tx', ' Đào tạo từ xa', '0'),
	('KH', 'KH11421', 'KH121', ' Khánh Hòa - Khóa 2/2014 -  Xây Dựng', '', '', 'tx', ' Đào tạo từ xa', '0'),
	('KH', 'KH114212', 'KH124', ' Khánh Hòa - Khóa 2015 -  Xây Dựng', '', '', 'tx', ' Đào tạo từ xa', '0'),
	('KH', 'KH114322', 'KH123', ' Khánh Hòa - Khóa 2015 - Luật Kinh Tế', '', '', 'tx', ' Đào tạo từ xa', '0'),
	('KH', 'KH114412', 'KH122', ' Khánh Hòa - Khóa 2015 - Quản Trị Kinh Doanh', '', '', 'tx', ' Đào tạo từ xa', '0'),
	('KH', 'KH114622', 'KH125', ' Khánh Hòa - Khóa 2015 -  Công Tác Xã Hội', '', '', 'tx', ' Đào tạo từ xa', '0'),
	('KH', 'KH11621', 'KH129', ' Khánh Hòa - Khóa 2016 - Xây Dựng', '', '', 'tx', ' Đào tạo từ xa', '0'),
	('KH', 'KH11632', 'KH127', ' Khánh Hòa - Khóa 2016 - Luật Kinh Tế', '', '', 'tx', ' Đào tạo từ xa', '0'),
	('KH', 'KH116322', 'KH131', ' Khánh Hòa - Khóa 2017 - Luật Kinh Tế', '759', '26/06/2017', 'tx', ' Đào tạo từ xa', '22'),
	('KH', 'KH11641', 'KH126', ' Khánh Hòa - Khóa 2016 - Quản Trị Kinh Doanh', '', '', 'tx', ' Đào tạo từ xa', '0'),
	('KH', 'KH116412', 'KH130', ' Khánh Hòa - Khóa 2017 - Quản Trị Kinh Doanh', '759', '26/06/2017', 'tx', ' Đào tạo từ xa', '22'),
	('KH', 'KH11662', 'KH128', ' Khánh Hòa - Khóa 2016 - Công Tác Xã Hội', '', '', 'tx', ' Đào tạo từ xa', '22'),
	('KH', 'KH117413', 'KH132', ' Khánh Hòa - Khóa 2018 - Quản Trị Kinh Doanh', '2027', '28/12/2018', 'tx', ' Đào tạo từ xa', '22'),
	('KH', 'KH118213', 'KH134', ' Khánh Hòa - Khóa 2019 - Xây dựng  DD & CN', '311', '12/04/2019', 'tx', ' Đào tạo từ xa', '22'),
	('KH', 'KH118322', 'KH133', ' Khánh Hòa - Khóa 2019 - Luật Kinh Tế', '311', '12/04/2019', 'tx', ' Đào tạo từ xa', '22'),
	('KH', 'KH119411', 'KH135', ' Khánh Hòa - Khóa 2019 - QTKD', '311', '12/04/2019', 'tx', ' Đào tạo từ xa', '22'),
	('KH', 'KH119622', 'KH136', ' Khánh Hòa - Khóa 2020 - CTXH', '140', '15/06/2020', 'tx', ' Đào tạo từ xa', '22'),
	('KH', 'KH120213', 'KH138', ' Khánh Hòa - Khóa 2021 - Xây dựng  DD & CN', '290', '15/07/2021', 'tx', ' Đào tạo từ xa', '22'),
	('KH', 'KH120411', 'KH137', ' Khánh Hòa - Khóa 2020 - QTKD', '140', '15/06/2020', 'tx', ' Đào tạo từ xa', '22'),
	('KH', 'KH121412', 'KH139', ' Khánh Hòa - Khóa 2022 - QTKD', '196', '12/05/2022', 'tx', ' Đào tạo từ xa', '22'),
	('KH', 'KH219622', 'KH201', ' Khánh Hòa - Khóa 2020 - VB2 CTXH', '140', '15/06/2020', 'tx', ' Đào tạo từ xa', '22'),
	('KH', 'KH220213', 'KH202', ' Khánh Hòa - Khóa 2021 - VB2 Xây dựng  DD & CN', '290', '15/07/2021', 'tx', ' Đào tạo từ xa', '22'),
	('KH', 'KH519622', 'KH501', ' Khánh Hòa - Khóa 2020 - Liên thông CTXH', '140', '15/06/2020', 'tx', ' Đào tạo từ xa', '22'),
	('KH', 'KH520213', 'KH502', ' Khánh Hòa - Khóa 2021 - Liên thông Xây dựng  DD & CN', '290', '15/07/2021', 'tx', ' Đào tạo từ xa', '22'),
	('LA', 'LA11041', 'LA109', ' Long An - Khóa 2010 - Quản Trị Kinh Doanh', '', '', 'tx', ' Đào tạo từ xa', '0'),
	('LA', 'LA11131', 'LA111', ' Long An - Khóa 2011 - Kinh tế Luật', '', '', 'tx', ' Đào tạo từ xa', '0'),
	('LA', 'LA11132G', 'LA114', ' Long An (Cần Giuộc) - Khóa 2011 - Luật Kinh tế', '', '', 'tx', ' Đào tạo từ xa', '0'),
	('LA', 'LA11141', 'LA112', ' Long An - Khóa 2011 - Quản Trị Kinh Doanh', '', '', 'tx', ' Đào tạo từ xa', '0'),
	('LA', 'LA11181', 'LA113', ' Long An - Khóa 2011 - Kế Toán', '', '', 'tx', ' Đào tạo từ xa', '0'),
	('LA', 'LA11231', 'LA115', ' Long An - Khóa 2012 - Kinh tế Luật', '', '', 'tx', ' Đào tạo từ xa', '0'),
	('LA', 'LA11241', 'LA116', ' Long An - Khóa 2012 - Quản Trị Kinh Doanh', '', '', 'tx', ' Đào tạo từ xa', '0'),
	('LA', 'LA11281', 'LA117', ' Long An - Khóa 2012 - Kế Toán', '', '', 'tx', ' Đào tạo từ xa', '0'),
	('LA', 'LA11331', 'LA119', ' Long An - Khóa 2013 - Kinh tế Luật', '', '', 'tx', ' Đào tạo từ xa', '0'),
	('LA', 'LA11331M', 'LA118', ' Mộc Hoá /Long An - Khóa 2013 - Kinh tế Luật', '', '', 'tx', ' Đào tạo từ xa', '0'),
	('LA', 'LA11432', 'LA123', ' Long An - Khóa 2014 - Luật Kinh Tế', '', '', 'tx', ' Đào tạo từ xa', '0'),
	('LA', 'LA11432K', 'LA120', ' Kiến Tường/Long An - Khóa 2014 - Luật Kinh Tế', '', '', 'tx', ' Đào tạo từ xa', '0'),
	('LA', 'LA11466K', 'LA121', ' Kiến Tường/Long An - Khóa 2014 - Xã Hội Học Cn.TC & QLNS', '', '', 'tx', ' Đào tạo từ xa', '0'),
	('LA', 'LA11481', 'LA122', ' Long An - Khóa 2014 (Lớp A)-  Kế Toán', '', '', 'tx', ' Đào tạo từ xa', '0'),
	('LA', 'LA11531', 'LA125', ' Long An - ĐTTX - Khóa 2015 - Kinh Tế Luật', '', '', 'tx', ' Đào tạo từ xa', '0'),
	('LA', 'LA11541', 'LA124', ' Long An - ĐTTX - Khóa 2015 - Quản Trị Kinh Doanh', '', '', 'tx', ' Đào tạo từ xa', '0'),
	('LA', 'LA116343', 'LA128', ' Long An - ĐTTX - Khóa 2017 - Luật', '2092', '', 'tx', ' Đào tạo từ xa', '22'),
	('LA', 'LA11666', 'LA127', ' Long An - ĐTTX - Khóa 2016 - XHH cn Tổ Chức & Q.Lý Nhân Sự', '', '', 'tx', ' Đào tạo từ xa', '0'),
	('LB', 'LB113322', 'LB101', ' Long Bình - Khóa 2014 - Luật Kinh Tế', '', '', 'tx', ' Đào tạo từ xa', '0'),
	('LC', '_TRANOVLLC', 'LC003', ' Lớp có môn học tổ chức thi trả nợ hình thức Vừa làm vừa học', '', '', 'vl', ' Vừa làm vừa học', '25'),
	('LC', 'LC420703', 'LC401', ' CĐ LONG AN - CS cần giuộc VLVH K 2021', '372', '27/10/2021', 'vl', ' Vừa làm vừa học', '25'),
	('LD', '_TRANOVLLD', 'LD003', ' Lớp có môn học tổ chức thi trả nợ hình thức Vừa làm vừa học', '', '', 'vl', ' Vừa làm vừa học', '19'),
	('LD', 'LD11241', 'LD105', ' Lâm Đồng - Khóa 2012 - Quản trị kinh doanh', '', '', 'tx', ' Đào tạo từ xa', '0'),
	('LD', 'LD314322', 'LD305', ' Lâm Đồng - Hệ VLVH - Khóa 2015 - Luật Kinh Tế', '884', '29/06/2015', 'vl', ' Vừa làm vừa học', '19'),
	('LD', 'LD31532', 'LD306', ' Lâm Đồng - Hệ VLVH - Khóa 2/2015 - Luật Kinh Tế', '884', '29/06/2015', 'vl', ' Vừa làm vừa học', '24'),
	('LD', 'LD316323', 'LD307', ' Lâm Đồng - Hệ VLVH - Khóa 2017- Luật Kinh Tế', '1485', '08/12/2017', 'vl', ' Vừa làm vừa học', '24'),
	('LG', 'TH11634L', 'TH124', ' Lagi / Bình Thuận - Khóa 2017 - ĐTTX - VB1 - Luật', '', '', 'tx', ' Đào tạo từ xa', '0'),
	('LH', 'LA11662H', 'LA126', ' Đức Hòa - ĐTTX - Khóa 2016 - Công Tác Xã Hội', '', '', 'tx', ' Đào tạo từ xa', '0'),
	('LT', '_TRANOVLLT', 'LT003', ' Lớp có môn học tổ chức thi trả nợ hình thức Vừa làm vừa học', '', '', 'vl', ' Vừa làm vừa học', '0'),
	('MD', 'CM21632D', 'CM202B', ' Cà Mau (H. Đầm Dơi) - Khóa 2016 - VB.2 - Luật KT', '', '', 'tx', ' Đào tạo từ xa', '0'),
	('MR', '_TRANOTXMR', 'MR001', ' Lớp có môn học tổ chức thi trả nợ hình thức Đào tạo từ xa', '', '', 'tx', ' Đào tạo từ xa', '0'),
	('NB', '_TRANOTXNB', 'NB001', ' Các môn thi trả nợ ( HTĐTTX)', '', '', 'tx', ' Đào tạo từ xa', '17'),
	('NB', 'NB118623', 'NB101', ' Ninh Bình - Khóa 2019 - Công tác xã hội', '611', '21/05/2021', 'tx', ' Đào tạo từ xa', '17'),
	('NB', 'NB122623', 'NB102', ' Ninh Bình - Khóa 2023 - Công tác xã hội', '611', '21/05/2021', 'tx', ' Đào tạo từ xa', ''),
	('NB', 'NB222623', 'NB201', ' Ninh Bình - Khóa 2023 - Công tác xã hội VB2', '611', '21/05/2021', 'tx', ' Đào tạo từ xa', ''),
	('NB', 'TRANOTXNB', 'NB001', ' các môn thi trả nợ ( HTĐTTX)', '', '', 'tx', ' Đào tạo từ xa', '0'),
	('NH', '_TRANOTXNH', 'NH001', ' Lớp có môn học tổ chức thi trả nợ hình thức Đào tạo từ xa', '', '', 'tx', ' Đào tạo từ xa', '0'),
	('NH', 'NH11031', 'NH105', ' Ninh Hòa - Khóa 2011 - Kinh tế luật', '', '', 'tx', ' Đào tạo từ xa', '0'),
	('NH', 'NH11081', 'NH106', ' Ninh Hòa - Khóa 2011 - Kế Toán', '', '', 'tx', ' Đào tạo từ xa', '0'),
	('NH', 'NH111322', 'NH107', ' Ninh Hòa - Khóa 2012 - Luật Kinh Tế', '', '', 'tx', ' Đào tạo từ xa', '0'),
	('NH', 'NH111622', 'NH108', ' Ninh Hòa - Khóa 2012 - Công tác xã hội', '', '', 'tx', ' Đào tạo từ xa', '0'),
	('NH', 'NH112322', 'NH110', ' Ninh Hòa - Khóa 2013 - Luật Kinh Tế', '', '', 'tx', ' Đào tạo từ xa', '0'),
	('NH', 'NH11281', 'NH109', ' Ninh Hòa - Khóa 9/2012 - Kế Toán', '', '', 'tx', ' Đào tạo từ xa', '0'),
	('NH', 'NH11362', 'NH111', ' Ninh Hòa - Khóa 2013 - Công Tác Xã Hội', '', '', 'tx', ' Đào tạo từ xa', '0'),
	('NH', 'NH11381', 'NH112', ' Ninh Hòa - Khóa 9/2013 - Kế Toán', '', '', 'tx', ' Đào tạo từ xa', '0'),
	('NH', 'NH11432', 'NH113', ' Ninh Hòa - Khóa 2014 - Luật Kinh Tế', '', '', 'tx', ' Đào tạo từ xa', '0'),
	('NH', 'NH11481', 'NH114', ' Ninh Hòa - Khóa 2014 - Kế Toán', '', '', 'tx', ' Đào tạo từ xa', '0'),
	('NH', 'NH115342', 'NH115', ' Ninh Hòa - Khóa 2016 - Luật', '', '', 'tx', ' Đào tạo từ xa', '0'),
	('NH', 'NH116342', 'NH116', ' Ninh Hòa - Khóa 2017 - Luật', '', '', 'tx', ' Đào tạo từ xa', '0'),
	('NH', 'NH117343', 'NH117', ' Ninh Hòa - Khóa 2018 - Luật', '', '', 'tx', ' Đào tạo từ xa', '0'),
	('NH', 'NH118343', 'NH118', ' Ninh Hòa - Khóa 2019 - Luật', '', '', 'tx', ' Đào tạo từ xa', '0'),
	('NH', 'NH119342', 'NH119', ' Ninh Hòa - Khóa 2020 - Luật', '', '', 'tx', ' Đào tạo từ xa', '0'),
	('NH', 'NH119343', 'NH120', ' Ninh Hòa - Khóa 2/2020 - Luật', '', '', 'tx', ' Đào tạo từ xa', '0'),
	('NH', 'NH120343', 'NH121', ' Ninh Hòa - Khóa 2021 - Luật', '', '', 'tx', ' Đào tạo từ xa', '0'),
	('NH', 'NH121343', 'NH122', ' Ninh Hòa - Khóa 2022- Luật', '', '', 'tx', ' Đào tạo từ xa', '0'),
	('NT', '_TRANOTXNT', 'NT001', ' Lớp có môn học tổ chức thi trả nợ hình thức Đào tạo từ xa', '', '', 'tx', ' Đào tạo từ xa', '22'),
	('NT', '_TRANOVLNT', 'NT003', ' Lớp có môn học tổ chức thi trả nợ hình thức Vừa làm vừa học', '', '', 'vl', ' Vừa làm vừa học', '22'),
	('NT', 'NT121213', 'NT101', ' ĐTTX-VB1 CNKT CT XD CN DD&CN NINH THUẬN K2022', '382', '13/09/2022', 'tx', ' Đào tạo từ xa', '22'),
	('NT', 'NT221213', 'NT201', ' ĐTTX-VB2 CNKT CT XD CN DD&CN NINH THUẬN K2022', '382', '13/09/2022', 'tx', ' Đào tạo từ xa', '22'),
	('NT', 'NT316343', 'NT301', ' Ninh Thuận - VLVH - Khóa 2017 - Luật', '1486', '08/12/2017', 'vl', ' Vừa làm vừa học', '22'),
	('NT', 'NT320341', 'NT302', ' Ninh Thuận - VLVH - Khóa 2020 - Luật', '1486', '08/12/2017', 'vl', ' Vừa làm vừa học', '22'),
	('NT', 'NT423701A', 'NT401', ' Ninh Thuận - VLVH VB2 - Khóa 2023 - NGÔN NGỮ ANH', '121', '14/04/2023', 'vl', ' Vừa làm vừa học', '22'),
	('NT', 'NT423701B', 'NT402', ' Ninh Thuận - VLVH VB2 - Khóa 2023 - NGÔN NGỮ ANH', '121', '14/04/2023', 'vl', ' Vừa làm vừa học', '22'),
	('NT', 'NT521213', 'NT501', ' ĐTTX- LTCĐ CNKT CT XD CN DD&CN NINH THUẬN K2022', '', '', 'tx', ' Đào tạo từ xa', '0'),
	('NU', 'NU31462', 'NU305', ' Trường CBPN - Hệ VLVH - Khóa 2014 - Công Tác Xã Hội', '', '', 'vl', ' Vừa làm vừa học', '0'),
	('NU', 'NU314622', 'NU306', ' Trường CBPN - Hệ VLVH - Khóa 2015 - Công Tác Xã Hội', '', '', 'vl', ' Vừa làm vừa học', '0'),
	('NX', '_TRANOTXNX', 'NX001', ' Nhị Xuân-TNXP: tổ chức thi trả nợ hình thức ĐTTX', '', '', 'tx', ' Đào tạo từ xa', '22'),
	('NX', 'NX111322', 'NX101', ' Nhị Xuân /TNXP - Khóa 2012 - Luật Kinh Tế', '', '', 'tx', ' Đào tạo từ xa', '0'),
	('NX', 'NX113322', 'NX102', ' Nhị Xuân /TNXP - Khóa 2014 - Luật Kinh Tế', '771', '11/08/2014', 'tx', ' Đào tạo từ xa', '22'),
	('NX', 'NX11532', 'NX103', ' Nhị Xuân /TNXP - Khóa 2015 - Luật Kinh Tế', '1033', '28/09/2015', 'tx', ' Đào tạo từ xa', '22'),
	('NX', 'NX117322', 'NX104', ' Nhị Xuân /TNXP - Khóa 2018 - Luật Kinh Tế', '988', '14/06/2018', 'tx', ' Đào tạo từ xa', '22'),
	('NX', 'NX119323', 'NX105', ' Nhị Xuân /TNXP - Khóa 2020 - Luật Kinh Tế', '330', '02/10/2020', 'tx', ' Đào tạo từ xa', '25'),
	('NX', 'NX221702', 'NX201', ' Nhị Xuân /TNXP -VB2- Khóa 2022 - Ngôn Ngữ  Anh', '261', '30/06/2022', 'tx', ' Đào tạo từ xa', '25'),
	('OM', '_TRANOTXOM', 'CM001', ' Lớp có môn học tổ chức thi trả nợ hình thức Đào tạo từ xa', '', '', 'tx', ' Đào tạo từ xa', '0'),
	('OM', 'OM11332', 'OM101', ' Ô Môn/Cần Thơ - Khóa 2013 - Luật Kinh Tế', '', '', 'tx', ' Đào tạo từ xa', '0'),
	('PG', 'PG314322', 'PG301', ' Cần Giờ - TPHCM - Hệ VLVH - Khóa 2015 - Luật Kinh Tế', '', '', 'vl', ' Vừa làm vừa học', '0'),
	('PL', 'PL11231', 'PL102', ' Phước Long/Bình Phước - K 2012 - Kinh tế Luật', '', '', 'tx', ' Đào tạo từ xa', '0'),
	('PN', 'PN117321', 'PN101', ' Phú Nhuận/HCM - Khóa 2018- Luật Kinh Tế', '548', '26/03/2018', 'tx', ' Đào tạo từ xa', '24'),
	('PN', 'PN217321', 'PN201', ' Phú Nhuận/HCM - Khóa 2018- VB2 Luật Kinh Tế', '548', '26/03/2018', 'tx', ' Đào tạo từ xa', '24'),
	('PQ', 'PQ112322', 'PQ102', ' Phú Quốc (Kiên Giang) - Khóa 2013 - Luật Kinh Tế', '', '', 'tx', ' Đào tạo từ xa', '0'),
	('PQ', 'PQ11532', 'PQ103', ' Phú Quốc (Kiên Giang) - Khóa 2015 - Luật Kinh Tế', '', '', 'tx', ' Đào tạo từ xa', '0'),
	('PQ', 'PQ118321', 'PQ104', ' Phú Quốc (Kiên Giang) - Khóa 2018 - Luật Kinh Tế', '', '', 'tx', ' Đào tạo từ xa', '32'),
	('PQ', 'PQ119322', 'PQ105', ' Phú Quốc (Kiên Giang) - Khóa 2020 - Luật Kinh Tế', '', '', 'tx', ' Đào tạo từ xa', '32'),
	('PQ', 'PQ121321', 'PQ106', ' Phú Quốc (Kiên Giang) - Khóa 2021 - Luật Kinh Tế', '', '', 'tx', ' Đào tạo từ xa', '32'),
	('PQ', 'PQ122322', 'PQ107', ' Phú Quốc (Kiên Giang) - Khóa 2023 - Luật Kinh Tế', '', '', 'tx', ' Đào tạo từ xa', '32'),
	('PQ', 'PQ221321', 'PQ201', ' Phú Quốc (Kiên Giang) - Khóa 2021 - VB2 Luật Kinh Tế', '', '', 'tx', ' Đào tạo từ xa', '32'),
	('PQ', 'PQ222322', 'PQ202', ' Phú Quốc (Kiên Giang) - Khóa 2023 - Luật Kinh Tế VB2', '', '', 'tx', ' Đào tạo từ xa', '32'),
	('PT', 'PT111322', 'PT101', ' Tân Phú (TP.HCM) - Khóa 2012 - Luật Kinh Tế', '', '', 'tx', ' Đào tạo từ xa', '0'),
	('PY', '_TRANOVLPY', 'PY003', ' Lớp có môn học tổ chức thi trả nợ hình thức Vừa làm vừa học', '', '', 'vl', ' Vừa làm vừa học', '22'),
	('PY', 'PY11121', 'PY102', ' Phú Yên - Khóa 2011 - Xây Dựng', '', '', 'tx', ' Đào tạo từ xa', '0'),
	('PY', 'PY11131', 'PY103', ' Phú Yên - Khóa 2011 - Kinh Tế Luật', '', '', 'tx', ' Đào tạo từ xa', '0'),
	('PY', 'PY111313', 'PY109', ' Phú Yên - Khóa 7/2012 (HK11.3) - Kinh Tế Luật', '', '', 'tx', ' Đào tạo từ xa', '0'),
	('PY', 'PY11141', 'PY104', ' Phú Yên - Khóa 2011 - Quản trị kinh doanh', '', '', 'tx', ' Đào tạo từ xa', '0'),
	('PY', 'PY11162', 'PY106', ' Phú Yên - Khóa 2011 - (Lớp A) - Công tác xã hội', '', '', 'tx', ' Đào tạo từ xa', '0'),
	('PY', 'PY111623', 'PY108', ' Phú Yên - Khóa 7/2012 (HK11.3) - Công tác xã hội', '', '', 'tx', ' Đào tạo từ xa', '0'),
	('PY', 'PY11162B', 'PY107', ' Phú Yên - Khóa 2011 - (Lớp B) - Công tác xã hội', '', '', 'tx', ' Đào tạo từ xa', '0'),
	('PY', 'PY11181', 'PY105', ' Phú Yên - Khóa 2011 - Kế Toán', '', '', 'tx', ' Đào tạo từ xa', '0'),
	('PY', 'PY113212', 'PY113', ' Phú Yên - Khóa 2014 - Xây Dựng', '', '', 'tx', ' Đào tạo từ xa', '0'),
	('PY', 'PY11331', 'PY110', ' Phú Yên - Khóa 2013 - Kinh Tế Luật', '', '', 'tx', ' Đào tạo từ xa', '0'),
	('PY', 'PY11341', 'PY111', ' Phú Yên - Khóa 2013 - Quản Trị Kinh Doanh', '', '', 'tx', ' Đào tạo từ xa', '0'),
	('PY', 'PY11381', 'PY112', ' Phú Yên - Khóa 2013 - Kế Toán', '', '', 'tx', ' Đào tạo từ xa', '0'),
	('PY', 'PY11541', 'PY114', ' Phú Yên - Khóa 2015 - Quản Trị Kinh Doanh', '1093', '09/10/2015', 'tx', ' Đào tạo từ xa', '0'),
	('PY', 'PY314622', 'PY301', ' Phú Yên - VLVH - Khóa 2015 - Công Tác Xã Hội', '1093', '09/10/2015', 'vl', ' Vừa làm vừa học', '22'),
	('PY', 'PY317623', 'PY302', ' Phú Yên - VLVH - Khóa 2018 - Công Tác Xã Hội', '1735', '15/11/2018', 'vl', ' Vừa làm vừa học', '22'),
	('Q1', 'Q1115322', 'Q1101', ' Quận 1 - ĐTTX - Khóa 2016 - Luật Kinh Tế', '363', '01/03/2016', 'tx', ' Đào tạo từ xa', '22'),
	('Q1', 'Q131432', 'Q1301', ' Quận 1 - VLVH - Khóa 2014 - Luật Kinh Tế', '', '', 'vl', ' Vừa làm vừa học', ''),
	('Q2', '_TRANOTXQ2', 'Q2001', ' Quận 2: tổ chức thi trả nợ hình thức ĐTTX', '', '', 'tx', ' Đào tạo từ xa', '19'),
	('Q2', 'Q2110412', 'Q2103', ' Quận 2 - Khóa 2011 - Quản trị kinh doanh', '', '', 'tx', ' Đào tạo từ xa', '0'),
	('Q2', 'Q2111312', 'Q2104', ' Quận 2 - Khóa 2012 - Kinh Tế Luật', '', '', 'tx', ' Đào tạo từ xa', '0'),
	('Q2', 'Q2112812', 'Q2105', ' Quận 2 - Khóa 2012 - Kế Toán', '', '', 'tx', ' Đào tạo từ xa', '0'),
	('Q2', 'Q2113312', 'Q2107', ' Quận 2 - Khóa 2014 - Kinh Tế Luật', '452', '19/06/2014', 'tx', ' Đào tạo từ xa', '19'),
	('Q2', 'Q211332', 'Q2106', ' Quận 2 - Khóa 2013 - Luật Kinh Tế', '', '', 'tx', ' Đào tạo từ xa', '19'),
	('Q2', 'Q211532', 'Q2108', ' Quận 2 - Khóa 2015 - Luật Kinh Tế', '1453', '19/11/2015', 'tx', ' Đào tạo từ xa', '19'),
	('Q2', 'Q2116322', 'Q2109', ' Quận 2 - Khóa 2017 - Luật Kinh Tế', '734', '13/06/2017', 'tx', ' Đào tạo từ xa', '19'),
	('Q2', 'Q2118323', 'Q2110', ' Quận 2 - Khóa 2019 - Luật Kinh Tế', '481', '28/08/2019', 'tx', ' Đào tạo từ xa', '19'),
	('Q4', '_TRANOTXQ4', 'Q4001', ' BCH QS Quận 4: tổ chức thi trả nợ hình thức ĐTTX', '', '', 'tx', ' Đào tạo từ xa', '20'),
	('Q4', '_TRANOTXQS', 'QS001', ' BCH QS TPHCM: tổ chức thi trả nợ hình thức ĐTTX', '', '', 'tx', ' Đào tạo từ xa', '20'),
	('Q4', 'Q4119321', 'Q4101', ' Quận 4 - Khóa 2019 - Luật Kinh Tế', '1962', '22/11/2019', 'tx', ' Đào tạo từ xa', '20'),
	('Q4', 'Q4122233', 'Q4102', ' BCH QS Quận 4 - Khóa 2023 - QUẢN LÝ XÂY DỰNG', '1526', '12/07/2023', 'tx', ' Đào tạo từ xa', '20'),
	('Q4', 'Q42207011', 'Q4201', ' Quận 4 - Khóa 2020 - VB2 - Ngôn Ngữ Anh', '', '', 'tx', ' Đào tạo từ xa', '25'),
	('Q4', 'Q4222233', 'Q4202', ' BCH QS Quận 4 - Khóa 2023  -VB2  QUẢN LÝ XÂY DỰNG', '1526', '12/07/2023', 'tx', ' Đào tạo từ xa', '20'),
	('Q5', 'Q5314322', 'Q5301', ' Quận 5 - Hệ VLVH - Khóa 2015 - Luật Kinh Tế', '', '', 'vl', ' Vừa làm vừa học', '0'),
	('Q5', 'Q531532', 'Q5302', ' Quận 5 - Hệ VLVH - Khóa 2-2015 - Luật Kinh Tế', '', '', 'vl', ' Vừa làm vừa học', '0'),
	('Q6', 'Q6219703', 'Q6201', ' Quận 6 - Khóa 2020 - VB2 - Ngôn Ngữ Anh', '245', '31/08/2020', 'tx', ' Đào tạo từ xa', '28'),
	('Q8', 'Q8113322', 'Q8102', ' Quận 8 - TP.HCM- Khóa 2014 - Luật Kinh Tế', '772', '11/08/2014', 'tx', ' Đào tạo từ xa', '19'),
	('QG', 'QG1203221', 'QG101', ' BCH QS Gò Vấp - ĐTTX - Khóa 2021 - Luật Kinh Tế', '969', '03/06/2023', 'tx', ' Đào tạo từ xa', '20'),
	('QG', 'QG2203421', 'QG201', ' BCH QS Gò Vấp - ĐTTX - Khóa 2021 - VB2 - Luật', '969', '03/06/2023', 'tx', ' Đào tạo từ xa', '20'),
	('QH', 'QH119323', 'QH101', ' BCH QS Hóc môn - ĐTTX - Khóa 2020 - Luật Kinh Tế', '1612a', '04/09/2020', 'tx', ' Đào tạo từ xa', '20'),
	('QH', 'QH122343', 'QH102', ' BCH QS Hóc môn - ĐTTX - Khóa 2023 - Luật', '1525', '12/07/2023', 'tx', ' Đào tạo từ xa', '20'),
	('QH', 'QH222343', 'QH201', ' BCH QS Hóc môn - ĐTTX - Khóa 2023 - VB2 Luật', '1525', '12/07/2023', 'tx', ' Đào tạo từ xa', '20'),
	('QH', 'QH222703', 'QH202', ' BCH QS Hóc môn - ĐTTX - Khóa 2023 - VB2 NNA     ', '1525', '12/07/2023', 'tx', ' Đào tạo từ xa', '20'),
	('QP', 'QP121322', 'QP101', ' ĐTTX VB1 LUẬT KINH TẾ  BCH QS PHÚ NHUẬN', '483', '24/03/2022', 'tx', ' Đào tạo từ xa', '20'),
	('SB', '_TRANOTXSB', 'SB001', ' Lớp có môn học tổ chức thi trả nợ hình thức Đào tạo từ xa', '', '', 'tx', ' Đào tạo từ xa', '0'),
	('SB', '_TRANOVLSB', 'SB003', ' Lớp có môn học tổ chức thi trả nợ hình thức Vừa làm vừa học', '', '', 'vl', ' Vừa làm vừa học', '0'),
	('SB', 'SB11141', 'SB106', ' Sông Bé - Khóa 2012 - Quản trị kinh doanh', '', '', 'tx', ' Đào tạo từ xa', '0'),
	('SB', 'SB111413', 'SB107', ' Sông Bé - Khóa 2/2012 - Quản trị kinh doanh', '', '', 'tx', ' Đào tạo từ xa', '0'),
	('SB', 'SB11232', 'SB108', ' Sông Bé - Khóa T.9/2012 - Luật Kinh tế', '', '', 'tx', ' Đào tạo từ xa', '0'),
	('SB', 'SB11332', 'SB110', ' Sông Bé - Khóa 2013 - Luật Kinh Tế', '', '', 'tx', ' Đào tạo từ xa', '0'),
	('SB', 'SB113322', 'SB114', ' Sông Bé - Khóa 2014 -  K.1/2014 - Luật Kinh Tế', '', '', 'tx', ' Đào tạo từ xa', '0'),
	('SB', 'SB11332B', 'SB111', ' Sông Bé - Khóa 2013 (Lớp B) - Luật Kinh Tế', '', '', 'tx', ' Đào tạo từ xa', '0'),
	('SB', 'SB11341', 'SB109', ' Sông Bé - Khóa 2013 - Quản Trị Kinh Doanh', '', '', 'tx', ' Đào tạo từ xa', '0'),
	('SB', 'SB113412', 'SB113', ' Sông Bé - Khóa 2014 - K.1/2014 - Quản Trị Kinh Doanh', '', '', 'tx', ' Đào tạo từ xa', '0'),
	('SB', 'SB11341B', 'SB112', ' Sông Bé - Khóa 2013 (Lớp B) - Quản Trị Kinh Doanh', '', '', 'tx', ' Đào tạo từ xa', '0'),
	('SB', 'SB11421', 'SB115', ' Sông Bé - Khóa 2014 - Xây Dựng', '', '', 'tx', ' Đào tạo từ xa', '0'),
	('SB', 'SB11432', 'SB117', ' Sông Bé - Khóa 2014 - K.2/2014 - Luật Kinh Tế', '', '', 'tx', ' Đào tạo từ xa', '0'),
	('SB', 'SB11441', 'SB116', ' Sông Bé - Khóa 2014 - K.2/2014 - Quản Trị Kinh Doanh', '', '', 'tx', ' Đào tạo từ xa', '0'),
	('SB', 'SB11532', 'SB119', ' Sông Bé - Khóa 2015 - K.1/2015 - Luật Kinh Tế', '', '', 'tx', ' Đào tạo từ xa', '0'),
	('SB', 'SB11541', 'SB118', ' Sông Bé - Khóa 2015 - K.1/2015 - Quản Trị Kinh Doanh', '', '', 'tx', ' Đào tạo từ xa', '0'),
	('SB', 'SB116412', 'SB120', ' Sông Bé - Khóa 2017 - Quản Trị Kinh Doanh', '', '', 'tx', ' Đào tạo từ xa', '0'),
	('SB', 'SB317412', 'SB311', ' Sông Bé - Hệ VHVL - Khóa 2018 - Quản Trị Kinh Doanh', '', '', 'vl', ' Vừa làm vừa học', '0'),
	('SB', 'SB319412', 'SB312', ' Sông Bé - Hệ VHVL - Khóa 2020 - Quản Trị Kinh Doanh', '', '', 'vl', ' Vừa làm vừa học', '0'),
	('SD', 'SD111322', 'SD108', ' Sa Đéc/Đồng Tháp (TCT) - Khóa 2012 - Luật Kinh tế', '', '', 'tx', ' Đào tạo từ xa', '0'),
	('SD', 'SD111412', 'SD107', ' Sa Đéc/Đồng Tháp (TCT) - Khóa 2012 - Quản trị kinh doanh', '', '', 'tx', ' Đào tạo từ xa', '0'),
	('SD', 'SD111812', 'SD109', ' Sa Đéc/Đồng Tháp (TCT) - Khóa 2012 - Kế Toán', '', '', 'tx', ' Đào tạo từ xa', '0'),
	('SG', '_BOSUNGTXSG', 'SG002', ' Lớp học bổ sung các môn tại Sài Gòn Tourist', '', '', 'tx', ' Đào tạo từ xa', '0'),
	('SG', '_TRANOTXSG', 'SG001', ' Sài Gòn Tourist: tổ chức thi trả nợ hình thức ĐTTX', '', '', 'tx', ' Đào tạo từ xa', '25'),
	('SG', 'SG116482', 'SG101', ' Sài Gòn Tourist - TP.HCM - Khóa 2017 - QTKD CN QT Du Lịch', '769', '11/07/2017', 'tx', ' Đào tạo từ xa', '25'),
	('SG', 'SG117482', 'SG102', ' Sài Gòn Tourist - TP.HCM - Khóa 2018 - QTKD CN QT Du Lịch', '1271', '20/07/2018', 'tx', ' Đào tạo từ xa', '25'),
	('SG', 'SG118482', 'SG103', ' Sài Gòn Tourist - TP.HCM - Khóa 2019 - QTKD CN QT Du Lịch', '443', '26/07/2019', 'tx', ' Đào tạo từ xa', '25'),
	('SG', 'SG119482', 'SG104', ' Sài Gòn Tourist - TP.HCM - Khóa 2020 - QTKD CN QT Du Lịch', '', '', 'tx', ' Đào tạo từ xa', '28'),
	('SG', 'SG120481C', 'SG105', ' Sài Gòn Tourist-TP.HCM-Khóa 2/2020-QTKD CN QTDL Lớp Chiều', '', '', 'tx', ' Đào tạo từ xa', '28'),
	('SG', 'SG120481T', 'SG106', ' Sài Gòn Tourist-TP.HCM-Khóa 2/2020-QTKD CN QTDL Lớp Tối 1', '', '', 'tx', ' Đào tạo từ xa', '28'),
	('SG', 'SG120481T2', 'SG107', ' Sài Gòn Tourist-TP.HCM-Khóa 2/2020-QTKD CN QTDL Lớp Tối 2', '', '', 'tx', ' Đào tạo từ xa', '28'),
	('SG', 'SG120482T', 'SG109', ' Sài Gòn Tourist-TP.HCM-Khóa 2021-QTKD CN QTDL Lớp Tối', '368', '27/10/2021', 'tx', ' Đào tạo từ xa', '28'),
	('SG', 'SG121483T', 'SG110', ' Sài Gòn Tourist-TP.HCM-Khóa 2022-DU LỊCH - Lớp Tối', '281', '13/07/2022', 'tx', ' Đào tạo từ xa', '28'),
	('SG', 'SG1224812', 'SG111', ' Sài Gòn Tourist-TP.HCM-Khóa 2023-DU LỊCH - Lớp Tối', '147', '17/04/2023', 'tx', ' Đào tạo từ xa', '28'),
	('ST', 'ST222703A', 'ST001', ' ĐTTX VB2 NGÔN NGỮ ANH ( LỚP A ) - ĐH SP TDTT K 2023', '', '', 'tx', ' Đào tạo từ xa', '0'),
	('ST', 'ST222703B', 'ST002', ' ĐTTX VB2 NGÔN NGỮ ANH ( LỚP B ) - ĐH SP TDTT K 2023', '', '', 'tx', ' Đào tạo từ xa', '0'),
	('T2', 'T2110312', 'T2101', ' Trường 2 - Lâm Đồng (TNXP) - Khóa 2011 - Kinh tế luật', '', '', 'tx', ' Đào tạo từ xa', '0'),
	('T3', 'T311332', 'T3101', ' Trường 3 (Phú Giáo) - Khóa 9/2013 - Luật Kinh tế', '', '', 'tx', ' Đào tạo từ xa', '0'),
	('TB', '_TRANOTXTB', 'TB001', ' Tân Bình: tổ chức thi trả nợ hình thức ĐTTX', '', '', 'tx', ' Đào tạo từ xa', '19'),
	('TB', 'TB110322', 'TB101', ' Tân Bình - TP.HCM - Khóa 2011 - Luật Kinh Tế', '', '', 'tx', ' Đào tạo từ xa', '0'),
	('TB', 'TB113322', 'TB102', ' Tân Bình - TP.HCM - Khóa 2014 - Luật Kinh Tế', '343', '01/04/2014', 'tx', ' Đào tạo từ xa', '19'),
	('TB', 'TB11532', 'TB103', ' Tân Bình - TP.HCM - Khóa 2015 - Luật Kinh Tế', '1458', '24/11/2015', 'tx', ' Đào tạo từ xa', '19'),
	('TB', 'TB116342', 'TB104', ' Tân Bình - TP.HCM - Khóa 2017 - Luật', '737', '13/06/2017', 'tx', ' Đào tạo từ xa', '19'),
	('TB', 'TB118341', 'TB105', ' Tân Bình - TP.HCM - Khóa 2018 - Luật', '1972', '27/12/2018', 'tx', ' Đào tạo từ xa', '19'),
	('TB', 'TB120321', 'TB106', ' Tân Bình - TP.HCM - Khóa 2020 - Luật Kinh Tế', '473', '10/12/2020', 'tx', ' Đào tạo từ xa', '19'),
	('TB', 'TB121342', 'TB107', ' Tân Bình - TP.HCM - Khóa 2022 - Luật', '262', '30/06/2022', 'tx', ' Đào tạo từ xa', '19'),
	('TB', 'TB122342', 'TB108', ' Tân Bình - TP.HCM - Khóa 2023 - Luật VB1', '', '', 'tx', ' Đào tạo từ xa', '19'),
	('TB', 'TB221342', 'TB201', ' Tân Bình - TP.HCM - Khóa 2022 - VB2 Luật', '262', '30/06/2022', 'tx', ' Đào tạo từ xa', '19'),
	('TB', 'TB222342', 'TB202', ' Tân Bình - TP.HCM - Khóa 2023 -  Luật VB2', '', '', 'tx', ' Đào tạo từ xa', '19'),
	('TE', '_TRANOTXTE', 'TE001', ' Lớp có môn học tổ chức thi trả nợ hình thức Đào tạo từ xa', '', '', 'tx', ' Đào tạo từ xa', '35'),
	('TE', 'TE119343', 'TE102', ' Trường TC Tây Nguyên - Luật VB1 K 2020', '141', '15/06/2020', 'tx', ' Đào tạo từ xa', '35'),
	('TE', 'TE119343M', 'TE101', ' Trường TC Tây Nguyên ( Mở tại TT GDNN - GDTX Huyện MĐRăk )', '', '', 'tx', ' Đào tạo từ xa', '35'),
	('TE', 'TE119413', 'TE104', ' Trường TC Tây Nguyên - QTKD VB1 K 2020', '141', '15/06/2020', 'tx', ' Đào tạo từ xa', '35'),
	('TE', 'TE119813', 'TE103', ' Trường TC Tây Nguyên - Kế Toán VB1 K 2020', '141', '15/06/2020', 'tx', ' Đào tạo từ xa', '35'),
	('TE', 'TE120343', 'TE107', ' Trường TC Tây Nguyên - Luật VB1 K 201', '', '', 'tx', ' Đào tạo từ xa', '35'),
	('TE', 'TE120413', 'TE105', ' Trường TC Tây Nguyên - QTKD VB1 K 2021', '370', '27/10/2021', 'tx', ' Đào tạo từ xa', '35'),
	('TE', 'TE120813', 'TE106', ' Trường TC Tây Nguyên - Kế Toán VB1 K 2021', '370', '27/10/2021', 'tx', ' Đào tạo từ xa', '35'),
	('TE', 'TE121342', 'TE108', ' Trường TC Tây Nguyên - Luật VB1 K 2022', '93', '14/03/2022', 'tx', ' Đào tạo từ xa', '35'),
	('TE', 'TE121412', 'TE109', ' ĐTTX VB1 QTKD VB1 K 2022 TRUNG CẤP TÂY NGUYÊN', '93', '14/03/2022', 'tx', ' Đào tạo từ xa', '35'),
	('TE', 'TE121812', 'TE110', ' ĐTTX.KẾ TOÁN VB1 K2022 TRUNG CẤP TÂY NGUYÊN', '93', '14/03/2022', 'tx', ' Đào tạo từ xa', '35'),
	('TE', 'TE122341', 'TE111', ' Trường TC Tây Nguyên - Luật VB1 K 2023', '172', '24/04/2023', 'tx', ' Đào tạo từ xa', '35'),
	('TE', 'TE122412', 'TE112', ' ĐTTX VB1 QTKD VB1 K 2023 TRUNG CẤP TÂY NGUYÊN', '172', '24/04/2023', 'tx', ' Đào tạo từ xa', '35'),
	('TE', 'TE122812', 'TE113', ' ĐTTX.KẾ TOÁN VB1 K2023 TRUNG CẤP TÂY NGUYÊN', '172', '24/04/2023', 'tx', ' Đào tạo từ xa', '35'),
	('TE', 'TE219343', 'TE202', ' Trường TC Tây Nguyên - Luật VB2 K 2020', '141', '15/06/2020', 'tx', ' Đào tạo từ xa', '35'),
	('TE', 'TE219413', 'TE203', ' Trường TC Tây Nguyên - QTKD VB2 K 2020', '141', '15/06/2020', 'tx', ' Đào tạo từ xa', '35'),
	('TE', 'TE219813', 'TE201', ' Trường TC Tây Nguyên - Kế Toán VB2 K 2020', '141', '15/06/2020', 'tx', ' Đào tạo từ xa', '35'),
	('TE', 'TE220343', 'TE206', ' Trường TC Tây Nguyên - Luật VB2 K 2021', '370', '27/10/2021', 'tx', ' Đào tạo từ xa', '35'),
	('TE', 'TE220413', 'TE204', ' Trường TC Tây Nguyên - QTKD VB2 K 2021', '370', '27/10/2021', 'tx', ' Đào tạo từ xa', '35'),
	('TE', 'TE220813', 'TE205', ' Trường TC Tây Nguyên - Kế Toán VB2 K 2021', '370', '27/10/2021', 'tx', ' Đào tạo từ xa', '35'),
	('TE', 'TE221342', 'TE207', ' Trường TC Tây Nguyên - Luật VB2 K 2022', '93', '14/03/2022', 'tx', ' Đào tạo từ xa', '35'),
	('TE', 'TE221412', 'TE208', ' ĐTTX VB2 QTKD KHÓA 2022 TRUNG CẤP TÂY NGUYÊN', '93', '14/03/2022', 'tx', ' Đào tạo từ xa', '35'),
	('TE', 'TE221812', 'TE209', ' ĐTTX.KẾ TOÁN VB2 K2022 TRUNG CẤP TÂY NGUYÊN', '93', '14/03/2022', 'tx', ' Đào tạo từ xa', '35'),
	('TE', 'TE222342', 'TE212', ' ĐTTX  - Luật VB2 K 2023 Trường TC Tây Nguyên', '172', '24/04/2023', 'tx', ' Đào tạo từ xa', '35'),
	('TE', 'TE222412', 'TE210', ' ĐTTX VB2 QTKD VB1 K 2023 TRUNG CẤP TÂY NGUYÊN', '172', '24/04/2023', 'tx', ' Đào tạo từ xa', '35'),
	('TE', 'TE222812', 'TE211', ' ĐTTX.KẾ TOÁN VB2  K2023 TRUNG CẤP TÂY NGUYÊN', '172', '24/04/2023', 'tx', ' Đào tạo từ xa', '35'),
	('TE', 'TE519413', 'TE502', ' Trường TC Tây Nguyên - QTKD Liên Thông  K 2020', '141', '15/06/2020', 'tx', ' Đào tạo từ xa', '35'),
	('TE', 'TE519813', 'TE501', ' Trường TC Tây Nguyên - Kế Toán Liên Thông  K 2020', '141', '15/06/2020', 'tx', ' Đào tạo từ xa', '35'),
	('TE', 'TE520413', 'TE503', ' Trường TC Tây Nguyên - QTKD Liên Thông  K 2021', '370', '27/10/2021', 'tx', ' Đào tạo từ xa', '35'),
	('TE', 'TE520813', 'TE504', ' Trường TC Tây Nguyên - Kế Toán Liên Thông  K 2021', '370', '27/10/2021', 'tx', ' Đào tạo từ xa', '35'),
	('TE', 'TE521412', 'TE505', ' ĐTTX LT QTKD KHÓA 2022 TRUNG CẤP TÂY NGUYÊN', '93', '14/03/2022', 'tx', ' Đào tạo từ xa', '35'),
	('TE', 'TE521812', 'TE506', ' ĐTTX.KẾ TOÁN VB1 K2022 TRUNG CẤP TÂY NGUYÊN', '93', '14/03/2022', 'tx', ' Đào tạo từ xa', '35'),
	('TE', 'TE522412', 'TE507', ' ĐTTX LTCĐ QTKD VB1 K 2023 TRUNG CẤP TÂY NGUYÊN', '172', '24/04/2023', 'tx', ' Đào tạo từ xa', '35'),
	('TE', 'TE522812', 'TE508', ' ĐTTX.KẾ TOÁN LTCĐ  K2023 TRUNG CẤP TÂY NGUYÊN', '172', '24/04/2023', 'tx', ' Đào tạo từ xa', '35'),
	('TG', 'TG108212', 'TG102', ' Tiền Giang - Khóa 1/2009 - Xây Dựng', '', '', 'tx', ' Đào tạo từ xa', '0'),
	('TG', 'TG11021', 'TG119', ' Tiền Giang - Khóa 2/2010 - Xây Dựng', '', '', 'tx', ' Đào tạo từ xa', '0'),
	('TG', 'TG111322', 'TG128', ' Tiền Giang - Khóa 2012 - Luật Kinh Tế', '', '', 'tx', ' Đào tạo từ xa', '0'),
	('TG', 'TG111412', 'TG129', ' Tiền Giang - Khóa 2012 - Quản trị kinh doanh', '', '', 'tx', ' Đào tạo từ xa', '0'),
	('TG', 'TG111812', 'TG130', ' Tiền Giang - Khóa 2012 - Kế Toán', '', '', 'tx', ' Đào tạo từ xa', '0'),
	('TG', 'TG11221', 'TG131', ' Tiền Giang - Khóa 2012 - Xây Dựng', '', '', 'tx', ' Đào tạo từ xa', '0'),
	('TG', 'TG11321', 'TG135', ' Tiền Giang - Khóa 2013 - Xây Dựng', '', '', 'tx', ' Đào tạo từ xa', '0'),
	('TG', 'TG11332', 'TG134', ' Tiền Giang - Khóa 2013 - Luật Kinh Tế', '', '', 'tx', ' Đào tạo từ xa', '0'),
	('TG', 'TG11341', 'TG133', ' Tiền Giang - Khóa 2013 - Quản trị kinh doanh', '', '', 'tx', ' Đào tạo từ xa', '0'),
	('TG', 'TG113412', 'TG136', ' Tiền Giang - Khóa 2014 - Quản Trị Kinh Doanh', '', '', 'tx', ' Đào tạo từ xa', '0'),
	('TG', 'TG11381', 'TG132', ' Tiền Giang - Khóa 2013 - Kế Toán', '', '', 'tx', ' Đào tạo từ xa', '0'),
	('TG', 'TG113812', 'TG137', ' Tiền Giang - Khóa 2014 - Kế Toán', '', '', 'tx', ' Đào tạo từ xa', '0'),
	('TG', 'TG11432', 'TG138', ' Tiền Giang - Khóa 2014 - Luật Kinh Tế', '', '', 'tx', ' Đào tạo từ xa', '0'),
	('TG', 'TG114412', 'TG139', ' Tiền Giang - Khóa 2015 - Quản Trị Kinh Doanh', '', '', 'tx', ' Đào tạo từ xa', '0'),
	('TG', 'TG114812', 'TG140', ' Tiền Giang - Khóa 2015 - Kế Toán', '', '', 'tx', ' Đào tạo từ xa', '0'),
	('TG', 'TG11641', 'TG141', ' Tiền Giang - Khóa 2016 - Quản Trị Kinh Doanh', '', '', 'tx', ' Đào tạo từ xa', '0'),
	('TG', 'TG116813', 'TG142', ' Tiền Giang - Khóa 2017 - Kế toán', '982', '14/06/2018', 'tx', ' Đào tạo từ xa', '24'),
	('TG', 'TG216813', 'TG204', ' Tiền Giang - Khóa 2017 - ĐTTX VB.2 - Kế toán', '982', '14/06/2018', 'tx', ' Đào tạo từ xa', '24'),
	('TG', 'TG516813', 'TG503', ' Tiền Giang - Khóa 2017 - ĐTTX Liên Thông - Kế toán', '982', '14/06/2018', 'tx', ' Đào tạo từ xa', '24'),
	('TH', '_TRANOTXLG', 'LG001', ' Lớp có môn học tổ chức thi trả nợ hình thức Đào tạo từ xa', '', '', 'tx', ' Đào tạo từ xa', '27'),
	('TH', '_TRANOTXTH', 'TH001', ' Lớp có môn học tổ chức thi trả nợ hình thức Đào tạo từ xa', '', '', 'tx', ' Đào tạo từ xa', '27'),
	('TH', '_TRANOVLTH', 'TH003', ' Lớp có môn học tổ chức thi trả nợ hình thức Vừa làm vừa học', '', '', 'vl', ' Vừa làm vừa học', '27'),
	('TH', 'TH110322', 'TH103', ' Bình Thuận - Khóa 2011 - Luật Kinh tế', '', '', 'tx', ' Đào tạo từ xa', '0'),
	('TH', 'TH110412', 'TH104', ' Bình Thuận - Khóa 2011 - Quản trị kinh doanh', '', '', 'tx', ' Đào tạo từ xa', '0'),
	('TH', 'TH111322', 'TH110', ' Bình Thuận - Khóa 2012 - Luật Kinh tế', '', '', 'tx', ' Đào tạo từ xa', '0'),
	('TH', 'TH111412', 'TH108', ' Bình Thuận - Khóa 2012 - Quản trị kinh doanh', '', '', 'tx', ' Đào tạo từ xa', '0'),
	('TH', 'TH111812', 'TH109', ' Bình Thuận - Khóa 2012 - Kế Toán', '', '', 'tx', ' Đào tạo từ xa', '0'),
	('TH', 'TH112322', 'TH112', ' Bình Thuận - Khóa 2013 - Luật Kinh Tế', '', '', 'tx', ' Đào tạo từ xa', '0'),
	('TH', 'TH112412', 'TH111', ' Bình Thuận - Khóa 2013 - Quản Trị Kinh Doanh', '', '', 'tx', ' Đào tạo từ xa', '0'),
	('TH', 'TH112812', 'TH113', ' Bình Thuận - Khóa 2013 - Kế Toán', '', '', 'tx', ' Đào tạo từ xa', '0'),
	('TH', 'TH113322', 'TH116', ' Bình Thuận - Khóa 2014 - Luật Kinh Tế', '', '', 'tx', ' Đào tạo từ xa', '0'),
	('TH', 'TH113412', 'TH114', ' Bình Thuận - Khóa 2014 - Quản Trị Kinh Doanh', '', '', 'tx', ' Đào tạo từ xa', '0'),
	('TH', 'TH113812', 'TH115', ' Bình Thuận - Khóa 2014 - Kế Toán', '', '', 'tx', ' Đào tạo từ xa', '0'),
	('TH', 'TH114322', 'TH119', ' Bình Thuận - Khóa 2015 -VB.1- Luật Kinh Tế', '', '', 'tx', ' Đào tạo từ xa', '0'),
	('TH', 'TH114412', 'TH117', ' Bình Thuận - Khóa 2015 -VB.1- Quản Trị Kinh Doanh', '', '', 'tx', ' Đào tạo từ xa', '0'),
	('TH', 'TH114812', 'TH118', ' Bình Thuận - Khóa 2015 -VB.1- Kế Toán', '', '', 'tx', ' Đào tạo từ xa', '0'),
	('TH', 'TH11622', 'TH121', ' Bình Thuận - Khóa 2016 - VB1 - Xây Dựng - CN Cấp Thoát Nước', '', '', 'tx', ' Đào tạo từ xa', '0'),
	('TH', 'TH11632', 'TH123', ' Bình Thuận - Khóa 2016 - VB1 - Luật Kinh Tế', '', '', 'tx', ' Đào tạo từ xa', '0'),
	('TH', 'TH116323', 'TH126', ' Bình Thuận - Khóa 2017 - VB1 - Luật Kinh Tế', '228', '06/02/2017', 'tx', ' Đào tạo từ xa', '27'),
	('TH', 'TH116343', 'TH125', ' Bình Thuận - Khóa 2017 - VB1 - Luật', '228', '06/02/2017', 'tx', ' Đào tạo từ xa', '27'),
	('TH', 'TH11641', 'TH122', ' Bình Thuận - Khóa 2016 - VB1 - Quản Trị Kinh Doanh', '', '', 'tx', ' Đào tạo từ xa', '0'),
	('TH', 'TH116413', 'TH127', ' Bình Thuận - Khóa 2017 - VB1 - Quản Trị Kinh Doanh', '228', '06/02/2017', 'tx', ' Đào tạo từ xa', '29'),
	('TH', 'TH11681', 'TH120', ' Bình Thuận - Khóa 2016 - VB1 - Kế Toán', '', '', 'tx', ' Đào tạo từ xa', '0'),
	('TH', 'TH116813', 'TH128', ' Bình Thuận - Khóa 2017 - VB1 - Kế Toán', '228', '06/02/2017', 'tx', ' Đào tạo từ xa', '29'),
	('TH', 'TH117343', 'TH130', ' Bình Thuận - Khóa 2018 - VB1 - Luật', '903', '05/06/2018', 'tx', ' Đào tạo từ xa', '27'),
	('TH', 'TH117413', 'TH131', ' Bình Thuận - Khóa 2018 - VB1 - ĐTTX - VB1 - QTKD', '903', '05/06/2018', 'tx', ' Đào tạo từ xa', '27'),
	('TH', 'TH117813L', 'TH129', ' Lagi / Bình Thuận - Khóa 2018 - ĐTTX - VB1 - Kế toán', '903', '05/06/2018', 'tx', ' Đào tạo từ xa', '32'),
	('TH', 'TH118341L', 'TH132', ' Lagi / Bình Thuận - Khóa 2019 - ĐTTX - VB1 - Luật', '486', '28/08/2019', 'tx', ' Đào tạo từ xa', '32'),
	('TH', 'TH118342', 'TH133', ' Bình Thuận - Khóa 2019 - VB1 - Luật', '486', '28/08/2019', 'tx', ' Đào tạo từ xa', '27'),
	('TH', 'TH118412', 'TH134', ' Bình Thuận - Khóa 2019 - VB1 - Quản Trị Kinh Doanh', '486', '28/08/2019', 'tx', ' Đào tạo từ xa', '27'),
	('TH', 'TH118812', 'TH135', ' Bình Thuận - Khóa 2019 - VB1 - Kế Toán', '486', '28/08/2019', 'tx', ' Đào tạo từ xa', '27'),
	('TH', 'TH119212', 'TH139', ' Bình Thuận - Khóa 2020 - VB1 - XD  DD & CN', '210', '14/07/2020', 'tx', ' Đào tạo từ xa', '27'),
	('TH', 'TH119342', 'TH136', ' Bình Thuận - Khóa 2020 - VB1 - Luật', '210', '14/07/2020', 'tx', ' Đào tạo từ xa', '27'),
	('TH', 'TH119412', 'TH137', ' Bình Thuận - Khóa 2020 - VB1 - Quản Trị Kinh Doanh', '210', '14/07/2020', 'tx', ' Đào tạo từ xa', '27'),
	('TH', 'TH119812', 'TH138', ' Bình Thuận - Khóa 2020 - VB1 - Kế Toán', '210', '14/07/2020', 'tx', ' Đào tạo từ xa', '27'),
	('TH', 'TH120343', 'TH140', ' Bình Thuận - Khóa 2021 - VB1 - Luật', '289', '15/07/2021', 'tx', ' Đào tạo từ xa', '27'),
	('TH', 'TH121341L', 'TH141', ' Lagi / Bình Thuận - Khóa 2022 - ĐTTX - VB1 - Luật', '43', '19/01/2022', 'tx', ' Đào tạo từ xa', '27'),
	('TH', 'TH121343', 'TH143', ' Bình Thuận - Khóa 2022 - VB1 - LUẬT', '43', '19/01/2022', 'tx', ' Đào tạo từ xa', '27'),
	('TH', 'TH121412', 'TH142', ' Bình Thuận - Khóa 2022 - VB1 - QTKD', '43', '19/01/2022', 'tx', ' Đào tạo từ xa', '27'),
	('TH', 'TH121813', 'TH144', ' ĐTTX-VB1 KẾ TOÁN BÌNH THUẬN K2022', '43', '19/01/2022', 'tx', ' Đào tạo từ xa', '27'),
	('TH', 'TH122342', 'TH145', ' Bình Thuận - Khóa 2023 - VB1 - LUẬT', '227', '15/06/2023', 'tx', ' Đào tạo từ xa', '27'),
	('TH', 'TH122412', 'TH146', ' Bình Thuận - Khóa 2023 - VB1 - QTKD', '227', '15/06/2023', 'tx', ' Đào tạo từ xa', '27'),
	('TH', 'TH122812', 'TH147', ' Bình Thuận - khóa 2023 VB1 KẾ TOÁN', '227', '15/06/2023', 'tx', ' Đào tạo từ xa', '27'),
	('TH', 'TH21622A', 'TH208A', ' Bình Thuận - Khóa 2016 - VB2 - Cấp th nước - K.Kỹ Thuật', '', '', 'tx', ' Đào tạo từ xa', '0'),
	('TH', 'TH21622B', 'TH208B', ' Bình Thuận - Khóa 2016 - VB2 - Cấp th nước - K.Kinh Tế', '', '', 'tx', ' Đào tạo từ xa', '0'),
	('TH', 'TH21632', 'TH210', ' Bình Thuận - Khóa 2016 - VB2 - Luật Kinh Tế', '', '', 'tx', ' Đào tạo từ xa', '0'),
	('TH', 'TH216323', 'TH211', ' Bình Thuận - Khóa 2017 - VB2 - Luật Kinh Tế', '228', '06/02/2017', 'tx', ' Đào tạo từ xa', '29'),
	('TH', 'TH21641', 'TH209', ' Bình Thuận - Khóa 2016 - VB2 - Quản Trị Kinh Doanh', '', '', 'tx', ' Đào tạo từ xa', '0'),
	('TH', 'TH21681', 'TH207', ' Bình Thuận - Khóa 2016 - VB2 - Kế Toán', '', '', 'tx', ' Đào tạo từ xa', '0'),
	('TH', 'TH216813', 'TH213', ' Bình Thuận - Khóa 2017 - VB2 - Kế Toán', '228', '06/02/2017', 'tx', ' Đào tạo từ xa', '29'),
	('TH', 'TH217413', 'TH215', ' Bình Thuận - Khóa 2018 - VB2 - QTKD', '903', '05/06/2018', 'tx', ' Đào tạo từ xa', '27'),
	('TH', 'TH217813L', 'TH214', ' Lagi / Bình Thuận - Khóa 2018 - ĐTTX - VB2 - Kế toán', '903', '05/06/2018', 'tx', ' Đào tạo từ xa', '32'),
	('TH', 'TH218412', 'TH216', ' Bình Thuận - Khóa 2019 - VB2 - Quản Trị Kinh Doanh', '486', '28/08/2019', 'tx', ' Đào tạo từ xa', '27'),
	('TH', 'TH218812', 'TH217', ' Bình Thuận - Khóa 2019 - VB2 - Kế Toán', '486', '28/08/2019', 'tx', ' Đào tạo từ xa', '27'),
	('TH', 'TH219212', 'TH220', ' Bình Thuận - Khóa 2020 - VB2 - XD DD & CN', '210', '14/07/2020', 'tx', ' Đào tạo từ xa', '27'),
	('TH', 'TH219412', 'TH218', ' Bình Thuận - Khóa 2020 - VB2 - Quản Trị Kinh Doanh', '210', '14/07/2020', 'tx', ' Đào tạo từ xa', '27'),
	('TH', 'TH219812', 'TH219', ' Bình Thuận - Khóa 2020 - VB2 - Kế Toán', '210', '14/07/2020', 'tx', ' Đào tạo từ xa', '27'),
	('TH', 'TH220343', 'TH221', ' Bình Thuận - Khóa 2021 - VB2 -  Luật', '289', '15/07/2021', 'tx', ' Đào tạo từ xa', '27'),
	('TH', 'TH221341L', 'TH222', ' Lagi / Bình Thuận - Khóa 2022 - ĐTTX - VB2 - Luật', '43', '19/01/2022', 'tx', ' Đào tạo từ xa', '32'),
	('TH', 'TH221343', 'TH224', ' Bình Thuận - Khóa 2022 - VB2 - LUẬT', '43', '19/01/2022', 'tx', ' Đào tạo từ xa', '27'),
	('TH', 'TH221412', 'TH223', ' Bình Thuận - Khóa 2022 - VB2 -  QTKD', '43', '19/01/2022', 'tx', ' Đào tạo từ xa', '27'),
	('TH', 'TH221813', 'TH225', ' ĐTTX-VB2 KẾ TOÁN BÌNH THUẬN K2022', '43', '19/01/2022', 'tx', ' Đào tạo từ xa', '27'),
	('TH', 'TH222342', 'TH226', ' Bình Thuận - Khóa 2023 - VB2 - LUẬT', '227', '15/06/2023', 'tx', ' Đào tạo từ xa', '27'),
	('TH', 'TH222412', 'TH227', ' Bình Thuận - Khóa 2023 - VB2 -  QTKD', '227', '15/06/2023', 'tx', ' Đào tạo từ xa', '27'),
	('TH', 'TH222812', 'TH228', ' Bình Thuận - Khóa 2023 - VB2 - KẾ TOÁN', '227', '15/06/2023', 'tx', ' Đào tạo từ xa', '27'),
	('TH', 'TH316343', 'TH301', ' Bình Thuận - Hệ VLVH  - K 2017 - Luật', '361', '26/10/2018', 'vl', ' Vừa làm vừa học', '24'),
	('TH', 'TH317341', 'TH302', ' Bình Thuận - Hệ VLVH  - K 2017 - Lớp Luật (ngân sách)', '361', '26/10/2018', 'vl', ' Vừa làm vừa học', '29'),
	('TH', 'TH418701', 'TH402', ' Bình Thuận - Hệ VLVH VB2 - K 2019 - Ngôn Ngữ Anh', '310', '12/04/2019', 'vl', ' Vừa làm vừa học', '27'),
	('TH', 'TH420703', 'TH403', ' Bình Thuận - Hệ VLVH VB2 - K 2021 - Ngôn Ngữ Anh', '297', '23/07/2021', 'vl', ' Vừa làm vừa học', '27'),
	('TH', 'TH51622', 'TH506', ' Bình Thuận - Khóa 2016 - LTĐH - Xây Dựng - CN Cấp Thoát Nước', '', '', 'tx', ' Đào tạo từ xa', '0'),
	('TH', 'TH51641', 'TH507', ' Bình Thuận - Khóa 2016 - LTĐH - Quản Trị Kinh Doanh', '', '', 'tx', ' Đào tạo từ xa', '0'),
	('TH', 'TH51681', 'TH505', ' Bình Thuận - Khóa 2016 - LTĐH - Kế Toán', '', '', 'tx', ' Đào tạo từ xa', '0'),
	('TH', 'TH517413', 'TH511', ' Bình Thuận - Khóa 2018 - LTĐH - QTKD', '903', '05/06/2018', 'tx', ' Đào tạo từ xa', '27'),
	('TH', 'TH518412', 'TH512', ' Bình Thuận - Khóa 2019 - LTĐH - QTKD', '486', '28/08/2019', 'tx', ' Đào tạo từ xa', '27'),
	('TH', 'TH518812', 'TH513', ' Bình Thuận - Khóa 2019 - LTĐH - Kế Toán', '486', '28/08/2019', 'tx', ' Đào tạo từ xa', '27'),
	('TH', 'TH519212', 'TH516', ' Bình Thuận - Khóa 2020 - LTĐH - XD DD & CN', '210', '14/07/2020', 'tx', ' Đào tạo từ xa', '0'),
	('TH', 'TH519412', 'TH514', ' Bình Thuận - Khóa 2020 - LTĐH - QTKD', '210', '14/07/2020', 'tx', ' Đào tạo từ xa', '27'),
	('TH', 'TH519812', 'TH515', ' Bình Thuận - Khóa 2020 - LTĐH - Kế Toán', '210', '14/07/2020', 'tx', ' Đào tạo từ xa', '27'),
	('TH', 'TH521412', 'TH517', ' Bình Thuận - Khóa 2022 - LTĐH - QTKD', '43', '19/01/2022', 'tx', ' Đào tạo từ xa', '27'),
	('TH', 'TH521813', 'TH518', ' ĐTTX- LTCĐ  KẾ TOÁN BÌNH THUẬN K2022', '43', '19/01/2022', 'tx', ' Đào tạo từ xa', '0'),
	('TH', 'TH522412', 'TH519', ' Bình Thuận - Khóa 2023 - LTĐH - QTKD', '227', '15/06/2023', 'tx', ' Đào tạo từ xa', '0'),
	('TH', 'TH522812', 'TH520', ' Bình Thuận - Khóa 2023 - LTCĐ KẾ TOÁN', '227', '15/06/2023', 'tx', ' Đào tạo từ xa', '0'),
	('TM', '_TRANOVLTM', 'TM003', ' Lớp có môn học tổ chức thi trả nợ hình thức Vừa làm vừa học', '', '', 'vl', ' Vừa làm vừa học', '25'),
	('TM', 'TM316343', 'TM301', ' Đồng Tháp Mười - VLVH K 2017 - Luật', '830', '31/07/2017', 'vl', ' Vừa làm vừa học', '25'),
	('TM', 'TM316353', 'TM302', ' Đồng Tháp Mười - VLVH K 2017 -KT CN Quản lý Công', '830', '31/07/2017', 'vl', ' Vừa làm vừa học', '25'),
	('TM', 'TM318343', 'TM303', ' Đồng Tháp Mười - VLVH K 2019 - Luật', '482', '28/08/2019', 'vl', ' Vừa làm vừa học', '25'),
	('TM', 'TM319342', 'TM304', ' Đồng Tháp Mười - VLVH K 2020 - Luật', '196', '06/07/2020', 'vl', ' Vừa làm vừa học', '25'),
	('TM', 'TM320342', 'TM305', ' Đồng Tháp Mười - VLVH K 2021 - Luật', '135', '26/04/2021', 'vl', ' Vừa làm vừa học', '25'),
	('TM', 'TM320343', 'TM306', ' Đồng Tháp Mười - VLVH K2/ 2021 - Luật', '135', '26/04/2021', 'vl', ' Vừa làm vừa học', '25'),
	('TM', 'TM321341', 'TM307', ' Đồng Tháp Mười - VLVH K 2022 - Luật', '27', '11/01/2022', 'vl', ' Vừa làm vừa học', '25'),
	('TM', 'TM321343', 'TM308', ' ĐỒNG THÁP MƯỜI - VLVH LUẬT  VB1 - K2/2022', '27', '11/01/2022', 'vl', ' Vừa làm vừa học', '25'),
	('TM', 'TM322342', 'TM309', ' ĐỒNG THÁP MƯỜI - VLVH VB1 - K 2023', '160', '18/04/2023', 'vl', ' Vừa làm vừa học', '30'),
	('TM', 'TM420342', 'TM401', ' Đồng Tháp Mười - VLVH K 2021 - VB2 Luật', '135', '26/04/2021', 'vl', ' Vừa làm vừa học', '25'),
	('TM', 'TM420343', 'TM402', ' Đồng Tháp Mười - VLVH K 2/2021 - VB2 Luật', '135', '26/04/2021', 'vl', ' Vừa làm vừa học', '25'),
	('TM', 'TM421341', 'TM403', ' Đồng Tháp Mười - VLVH K 2022 - VB2 Luật', '27', '11/01/2022', 'vl', ' Vừa làm vừa học', '25'),
	('TM', 'TM421343', 'TM404', ' ĐỒNG THÁP MƯỜI - VB2 VLVH - LUẬT - K 2/2022', '27', '11/01/2022', 'vl', ' Vừa làm vừa học', '25'),
	('TM', 'TM422342', 'TM405', ' ĐỒNG THÁP MƯỜI - VB2 VLVH - LUẬT - K 2023', '160', '18/04/2023', 'vl', ' Vừa làm vừa học', '30'),
	('TN', '_TRANOTXTN', 'TN001', ' Lớp có môn học tổ chức thi trả nợ hình thức Đào tạo từ xa', '', '', 'tx', ' Đào tạo từ xa', '19'),
	('TN', '_TRANOVLTN', 'TN003', ' Lớp có môn học tổ chức thi trả nợ hình thức Vừa làm vừa học', '', '', 'vl', ' Vừa làm vừa học', '19'),
	('TN', 'TN11141', 'TN106', ' Tây Ninh - Khóa 2011 - Quản trị kinh doanh', '', '', 'tx', ' Đào tạo từ xa', '0'),
	('TN', 'TN11181', 'TN107', ' Tây Ninh - Khóa 2011 - Kế Toán', '', '', 'tx', ' Đào tạo từ xa', '0'),
	('TN', 'TN11241', 'TN108', ' Tây Ninh - Khóa 2012 - Quản trị kinh doanh', '', '', 'tx', ' Đào tạo từ xa', '0'),
	('TN', 'TN11281', 'TN109', ' Tây Ninh - Khóa 2012 - Kế Toán', '', '', 'tx', ' Đào tạo từ xa', '0'),
	('TN', 'TN11341', 'TN110', ' Tây Ninh - Khóa 2013 - Quản Trị Kinh Doanh', '', '', 'tx', ' Đào tạo từ xa', '0'),
	('TN', 'TN11381', 'TN111', ' Tây Ninh - Khóa 2013 - Kế Toán', '', '', 'tx', ' Đào tạo từ xa', '0'),
	('TN', 'TN11441', 'TN113', ' Tây Ninh - Khóa 2014 - Quản Trị Kinh Doanh', '', '', 'tx', ' Đào tạo từ xa', '0'),
	('TN', 'TN11481', 'TN112', ' Tây Ninh - Khóa 2014 - Kế Toán', '', '', 'tx', ' Đào tạo từ xa', '0'),
	('TN', 'TN115412', 'TN115', ' Tây Ninh - Khóa 2016 - Quản Trị Kinh Doanh', '', '', 'tx', ' Đào tạo từ xa', '0'),
	('TN', 'TN115812', 'TN114', ' Tây Ninh - Khóa 2016 - Kế Toán', '', '', 'tx', ' Đào tạo từ xa', '0'),
	('TN', 'TN116412', 'TN116', ' Tây Ninh - Khóa 2017 - QTKD', '1487', '08/12/2017', 'tx', ' Đào tạo từ xa', '19'),
	('TN', 'TN118413', 'TN117', ' Tây Ninh - Khóa 2019 - QTKD', '484', '28/08/2019', 'tx', ' Đào tạo từ xa', '19'),
	('TN', 'TN120411', 'TN118', ' Tây Ninh - Khóa 2021 - QTKD', '', '', 'tx', ' Đào tạo từ xa', '19'),
	('TN', 'TN121412', 'TN119', ' Tây Ninh - Khóa 2022 - QTKD', '95', '14/03/2022', 'tx', ' Đào tạo từ xa', '19'),
	('TN', 'TN122411', 'TN120', ' Tây Ninh - Khóa 2/2022 - QTKD', '95', '14/03/2022', 'tx', ' Đào tạo từ xa', '19'),
	('TN', 'TN320811', 'TN302', ' Tây Ninh - Hệ VLVH - Khóa 2020 - Kế Toán', '464', '08/12/2020', 'vl', ' Vừa làm vừa học', '19'),
	('TN', 'TN322811', 'TN303', ' TÂY NINH VLVH K 2023', '637', '30/12/2022', 'vl', ' Vừa làm vừa học', '19'),
	('TN', 'TN419701', 'TN401', ' Tây Ninh - Hệ VB2 VLVH - Khóa 2019 - NGÔN NGữ ANH', '710', '31/12/2019', 'vl', ' Vừa làm vừa học', '19'),
	('TN', 'TN920812', 'TN902', ' Tây Ninh - LT CĐ (VLVH) - Khóa 2021 - Kế Toán', '122', '14/04/2021', 'vl', ' Vừa làm vừa học', '19'),
	('TN', 'TN9T20812', 'TN9T01', ' Tây Ninh - LT TC (VLVH) - Khóa 2021 - Kế Toán', '122', '14/04/2021', 'vl', ' Vừa làm vừa học', '19'),
	('TR', '_TRANOTXTR', 'TR001', ' Lớp có môn học tổ chức thi trả nợ hình thức Đào tạo từ xa', '', '', 'tx', ' Đào tạo từ xa', '17'),
	('TR', 'TR113312A', 'TR102', ' Nhơn Trạch/Đồng Nai - Khóa 2014 (LớP A) - Kinh Tế Luật', '376', '16/04/2014', 'tx', ' Đào tạo từ xa', '17'),
	('TR', 'TR116312', 'TR103', ' Nhơn Trạch/Đồng Nai - Khóa 2017 - Kinh Tế Luật', '', '', 'tx', ' Đào tạo từ xa', '27'),
	('TR', 'TR120341', 'TR104', ' Nhơn Trạch/Đồng Nai - Khóa 2020 - Luật VB1', '610', '31/12/2020', 'tx', ' Đào tạo từ xa', '27'),
	('TR', 'TR220341', 'TR203', ' Nhơn Trạch/Đồng Nai - Khóa 2020 - Luật VB2', '610', '31/12/2020', 'tx', ' Đào tạo từ xa', '27'),
	('TT', 'TT112322', 'TT101', ' TT. GDTX Tôn Đức Thắng - K.2013 - Luật Kinh Tế', '', '', 'tx', ' Đào tạo từ xa', '0'),
	('TT', 'TT112622', 'TT102', ' TT. GDTX Tôn Đức Thắng - K.2013 - Công Tác Xã Hội', '', '', 'tx', ' Đào tạo từ xa', '0'),
	('TV', 'TV31432', 'TV301', ' Trà Vinh - Hệ VHVL - Khóa 2014 - Luật Kinh Tế', '12', '20/01/2015', 'vl', ' Vừa làm vừa học', '0'),
	('TV', 'TV31462', 'TV302', ' Trà Vinh - Hệ VHVL - Khóa 2014 - Công Tác Xã Hội', '12', '20/01/2015', 'vl', ' Vừa làm vừa học', '24'),
	('TV', 'TV31562', 'TV303', ' Trà Vinh - Hệ VHVL - Khóa 2015 - Công Tác Xã Hội', '1572', '31/12/2015', 'vl', ' Vừa làm vừa học', '24'),
	('VD', 'VD517412', 'VD501', ' Tr CĐ Viễn Đông - Khóa 2018 - LT - ĐTTX -Quản Trị Kinh Doanh', '', '', 'tx', ' Đào tạo từ xa', '0'),
	('VM', '_TRANOTXVM', 'VM001', ' CĐ Việt-Mỹ: tổ chức thi trả nợ hình thức ĐTTX', '', '', 'tx', ' Đào tạo từ xa', '25'),
	('VM', 'VM518413', 'VM501', ' CĐ Việt Mỹ - LT - ĐTTX - Khóa 2019 - Quản Trị Kinh Doanh', '304', '11/04/2019', 'tx', ' Đào tạo từ xa', '30'),
	('VM', 'VM518483', 'VM502', ' CĐ Việt Mỹ - LT - ĐTTX - Khóa 2019 - QTKD CN QT Du Lịch', '304', '11/04/2019', 'tx', ' Đào tạo từ xa', '30'),
	('VM', 'VM518703', 'VM503', ' CĐ Việt Mỹ - LT - ĐTTX - Khóa 2019 - Ngôn Ngữ Anh', '304', '11/04/2019', 'tx', ' Đào tạo từ xa', '30'),
	('VM', 'VM519412', 'VM504', ' CĐ Việt Mỹ - LT - ĐTTX - Khóa 2020 - Quản Trị Kinh Doanh', '217', '24/07/2020', 'tx', ' Đào tạo từ xa', '30'),
	('VM', 'VM519701', 'VM505', ' CĐ Việt Mỹ - LT - ĐTTX - Khóa 2020 - Ngôn Ngữ Anh', '217', '24/07/2020', 'tx', ' Đào tạo từ xa', '30'),
	('VM', 'VM520413', 'VM506', ' CĐ Việt Mỹ - LT - ĐTTX - Khóa 2021 - Quản Trị Kinh Doanh', '292', '15/07/2021', 'tx', ' Đào tạo từ xa', '25'),
	('VM', 'VM520703', 'VM507', ' CĐ Việt Mỹ - LT - ĐTTX - Khóa 2021 - Ngôn Ngữ Anh', '292', '15/07/2021', 'tx', ' Đào tạo từ xa', '25'),
	('VM', 'VM521703', 'VM508', ' CĐ Việt Mỹ - LT - ĐTTX - Khóa 2022 - Ngôn Ngữ Anh', '293', '22/07/2022', 'tx', ' Đào tạo từ xa', '25'),
	('VM', 'VM522413', 'VM509', ' CĐ Việt Mỹ - LT - ĐTTX - Khóa 2023 - Quản Trị Kinh Doanh', '', '', 'tx', ' Đào tạo từ xa', '0'),
	('VS', 'VS222343', 'VS201', ' CĐ Việt SINGAPORE - ĐTTX - Khóa 2023 - VB2  LUẬT', '', '', 'tx', ' Đào tạo từ xa', '28'),
	('VT', '_TRANOTXVT', 'VT001', ' Lớp có môn học tổ chức thi trả nợ hình thức Đào tạo từ xa', '', '', 'tx', ' Đào tạo từ xa', '27'),
	('VT', 'VT111322', 'VT107', ' Vũng Tàu - Khóa 2012 - Luật Kinh Tế', '', '', 'tx', ' Đào tạo từ xa', '0'),
	('VT', 'VT111412', 'VT106', ' Vũng Tàu - Khóa 2012 - Quản trị kinh doanh', '', '', 'tx', ' Đào tạo từ xa', '0'),
	('VT', 'VT11332', 'VT108', ' Vũng Tàu - Khóa 2013 - Luật Kinh Tế', '', '', 'tx', ' Đào tạo từ xa', '0'),
	('VT', 'VT113322', 'VT109', ' Vũng Tàu - Khóa 2014 - Luật Kinh Tế', '', '', 'tx', ' Đào tạo từ xa', '0'),
	('VT', 'VT113412', 'VT110', ' Vũng Tàu - Khóa 2014 - Quản Trị Kinh Doanh', '', '', 'tx', ' Đào tạo từ xa', '0'),
	('VT', 'VT11532', 'VT111', ' Vũng Tàu - Khóa 2015 - Luật Kinh Tế', '', '', 'tx', ' Đào tạo từ xa', '0'),
	('VT', 'VT11541', 'VT113', ' Vũng Tàu - Khóa 2015 - Quản Trị Kinh Doanh', '', '', 'tx', ' Đào tạo từ xa', '0'),
	('VT', 'VT11581', 'VT112', ' Vũng Tàu - Khóa 2015 - Kế Toán', '', '', 'tx', ' Đào tạo từ xa', '0'),
	('VT', 'VT11634', 'VT114', ' Vũng Tàu - Khóa 2017 - VB1 - Luật Học', '231', '06/02/2017', 'tx', ' Đào tạo từ xa', '27'),
	('VT', 'VT116413', 'VT116', ' Vũng Tàu - Khóa 2017 - VB1 - Quản Trị Kinh Doanh', '231', '06/02/2017', 'tx', ' Đào tạo từ xa', '27'),
	('VT', 'VT116813', 'VT115', ' Vũng Tàu - Khóa 2017 - VB1 - Kế Toán', '231', '06/02/2017', 'tx', ' Đào tạo từ xa', '27'),
	('VT', 'VT11734', 'VT117', ' Vũng Tàu - Khóa 2018 - VB1 - Luật Học', '989', '14/06/2018', 'tx', ' Đào tạo từ xa', '27'),
	('VT', 'VT118323', 'VT119', ' Vũng Tàu - Khóa 2019 - Luật Kinh Tế', '', '', 'tx', ' Đào tạo từ xa', '28'),
	('VT', 'VT118413', 'VT118', ' Vũng Tàu - Khóa 2019 - Quản Trị Kinh Doanh', '', '', 'tx', ' Đào tạo từ xa', '28'),
	('VT', 'VT119322', 'VT120', ' Vũng Tàu - Khóa 2020 - Luật Kinh Tế', '257', '09/09/2020', 'tx', ' Đào tạo từ xa', '28'),
	('VT', 'VT120411', 'VT121', ' Vũng Tàu - Khóa 2021 - Quản Trị Kinh Doanh', '', '', 'tx', ' Đào tạo từ xa', '28'),
	('VT', 'VT121341', 'VT122', ' Vũng Tàu - Khóa 2021 - Luật', '', '', 'tx', ' Đào tạo từ xa', '28'),
	('VT', 'VT121343', 'VT124', ' Vũng Tàu - Khóa 2022 - Luật VB1', '543', '28/12/2022', 'tx', ' Đào tạo từ xa', '28'),
	('VT', 'VT121811', 'VT123', ' Vũng Tàu - Khóa 2021 - Kế toán', '96', '01/04/2021', 'tx', ' Đào tạo từ xa', '28'),
	('VT', 'VT216323', 'VT207', ' Vũng Tàu - Khóa 2017 VB.2 - ĐTTX - Luật Kinh Tế', '231', '06/02/2017', 'tx', ' Đào tạo từ xa', '27'),
	('VT', 'VT216413', 'VT209', ' Vũng Tàu - Khóa 2017 VB.2 - ĐTTX - Quản Trị Kinh Doanh', '231', '06/02/2017', 'tx', ' Đào tạo từ xa', '27'),
	('VT', 'VT218323', 'VT209', ' Vũng Tàu - Khóa 2019 VB.2 - ĐTTX - Luật Kinh tế', '485', '28/08/2019', 'tx', ' Đào tạo từ xa', '28'),
	('VT', 'VT219322', 'VT211', ' Vũng Tàu - Khóa 2020 VB.2 - ĐTTX - Luật Kinh tế', '257', '09/09/2020', 'tx', ' Đào tạo từ xa', '28'),
	('VT', 'VT221341', 'VT212', ' Vũng Tàu - Khóa 2021 VB.2 - ĐTTX - Luật', '96', '01/04/2021', 'tx', ' Đào tạo từ xa', '28'),
	('VT', 'VT221343', 'VT214', ' Vũng Tàu - Khóa 2022 - Luật VB2', '543', '28/12/2022', 'tx', ' Đào tạo từ xa', '28'),
	('VT', 'VT221811', 'VT213', ' Vũng Tàu - Khóa 2021 VB.2 - ĐTTX - Kế Toán', '96', '01/04/2021', 'tx', ' Đào tạo từ xa', '28'),
	('VT', 'VT516413', 'VT503', ' Vũng Tàu - Khóa 2017 - LT - ĐTTX - Quản Trị Kinh Doanh', '231', '06/02/2017', 'tx', ' Đào tạo từ xa', '27'),
	('VT', 'VT516813', 'VT504', ' Vũng Tàu - Khóa 2017 - LT - ĐTTX - Kế Toán', '231', '06/02/2017', 'tx', ' Đào tạo từ xa', '27'),
	('VT', 'VT521811', 'VT505', ' Vũng Tàu - Khóa 2021 - LT - ĐTTX - Kế Toán', '96', '01/04/2021', 'tx', ' Đào tạo từ xa', '28'),
	('XL', '_TRANOTXXL', 'XL001', ' Lớp có môn học tổ chức thi trả nợ hình thức Đào tạo từ xa', '', '', 'tx', ' Đào tạo từ xa', '28'),
	('XL', '_TRANOVLXL', 'XL003', ' Lớp có môn học tổ chức thi trả nợ hình thức Vừa làm vừa học', '', '', 'vl', ' Vừa làm vừa học', '28'),
	('XL', 'XL121343', 'XL101', ' XUÂN LỘC - KHÓA 2022 - VB1 LUẬT', '457', '01/11/2022', 'tx', ' Đào tạo từ xa', '28'),
	('XL', 'XL221343', 'XL201', ' XUÂN LỘC - KHÓA 2022 - VB2 LUẬT', '457', '01/11/2022', 'tx', ' Đào tạo từ xa', '28'),
	('XL', 'XL31432', 'XL301', ' Xuân Lộc/Đồng Nai - VLVH - Khóa 2014 - Luật Kinh Tế', '', '', 'vl', ' Vừa làm vừa học', '27'),
	('XO', '_TRANOTXXO', 'XO001', ' Lớp có môn học tổ chức thi trả nợ hình thức Đào tạo từ xa', '', '', 'tx', ' Đào tạo từ xa', '22'),
	('XO', 'XO11331', 'XO104', ' Thống Nhất Đồng Nai - Khóa 2013 - Kinh Tế Luật', '', '', 'tx', ' Đào tạo từ xa', '0'),
	('XO', 'XO115322', 'XO105', ' Thống Nhất Đồng Nai - Khóa 2016 - Luật Kinh Tế', '1913', '30/12/2016', 'tx', ' Đào tạo từ xa', '22'),
	('XO', 'XO116342', 'XO106', '', '', '', 'tx', ' Đào tạo từ xa', '22'),
	('XO', 'XO119342', 'XO107', ' Thống Nhất Đồng Nai - Khóa 2020 - Luật', '167', '26/06/2020', 'tx', ' Đào tạo từ xa', '22'),
	('XO', 'XO121343', 'XO108', ' Thống Nhất Đồng Nai - Khóa 2022 - Luật VB1', '383', '13/09/2022', 'tx', ' Đào tạo từ xa', '22'),
	('XO', 'XO122342', 'XO109', ' Thống Nhất Đồng Nai - Khóa 2023 - Luật VB1', '272', '26/06/2023', 'tx', ' Đào tạo từ xa', '22'),
	('XO', 'XO221343', 'XO201', ' Thống Nhất Đồng Nai - Khóa 2022 - Luật VB2', '383', '13/09/2022', 'tx', ' Đào tạo từ xa', '22'),
	('XO', 'XO222342', 'XO202', ' Thống Nhất Đồng Nai - Khóa 2023 - Luật VB2', '272', '26/06/2023', 'tx', ' Đào tạo từ xa', '22'),
	('YK', 'YK11162', 'YT103', ' TT.ĐTBD CB DS - Bộ Y Tế/ Kiên Giang - Khóa 2011 - CTXH', '', '', 'tx', ' Đào tạo từ xa', '0');
/*!40000 ALTER TABLE `link_unit_accounting` ENABLE KEYS */;

-- Dumping structure for table theodoihocphi.permission
DROP TABLE IF EXISTS `permission`;
CREATE TABLE IF NOT EXISTS `permission` (
  `permission` varchar(100) CHARACTER SET utf8 COLLATE utf8_unicode_ci NOT NULL,
  `descript` varchar(500) CHARACTER SET utf8 COLLATE utf8_unicode_ci DEFAULT NULL,
  PRIMARY KEY (`permission`)
) ENGINE=InnoDB DEFAULT CHARSET=utf8mb3 COLLATE=utf8_unicode_ci;

-- Dumping data for table theodoihocphi.permission: ~6 rows (approximately)
/*!40000 ALTER TABLE `permission` DISABLE KEYS */;
INSERT INTO `permission` (`permission`, `descript`) VALUES
	('account', 'Kế toán'),
	('admin', 'Administrator'),
	('ADMIN_DVLK', 'admin đơn vị liên kết'),
	('hoc_lieu', 'Học liệu'),
	('leader', 'Lãnh đạo'),
	('QLV', 'Quản lý vùng');
/*!40000 ALTER TABLE `permission` ENABLE KEYS */;

-- Dumping structure for table theodoihocphi.permission_action
DROP TABLE IF EXISTS `permission_action`;
CREATE TABLE IF NOT EXISTS `permission_action` (
  `ID` int NOT NULL AUTO_INCREMENT,
  `permission` varchar(100) CHARACTER SET utf8 COLLATE utf8_unicode_ci NOT NULL,
  `action` varchar(100) CHARACTER SET utf8 COLLATE utf8_unicode_ci NOT NULL,
  PRIMARY KEY (`ID`,`permission`,`action`),
  KEY `fk_per_ac` (`permission`),
  KEY `fk_ac_per` (`action`),
  CONSTRAINT `fk_ac_per` FOREIGN KEY (`action`) REFERENCES `action` (`action`) ON DELETE CASCADE ON UPDATE CASCADE,
  CONSTRAINT `fk_per_ac` FOREIGN KEY (`permission`) REFERENCES `permission` (`permission`) ON DELETE CASCADE ON UPDATE CASCADE
) ENGINE=InnoDB AUTO_INCREMENT=1523 DEFAULT CHARSET=utf8mb3 COLLATE=utf8_unicode_ci;

-- Dumping data for table theodoihocphi.permission_action: ~53 rows (approximately)
/*!40000 ALTER TABLE `permission_action` DISABLE KEYS */;
INSERT INTO `permission_action` (`ID`, `permission`, `action`) VALUES
	(114, 'account', 'accounting'),
	(144, 'account', 'reset_password'),
	(1117, 'account', 'guide'),
	(1359, 'account', 'revenue'),
	(1519, 'account', 'search'),
	(1521, 'account', 'list_student'),
	(1522, 'account', 'one_student'),
	(54, 'admin', 'course_ware'),
	(55, 'admin', 'list_student'),
	(57, 'admin', 'statistical'),
	(71, 'admin', 'accounting'),
	(74, 'admin', 'get_class'),
	(107, 'admin', 'search'),
	(142, 'admin', 'reset_password'),
	(1118, 'admin', 'guide'),
	(1226, 'admin', 'subject_register'),
	(1281, 'admin', 'one_student'),
	(1360, 'admin', 'revenue'),
	(1482, 'admin', 'register'),
	(1499, 'ADMIN_DVLK', 'accounting'),
	(1500, 'ADMIN_DVLK', 'course_ware'),
	(1501, 'ADMIN_DVLK', 'get_class'),
	(1502, 'ADMIN_DVLK', 'guide'),
	(1503, 'ADMIN_DVLK', 'list_student'),
	(1504, 'ADMIN_DVLK', 'one_student'),
	(1505, 'ADMIN_DVLK', 'reset_password'),
	(1506, 'ADMIN_DVLK', 'revenue'),
	(1507, 'ADMIN_DVLK', 'search'),
	(1508, 'ADMIN_DVLK', 'statistical'),
	(1509, 'ADMIN_DVLK', 'subject_register'),
	(109, 'hoc_lieu', 'course_ware'),
	(1119, 'hoc_lieu', 'guide'),
	(1227, 'hoc_lieu', 'subject_register'),
	(1282, 'hoc_lieu', 'one_student'),
	(1361, 'hoc_lieu', 'revenue'),
	(100, 'leader', 'list_student'),
	(101, 'leader', 'get_class'),
	(103, 'leader', 'search'),
	(104, 'leader', 'statistical'),
	(1006, 'leader', 'reset_password'),
	(1120, 'leader', 'guide'),
	(1228, 'leader', 'subject_register'),
	(1283, 'leader', 'one_student'),
	(1362, 'leader', 'revenue'),
	(1510, 'QLV', 'get_class'),
	(1511, 'QLV', 'guide'),
	(1512, 'QLV', 'list_student'),
	(1513, 'QLV', 'one_student'),
	(1514, 'QLV', 'reset_password'),
	(1515, 'QLV', 'revenue'),
	(1516, 'QLV', 'search'),
	(1517, 'QLV', 'statistical'),
	(1518, 'QLV', 'subject_register');
/*!40000 ALTER TABLE `permission_action` ENABLE KEYS */;

-- Dumping structure for table theodoihocphi.receipt_book
DROP TABLE IF EXISTS `receipt_book`;
CREATE TABLE IF NOT EXISTS `receipt_book` (
  `ID_receipt` varchar(100) CHARACTER SET utf8 COLLATE utf8_unicode_ci NOT NULL,
  `ID_dvlk` varchar(5) CHARACTER SET utf8 COLLATE utf8_unicode_ci DEFAULT NULL,
  `dvlk` varchar(255) CHARACTER SET utf8 COLLATE utf8_unicode_ci DEFAULT NULL,
  `ID_semester` varchar(45) CHARACTER SET utf8 COLLATE utf8_unicode_ci DEFAULT NULL,
  `semester` varchar(100) CHARACTER SET utf8 COLLATE utf8_unicode_ci DEFAULT NULL,
  `start_day` date DEFAULT NULL,
  `end_day` date DEFAULT NULL,
  `create_day` date DEFAULT NULL,
  `status` varchar(45) CHARACTER SET utf8 COLLATE utf8_unicode_ci DEFAULT NULL,
  PRIMARY KEY (`ID_receipt`)
) ENGINE=InnoDB DEFAULT CHARSET=utf8mb3 COLLATE=utf8_unicode_ci;

-- Dumping data for table theodoihocphi.receipt_book: ~0 rows (approximately)
/*!40000 ALTER TABLE `receipt_book` DISABLE KEYS */;
/*!40000 ALTER TABLE `receipt_book` ENABLE KEYS */;

-- Dumping structure for table theodoihocphi.student_accounting
DROP TABLE IF EXISTS `student_accounting`;
CREATE TABLE IF NOT EXISTS `student_accounting` (
  `mssv` varchar(45) CHARACTER SET utf8 COLLATE utf8_unicode_ci NOT NULL,
  `first_name` varchar(100) CHARACTER SET utf8 COLLATE utf8_unicode_ci DEFAULT NULL,
  `last_name` varchar(100) CHARACTER SET utf8 COLLATE utf8_unicode_ci DEFAULT NULL,
  `id_group` varchar(100) CHARACTER SET utf8 COLLATE utf8_unicode_ci DEFAULT NULL,
  `id_bill` varchar(100) CHARACTER SET utf8 COLLATE utf8_unicode_ci NOT NULL,
  `fee_bill` varchar(100) CHARACTER SET utf8 COLLATE utf8_unicode_ci DEFAULT NULL,
  `pay_date` varchar(100) CHARACTER SET utf8 COLLATE utf8_unicode_ci DEFAULT NULL,
  `ghiChu` varchar(500) CHARACTER SET utf8 COLLATE utf8_unicode_ci DEFAULT NULL,
  `ID_accounting` varchar(100) CHARACTER SET utf8 COLLATE utf8_unicode_ci DEFAULT NULL,
  KEY `fk_accounting` (`ID_accounting`),
  CONSTRAINT `fk_accounting` FOREIGN KEY (`ID_accounting`) REFERENCES `accounting` (`ID_accounting`) ON DELETE CASCADE ON UPDATE CASCADE
) ENGINE=InnoDB DEFAULT CHARSET=utf8mb3 COLLATE=utf8_unicode_ci;

-- Dumping data for table theodoihocphi.student_accounting: ~793 rows (approximately)
/*!40000 ALTER TABLE `student_accounting` DISABLE KEYS */;
INSERT INTO `student_accounting` (`mssv`, `first_name`, `last_name`, `id_group`, `id_bill`, `fee_bill`, `pay_date`, `ghiChu`, `ID_accounting`) VALUES
	('81213013TH2', 'Nguyễn Thị Minh', 'Tâm', 'TH146', '-4617071844280540602', '870000', '24/09/2023', 'Thu Học Phí HK 3 (2022-2023)', 'TH2312132023r3'),
	('812130007TH', 'Trương Quốc', 'Tỉnh', 'TH144', '-4626290205911237530', '3480000', '09/11/2023', 'Thu Học Phí HK 3 (2022-2023)', 'TH2312132023r3'),
	('342130001VT', 'Nguyễn Ngọc Bảo', 'An', 'VT122', '-4631682986715721894', '870000', '20/09/2023', 'Thu Học Phí HK 3 (2022-2023)', 'VT2312142023r3'),
	('412010013VT', 'Trần Nguyễn Anh', 'Tuấn', 'VT121', '-4654210306236985459', '2610000', '09/08/2023', 'Thu Học Phí HK 3 (2022-2023)', 'VT2312142023r3'),
	('412220014TH', 'Trần Thanh', 'Vân', 'TH146', '-4658328883546093946', '870000', '23/09/2023', 'Thu Học Phí HK 3 (2022-2023)', 'TH2312132023r3'),
	('412220002TH', 'Nguyễn Võ Thùy', 'Dương', 'TH146', '-4660291233593436385', '870000', '28/09/2023', 'Thu Học Phí HK 3 (2022-2023)', 'TH2312132023r3'),
	('81222001TE5', 'Nguyễn Lan', 'Anh', 'TE112', '-4674923360435899045', '1200000', '22/09/2023', 'Thu Học Phí HK 3 (2022-2023)', 'TE2312132023r3'),
	('32140067VT', 'Lê Thị Hồ', 'Mi', 'VT122', '-4696014572470480737', '1450000', '23/09/2023', 'Thu Học Phí HK 3 (2022-2023)', 'VT2312142023r3'),
	('341930041TE', 'Vũ Minh', 'Hiếu', 'TE101', '-4707508478614839437', '2400000', '08/09/2023', 'Thu Học Phí HK 3 (2022-2023)', 'TE2312132023r3'),
	('81222009TH5', 'Nguyễn Thị Thùy', 'Trang', 'TH146', '-4709978225651274976', '1200000', '23/09/2023', 'Thu Học Phí HK 3 (2022-2023)', 'TH2312132023r3'),
	('34213004TH2', 'Trần Hữu', 'Huy', 'TH143', '-4712664467742526322', '3190000', '21/09/2023', 'Thu Học Phí HK 3 (2022-2023)', 'TH2312132023r3'),
	('342110044LG', 'Trần Nữ Hiền', 'Na', 'TH141', '-4728135266316932228', '2900000', '20/09/2023', 'Thu Học Phí HK 3 (2022-2023)', 'TH2312132023r3'),
	('411931007TE', 'Trương Thị', 'Nga', 'TE102', '-4747463307750552256', '800000', '14/09/2023', 'Thu Học Phí HK 3 (2022-2023)', 'TE2312132023r3'),
	('412220011TH', 'Nguyễn Ngọc', 'Tài', 'TH146', '-4756433493345949671', '2900000', '25/09/2023', 'Thu Học Phí HK 3 (2022-2023)', 'TH2312132023r3'),
	('34213010TH2', 'Phạm Ngọc Hồng', 'Thịnh', 'TH143', '-4757132867918933611', '3190000', '20/09/2023', 'Thu Học Phí HK 3 (2022-2023)', 'TH2312132023r3'),
	('342130005TH', 'Đoàn Xuân', 'Huy', 'TH143', '-4773476691506946705', '3190000', '20/09/2023', 'Thu Học Phí HK 3 (2022-2023)', 'TH2312132023r3'),
	('812110001VT', 'Trần Thị Kim', 'Cúc', 'VT123', '-4783489586375786710', '3480000', '14/08/2023', 'Thu Học Phí HK 3 (2022-2023)', 'VT2312142023r3'),
	('412220007TH', 'Trần Quốc', 'Hòa', 'TH146', '-4791108564960694752', '2900000', '23/09/2023', 'Thu Học Phí HK 3 (2022-2023)', 'TH2312132023r3'),
	('81222005TH5', 'Trần Nguyễn Thanh', 'Phong', 'TH146', '-4793470465958939274', '1200000', '24/09/2023', 'Thu Học Phí HK 3 (2022-2023)', 'TH2312132023r3'),
	('81222007TH5', 'Nguyễn Thị Phương', 'Thảo', 'TH146', '-4797626536185265060', '1200000', '21/09/2023', 'Thu Học Phí HK 3 (2022-2023)', 'TH2312132023r3'),
	('41203004TE2', 'Hồ Quang', 'Thoại', 'TE105', '-4798394366898525550', '3600000', '23/09/2023', 'Thu Học Phí HK 3 (2022-2023)', 'TE2312132023r3'),
	('342030023TE', 'Phạm Ngọc', 'Anh', 'TE001', '-4803913478198646413', '1200000', '10/11/2023', 'Thu Học Phí HK 3 (2022-2023)', 'TE2312132023r3'),
	('342030025TH', 'Phan Ngọc Bảo', 'Trân', 'TH140', '-4805440295361364375', '3480000', '20/09/2023', 'Thu Học Phí HK 3 (2022-2023)', 'TH2312132023r3'),
	('342130022TH', 'Đoàn Thái', 'Châu', 'TH143', '-4808097565945488483', '3190000', '20/09/2023', 'Thu Học Phí HK 3 (2022-2023)', 'TH2312132023r3'),
	('342210032TE', 'Y Duy', 'Uông', 'TE108', '-4815768493675158643', '1200000', '02/11/2023', 'Thu Học Phí HK 3 (2022-2023)', 'TE2312132023r3'),
	('34213010VT2', 'Nguyễn Thị Minh', 'Trang', 'VT124', '-4819196395929767482', '3190000', '20/11/2023', 'Thu Học Phí HK 1 (2023-2024)', 'VT2312142023r3'),
	('81222012TH5', 'Lưu Thị Thanh', 'Bình', 'TH146', '-4830115436083018196', '1200000', '23/09/2023', 'Thu Học Phí HK 3 (2022-2023)', 'TH2312132023r3'),
	('341930024TE', 'Nguyễn Văn', 'Hùng', 'TE101', '-4833831338609075020', '2400000', '08/09/2023', 'Thu Học Phí HK 3 (2022-2023)', 'TE2312132023r3'),
	('34211019VT2', 'Nguyễn Hoàng', 'Long', 'VT122', '-4839860115401278782', '3770000', '08/11/2023', 'Thu Học Phí HK 1 (2023-2024)', 'VT2312142023r3'),
	('34222005TE2', 'Vũ Thị Minh', 'Hà', 'TE108', '-4845474806354332571', '1200000', '10/08/2023', 'Thu Học Phí HK 3 (2022-2023)', 'TE2312132023r3'),
	('81213004TH5', 'Nguyễn Thị Thanh', 'Lý', 'TH144', '-4851223412366371860', '3480000', '24/08/2023', 'Thu Học Phí HK 3 (2022-2023)', 'TH2312132023r3'),
	('812130012TH', 'Hoàng Thị Phương', 'Thảo', 'TH144', '-4851345155385944480', '3480000', '18/08/2023', 'Thu Học Phí HK 3 (2022-2023)', 'TH2312132023r3'),
	('412030001TE', 'Dương Nguyễn Hoài', 'An', 'TE102', '-4854870281895200952', '800000', '02/11/2023', 'Thu Học Phí HK 3 (2022-2023)', 'TE2312132023r3'),
	('342130021TH', 'Lê Thị Thu', 'Hiền', 'TH143', '-4862477027471273682', '3190000', '20/09/2023', 'Thu Học Phí HK 3 (2022-2023)', 'TH2312132023r3'),
	('81211010VT2', 'Nguyễn Li', 'Na', 'VT123', '-4870897667420517411', '3480000', '10/08/2023', 'Thu Học Phí HK 3 (2022-2023)', 'VT2312142023r3'),
	('81212011TE2', 'Lê Thị', 'Hương', 'TE110', '-4876582945812165704', '4800000', '08/08/2023', 'Thu Học Phí HK 3 (2022-2023)', 'TE2312132023r3'),
	('41222001TH5', 'Trần Thị Bích', 'Hảo', 'TH146', '-4882519730643588693', '2900000', '23/09/2023', 'Thu Học Phí HK 3 (2022-2023)', 'TH2312132023r3'),
	('34212021TE2', 'Trương Văn', 'Tuyến', 'TE108', '-4889700573190206947', '5200000', '26/09/2023', 'Thu Học Phí HK 3 (2022-2023)', 'TE2312132023r3'),
	('81222002TE2', 'Lê Thị Thanh', 'Hải', 'TE113', '-4890286197473029075', '2400000', '24/09/2023', 'Thu Học Phí HK 3 (2022-2023)', 'TE2312132023r3'),
	('81211013VT2', 'Trần Văn', 'Thế', 'VT123', '-4890572991456303970', '3480000', '22/08/2023', 'Thu Học Phí HK 3 (2022-2023)', 'VT2312142023r3'),
	('81222004TH5', 'Trần Thị Ánh', 'Ngà', 'TH146', '-4892874025272274959', '1200000', '24/09/2023', 'Thu Học Phí HK 3 (2022-2023)', 'TH2312132023r3'),
	('412220016TE', 'Trần Văn', 'Thọ', 'TE112', '-4903401752648545134', '4800000', '05/08/2023', 'Thu Học Phí HK 3 (2022-2023)', 'TE2312132023r3'),
	('81213006TH5', 'Phan Thị', 'Phượng', 'TH144', '-4926681033929936900', '3480000', '23/09/2023', 'Thu Học Phí HK 3 (2022-2023)', 'TH2312132023r3'),
	('81222008TH5', 'Võ Ngọc Tuyết', 'Trâm', 'TH146', '-4926867986938886398', '1200000', '24/09/2023', 'Thu Học Phí HK 3 (2022-2023)', 'TH2312132023r3'),
	('34222010TH2', 'Lê Thị Ngọc', 'Tuyền', 'TH145', '-4935665032143673794', '4000000', '22/09/2023', 'Thu Học Phí HK 3 (2022-2023)', 'TH2312132023r3'),
	('342030011TE', 'Hoàng Văn', 'Thuận', 'TE102', '-4938314518028321965', '1600000', '25/09/2023', 'Thu Học Phí HK 3 (2022-2023)', 'TE2312132023r3'),
	('81212002TE5', 'Bùi Thị Quỳnh', 'Chi', 'TE110', '-4943136551577381323', '4800000', '08/09/2023', 'Thu Học Phí HK 3 (2022-2023)', 'TE2312132023r3'),
	('342220008TH', 'Hồ Đồng Lý', 'Tấn', 'TH145', '-4955967577820144665', '4000000', '24/09/2023', 'Thu Học Phí HK 3 (2022-2023)', 'TH2312132023r3'),
	('342130004TH', 'Đỗ Lâm', 'Hưng', 'TH143', '-4965111989234693468', '3190000', '24/09/2023', 'Thu Học Phí HK 3 (2022-2023)', 'TH2312132023r3'),
	('41222005TH5', 'Nguyễn Thị Kim', 'Ngọc', 'TH146', '-4988326369184565709', '2030000', '21/09/2023', 'Thu Học Phí HK 3 (2022-2023)', 'TH2312132023r3'),
	('342030015TE', 'Lý Thị', 'Đào', 'TE102', '-5009534638505650279', '1600000', '08/08/2023', 'Thu Học Phí HK 3 (2022-2023)', 'TE2312132023r3'),
	('34211018LG2', 'Nguyễn Thị Thanh', 'Giang', 'LG001', '-5010180615522167640', '320000', '17/11/2023', 'Thu Học Phí HK 2 (2022-2023)', 'TH2312132023r3'),
	('41212005TH5', 'Nguyễn Thị Thanh', 'Trương', 'TH142', '-5021738976709456231', '3480000', '23/10/2023', 'Thu Học Phí HK 3 (2022-2023)', 'TH2312132023r3'),
	('34211004VT2', 'Nguyễn Thanh', 'Thuận', 'VT122', '-5023612821074001112', '3770000', '24/09/2023', 'Thu Học Phí HK 3 (2022-2023)', 'VT2312142023r3'),
	('41222001TH2', 'Nguyễn Long', 'Đỉnh', 'TH146', '-5031860371814073540', '870000', '24/09/2023', 'Thu Học Phí HK 3 (2022-2023)', 'TH2312132023r3'),
	('342210010TE', 'Hà Văn', 'Chiến', 'TE108', '-5036637813500412961', '1200000', '19/10/2023', 'Thu Học Phí HK 3 (2022-2023)', 'TE2312132023r3'),
	('34213009VT2', 'Phạm Công', 'Thành', 'VT124', '-5038611080887678459', '3190000', '20/11/2023', 'Thu Học Phí HK 1 (2023-2024)', 'VT2312142023r3'),
	('342030019TH', 'Nguyễn Thị Hồng', 'Sương', 'TH140', '-5048686989404936278', '3480000', '14/10/2023', 'Thu Học Phí HK 3 (2022-2023)', 'TH2312132023r3'),
	('342030024TH', 'Phan Thị Như', 'Trúc', 'TH140', '-5056064963088554847', '3480000', '19/10/2023', 'Thu Học Phí HK 3 (2022-2023)', 'TH2312132023r3'),
	('34203002TE2', 'Trần Lê Bảo', 'Trung', 'TE107', '-5060283165764203852', '3600000', '28/08/2023', 'Thu Học Phí HK 3 (2022-2023)', 'TE2312132023r3'),
	('342130009TH', 'Châu Thị Ngọc', 'Ngà', 'TH143', '-5073181019092449502', '3190000', '23/09/2023', 'Thu Học Phí HK 3 (2022-2023)', 'TH2312132023r3'),
	('812130005TH', 'Trần Thị Thu', 'Thảo', 'TH144', '-5084567925773893272', '3480000', '21/09/2023', 'Thu Học Phí HK 3 (2022-2023)', 'TH2312132023r3'),
	('34212004TE2', 'Lê Xuân Tài', 'Thu', 'TE108', '-5091598837144390152', '5200000', '17/11/2023', 'Thu Học Phí HK 3 (2022-2023)', 'TE2312132023r3'),
	('342030031TH', 'Bờ Đam Thị', 'Hiểm', 'TH140', '-5096485234401380200', '3480000', '20/08/2023', 'Thu Học Phí HK 3 (2022-2023)', 'TH2312132023r3'),
	('341931020TE', 'Y', 'Chất', 'TE102', '-5096846698754013838', '800000', '23/09/2023', 'Thu Học Phí HK 3 (2022-2023)', 'TE2312132023r3'),
	('342130011TH', 'Phan Ngọc Tuấn', 'Phi', 'TH143', '-5105461766072162384', '3190000', '23/09/2023', 'Thu Học Phí HK 3 (2022-2023)', 'TH2312132023r3'),
	('342030020TH', 'Trần Thị Ánh', 'Tuyết', 'TH140', '-5167435285785185713', '3480000', '20/08/2023', 'Thu Học Phí HK 3 (2022-2023)', 'TH2312132023r3'),
	('41222005TH5', 'Nguyễn Thị Kim', 'Ngọc', 'TH146', '-5167596934552107650', '870000', '21/09/2023', 'Thu Học Phí HK 3 (2022-2023)', 'TH2312132023r3'),
	('34211022VT2', 'Nguyễn Thị', 'Tuyết', 'VT122', '-5180010695793640777', '3770000', '20/09/2023', 'Thu Học Phí HK 3 (2022-2023)', 'VT2312142023r3'),
	('342130020TH', 'Trịnh Thị', 'Phương', 'TH143', '-5196567289191075206', '3190000', '21/09/2023', 'Thu Học Phí HK 3 (2022-2023)', 'TH2312132023r3'),
	('81222017TE2', 'Võ Thị', 'Hoa', 'TE113', '-5200873133939280409', '2400000', '21/09/2023', 'Thu Học Phí HK 3 (2022-2023)', 'TE2312132023r3'),
	('34211002LG2', 'Phan Thị', 'Ý', 'TH141', '-5203134313814923620', '2900000', '07/08/2023', 'Thu Học Phí HK 3 (2022-2023)', 'TH2312132023r3'),
	('812120004TE', 'Nguyễn Đức', 'Phú', 'TE110', '-5210818291414885007', '4800000', '14/10/2023', 'Thu Học Phí HK 3 (2022-2023)', 'TE2312132023r3'),
	('81211012VT2', 'Nguyễn Thị', 'Duyên', 'VT123', '-5217079417882040699', '3480000', '07/09/2023', 'Thu Học Phí HK 3 (2022-2023)', 'VT2312142023r3'),
	('34211010LG2', 'Trương Thị Thanh', 'Huyền', 'TH141', '-5219911986934489357', '2900000', '21/09/2023', 'Thu Học Phí HK 3 (2022-2023)', 'TH2312132023r3'),
	('34213010TH2', 'Phạm Ngọc Hồng', 'Thịnh', 'TH001', '-5230253613974547320', '290000', '14/09/2023', 'Thu Học Phí HK 3 (2022-2023)', 'TH2312132023r3'),
	('342210027TE', 'Phạm Ngọc', 'Anh', 'TE108', '-5233132232437758122', '1200000', '08/11/2023', 'Thu Học Phí HK 3 (2022-2023)', 'TE2312132023r3'),
	('81213009TH2', 'Trương Hải', 'Vân', 'TH144', '-5236003335757979963', '3480000', '10/08/2023', 'Thu Học Phí HK 3 (2022-2023)', 'TH2312132023r3'),
	('342130019TH', 'Trần Thị Bích', 'Phượng', 'TH143', '-5246921903087477893', '3190000', '23/09/2023', 'Thu Học Phí HK 3 (2022-2023)', 'TH2312132023r3'),
	('81203004TE5', 'Nguyễn Thị Ngọc', 'Nương', 'TE103', '-5260535351568010135', '1600000', '13/09/2023', 'Thu Học Phí HK 3 (2022-2023)', 'TE2312132023r3'),
	('342030034TH', 'Thiềm Anh', 'Khoa', 'TH140', '-5261603339508892783', '3480000', '02/11/2023', 'Thu Học Phí HK 3 (2022-2023)', 'TH2312132023r3'),
	('81203003TE2', 'Nguyễn Thế', 'Công', 'TE103', '-5268547296460513493', '1600000', '21/09/2023', 'Thu Học Phí HK 3 (2022-2023)', 'TE2312132023r3'),
	('311930031CN', 'Nguyễn Văn', 'Thương', 'CN104', '-5277938044769676612', '3600000', '30/10/2023', 'Thu Học Phí HK 2 (2022-2023)', 'CN2312122023r3'),
	('81213015TH5', 'Vũ Thị Ánh', 'Nguyệt', 'TH144', '-5292958392367865734', '3480000', '22/09/2023', 'Thu Học Phí HK 3 (2022-2023)', 'TH2312132023r3'),
	('342030021TH', 'Nguyễn Văn', 'Thuận', 'TH140', '-5293689992696637277', '3200000', '02/08/2023', 'Thu Học Phí HK 2 (2022-2023)', 'TH2312132023r3'),
	('81222010TE2', 'Nguyễn Thị Hồng', 'Thắm', 'TE113', '-5299263978006173754', '2400000', '22/09/2023', 'Thu Học Phí HK 3 (2022-2023)', 'TE2312132023r3'),
	('412030014TE', 'Nguyễn Xuân', 'Huyền', 'TE102', '-5309695576863785377', '800000', '17/10/2023', 'Thu Học Phí HK 3 (2022-2023)', 'TE2312132023r3'),
	('41212004TH5', 'Phạm Ngọc Cẩm', 'Thư', 'TH142', '-5312773454369873171', '3480000', '02/10/2023', 'Thu Học Phí HK 3 (2022-2023)', 'TH2312132023r3'),
	('81222012TE2', 'Lê Thị', 'Duyên', 'TE113', '-5322314727177957355', '2400000', '12/08/2023', 'Thu Học Phí HK 3 (2022-2023)', 'TE2312132023r3'),
	('34222005TH2', 'Trịnh Thị Bích', 'Trâm', 'TH145', '-5334616165346980118', '4000000', '21/09/2023', 'Thu Học Phí HK 3 (2022-2023)', 'TH2312132023r3'),
	('341920002TH', 'Huỳnh Tấn', 'Đạt', 'TH001', '-5338061983922435918', '290000', '21/09/2023', 'Thu Học Phí HK 3 (2022-2023)', 'TH2312132023r3'),
	('81213003TH5', 'Mai Diễm', 'Ly', 'TH144', '-5343280466898907351', '3480000', '07/10/2023', 'Thu Học Phí HK 3 (2022-2023)', 'TH2312132023r3'),
	('21192002TH2', 'Nguyễn Thanh', 'Duy', 'TH139', '-5347097974994096726', '5040000', '21/09/2023', 'Thu Học Phí HK 3 (2022-2023)', 'TH2312132023r3'),
	('812220003TE', 'Nguyễn Huy', 'Hoàng', 'TE112', '-5348143950614560241', '1200000', '16/08/2023', 'Thu Học Phí HK 3 (2022-2023)', 'TE2312132023r3'),
	('34222018TE2', 'Lê Đỗ Phương', 'Uyên', 'TE108', '-5381482126802610196', '1200000', '22/09/2023', 'Thu Học Phí HK 3 (2022-2023)', 'TE2312132023r3'),
	('412220006TH', 'Lê Hữu', 'Hiệu', 'TH146', '-5384041123555140545', '870000', '20/09/2023', 'Thu Học Phí HK 3 (2022-2023)', 'TH2312132023r3'),
	('34203001TH2', 'Nguyễn Thị Minh', 'Phương', 'TH140', '-5387199295871572187', '1450000', '08/09/2023', 'Thu Học Phí HK 3 (2022-2023)', 'TH2312132023r3'),
	('41203001TE2', 'Bùi Cao', 'Vĩ', 'TE105', '-5388877959450454006', '3600000', '01/10/2023', 'Thu Học Phí HK 3 (2022-2023)', 'TE2312132023r3'),
	('412220008TH', 'Nguyễn Trọng', 'Hướng', 'TH146', '-5405733457457526148', '870000', '24/09/2023', 'Thu Học Phí HK 3 (2022-2023)', 'TH2312132023r3'),
	('342130016TH', 'Nguyễn Hoàng', 'Sơn', 'TH143', '-5414702145220672901', '4160000', '20/09/2023', 'Thu Học Phí HK 2 (2022-2023)', 'TH2312132023r3'),
	('412220001TH', 'Nguyễn Thị Bé', 'Ba', 'TH146', '-5421932541860009407', '2900000', '23/09/2023', 'Thu Học Phí HK 3 (2022-2023)', 'TH2312132023r3'),
	('811931015TE', 'Hồ Thị', 'Hải', 'TE103', '-5425455075985388795', '1600000', '31/10/2023', 'Thu Học Phí HK 3 (2022-2023)', 'TE2312132023r3'),
	('412010026VT', 'Lê Hoàng', 'Phát', 'VT001', '-5450856422762195448', '290000', '20/09/2023', 'Thu Học Phí HK 3 (2022-2023)', 'VT2312142023r3'),
	('812030001TE', 'Nguyễn Thị Hoàng', 'Anh', 'TE102', '-5475418822472918848', '800000', '23/09/2023', 'Thu Học Phí HK 3 (2022-2023)', 'TE2312132023r3'),
	('342030012TE', 'Đỗ Văn Giáp', 'Trường', 'TE102', '-5487326437429249588', '1600000', '26/09/2023', 'Thu Học Phí HK 3 (2022-2023)', 'TE2312132023r3'),
	('34211019VT2', 'Nguyễn Hoàng', 'Long', 'VT122', '-5494194695799124749', '3770000', '02/08/2023', 'Thu Học Phí HK 3 (2022-2023)', 'VT2312142023r3'),
	('41203006TE5', 'Nguyễn Thị Tuyết', 'Trinh', 'TE105', '-5503303654230117389', '2400000', '29/08/2023', 'Thu Học Phí HK 3 (2022-2023)', 'TE2312132023r3'),
	('412220012TH', 'Nguyễn Minh', 'Tâm', 'TH146', '-5503303825584637213', '870000', '22/09/2023', 'Thu Học Phí HK 3 (2022-2023)', 'TH2312132023r3'),
	('34222024TE2', 'Phan Thị Thúy', 'Yên', 'TE108', '-5515953840102803472', '1200000', '23/09/2023', 'Thu Học Phí HK 3 (2022-2023)', 'TE2312132023r3'),
	('342110005LG', 'Nguyễn Thanh', 'Hòa', 'TH141', '-5518397749961549726', '2900000', '09/09/2023', 'Thu Học Phí HK 3 (2022-2023)', 'TH2312132023r3'),
	('341930019TE', 'Triệu Đức', 'Toàn', 'TE101', '-5523418933775950580', '2400000', '05/09/2023', 'Thu Học Phí HK 3 (2022-2023)', 'TE2312132023r3'),
	('81193007BDT', 'Võ Minh', 'Nhật', 'BD301', '-5528812861467767722', '1760000', '30/08/2023', 'Thu Học Phí HK 3 (2022-2023)', 'BD2312132023r3'),
	('34203014TE2', 'Nguyễn Thị Kim', 'Thanh', 'TE107', '-5533664880565125591', '3600000', '07/09/2023', 'Thu Học Phí HK 3 (2022-2023)', 'TE2312132023r3'),
	('342030013TH', 'Phạm Ngọc', 'Minh', 'TH140', '-5535870879229886684', '1740000', '08/11/2023', 'Thu Học Phí HK 1 (2023-2024)', 'TH2312132023r3'),
	('341920033TH', 'Trần Ngọc', 'Sâm', 'TH001', '-5545587369966221773', '290000', '21/09/2023', 'Thu Học Phí HK 3 (2022-2023)', 'TH2312132023r3'),
	('34213016TH2', 'Nguyễn Thị Bích', 'Thủy', 'TH143', '-5553374049860277064', '3190000', '23/09/2023', 'Thu Học Phí HK 3 (2022-2023)', 'TH2312132023r3'),
	('412120019TH', 'Hà Duy', 'Thịnh', 'TH142', '-5553562579200660508', '4350000', '22/09/2023', 'Thu Học Phí HK 3 (2022-2023)', 'TH2312132023r3'),
	('412030013TE', 'Nguyễn Thành', 'Nam', 'TE102', '-5556711277943644361', '800000', '26/10/2023', 'Thu Học Phí HK 3 (2022-2023)', 'TE2312132023r3'),
	('341930001TE', 'Đặng Thanh', 'Bắc', 'TE101', '-5558410926202074142', '2400000', '08/09/2023', 'Thu Học Phí HK 3 (2022-2023)', 'TE2312132023r3'),
	('342110012VT', 'Phạm Ngọc', 'Khải', 'VT122', '-5563824541069523403', '3770000', '26/09/2023', 'Thu Học Phí HK 3 (2022-2023)', 'VT2312142023r3'),
	('34203015TE2', 'Lưu Thị', 'Trinh', 'TE107', '-5577412019063500471', '3600000', '08/09/2023', 'Thu Học Phí HK 3 (2022-2023)', 'TE2312132023r3'),
	('341810049TB', 'Phạm Minh', 'Tâm', 'CN104', '-5577952260034235137', '360000', '25/10/2023', 'Thu Học Phí HK 2 (2022-2023)', 'CN2312122023r3'),
	('342110037LG', 'Phan Đình', 'Tuấn', 'TH141', '-5579594329718587935', '2900000', '04/08/2023', 'Thu Học Phí HK 3 (2022-2023)', 'TH2312132023r3'),
	('34211021LG2', 'Nguyễn Trọng Thúy', 'Đào', 'TH141', '-5582312027610804020', '2900000', '05/09/2023', 'Thu Học Phí HK 3 (2022-2023)', 'TH2312132023r3'),
	('34213014TH2', 'Trần Xuân Bảo', 'Trang', 'TH143', '-5590518536180071158', '3190000', '21/09/2023', 'Thu Học Phí HK 3 (2022-2023)', 'TH2312132023r3'),
	('321920031BI', 'Hạp Tiến', 'Vân', 'VT120', '-5590764302628603046', '1080000', '06/10/2023', 'Thu Học Phí HK 2 (2022-2023)', 'VT2312142023r3'),
	('34222002TH2', 'Nguyễn Hồ', 'Luân', 'TH145', '-5605477958354364325', '4000000', '24/09/2023', 'Thu Học Phí HK 3 (2022-2023)', 'TH2312132023r3'),
	('412120007TH', 'Phan Văn', 'Quý', 'TH142', '-5611526505520819184', '4350000', '01/11/2023', 'Thu Học Phí HK 3 (2022-2023)', 'TH2312132023r3'),
	('341930012TE', 'Hoàng Thị', 'Lan', 'TE101', '-5614635121437450933', '2400000', '08/09/2023', 'Thu Học Phí HK 3 (2022-2023)', 'TE2312132023r3'),
	('34211012LG2', 'Trần Thị', 'Hiền', 'TH141', '-5615544758707761454', '2900000', '31/08/2023', 'Thu Học Phí HK 3 (2022-2023)', 'TH2312132023r3'),
	('41212002TH2', 'Huỳnh Thị Thanh', 'Sang', 'TH142', '-5616426945981730882', '4350000', '22/09/2023', 'Thu Học Phí HK 3 (2022-2023)', 'TH2312132023r3'),
	('41212003TE2', 'Đỗ Trọng', 'Hoàng', 'TE109', '-5619768459584498497', '6000000', '26/08/2023', 'Thu Học Phí HK 3 (2022-2023)', 'TE2312132023r3'),
	('342110022LG', 'Lê Khả', 'Vinh', 'TH141', '-5629546127191169338', '2900000', '17/08/2023', 'Thu Học Phí HK 3 (2022-2023)', 'TH2312132023r3'),
	('41222002TH2', 'Phan Thị Yến', 'Nhi', 'TH146', '-5631332413533982630', '2030000', '24/09/2023', 'Thu Học Phí HK 3 (2022-2023)', 'TH2312132023r3'),
	('81213013TH2', 'Nguyễn Thị Minh', 'Tâm', 'TH144', '-5641860685831388012', '3480000', '24/09/2023', 'Thu Học Phí HK 3 (2022-2023)', 'TH2312132023r3'),
	('81222009TE5', 'Nguyễn Thị Thu', 'Huyền', 'TE112', '-5652128100218925023', '1200000', '02/10/2023', 'Thu Học Phí HK 3 (2022-2023)', 'TE2312132023r3'),
	('311930026CN', 'Đỗ Thanh Rạng', 'Thông', 'CN104', '-5658405610476126828', '3600000', '20/09/2023', 'Thu Học Phí HK 3 (2022-2023)', 'CN2312122023r3'),
	('342120006TE', 'Nguyễn Đức', 'Luận', 'TE108', '-5663877285794441757', '5200000', '31/10/2023', 'Thu Học Phí HK 3 (2022-2023)', 'TE2312132023r3'),
	('41203003VM5', 'Trần Vũ Phương', 'My', 'TE001', '-5665156770623320128', '400000', '25/09/2023', 'Thu Học Phí HK 2 (2022-2023)', 'TE2312132023r3'),
	('342030019TE', 'Nguyễn Anh', 'Đài', 'TE102', '-5672107462574237111', '1600000', '30/08/2023', 'Thu Học Phí HK 3 (2022-2023)', 'TE2312132023r3'),
	('342030007TH', 'Hà Thị Thu', 'Hằng', 'TH140', '-5680004303721263957', '3480000', '03/08/2023', 'Thu Học Phí HK 3 (2022-2023)', 'TH2312132023r3'),
	('41212003TH2', 'Hoàng Thiên', 'Vũ', 'TH142', '-5680036920631520064', '4350000', '20/09/2023', 'Thu Học Phí HK 3 (2022-2023)', 'TH2312132023r3'),
	('34203008TE2', 'Phạm Văn', 'Chí', 'TE107', '-5683742803469499449', '3600000', '08/09/2023', 'Thu Học Phí HK 3 (2022-2023)', 'TE2312132023r3'),
	('342030021TH', 'Nguyễn Văn', 'Thuận', 'TH136', '-5686155782752103509', '1280000', '02/08/2023', 'Thu Học Phí HK 2 (2022-2023)', 'TH2312132023r3'),
	('34213013TH2', 'Trần Thị Mỹ', 'Xuyên', 'TH143', '-5691351695704862427', '3190000', '20/09/2023', 'Thu Học Phí HK 3 (2022-2023)', 'TH2312132023r3'),
	('412120024TH', 'Ngô Thị Kim', 'Nga', 'TH142', '-5694064113542267148', '4350000', '25/09/2023', 'Thu Học Phí HK 3 (2022-2023)', 'TH2312132023r3'),
	('211920009TH', 'Nguyễn Xuân', 'Việt', 'TH139', '-5697542277721030643', '5040000', '04/10/2023', 'Thu Học Phí HK 3 (2022-2023)', 'TH2312132023r3'),
	('412120014TH', 'Trần Tú', 'Uyên', 'TH142', '-5715485086841855219', '4350000', '01/11/2023', 'Thu Học Phí HK 3 (2022-2023)', 'TH2312132023r3'),
	('342030007TE', 'Nguyễn Ngọc', 'Nguyên', 'TE102', '-5729591989118061367', '1600000', '08/09/2023', 'Thu Học Phí HK 3 (2022-2023)', 'TE2312132023r3'),
	('81222004TH2', 'Nguyễn Anh', 'Tú', 'TH228', '-5737105491074252856', '2400000', '26/09/2023', 'Thu Học Phí HK 3 (2022-2023)', 'TH2312132023r3'),
	('81203006TE5', 'Nguyễn Thị Thu', 'Uyên', 'TE103', '-5740724227227336422', '1600000', '22/09/2023', 'Thu Học Phí HK 3 (2022-2023)', 'TE2312132023r3'),
	('311930028CN', 'Trần Thị Quỳnh', 'Vy', 'CN104', '-5758472610727326717', '800000', '24/09/2023', 'Thu Học Phí HK 3 (2022-2023)', 'CN2312122023r3'),
	('341920026TH', 'Đắc Nữ Lý Kim', 'Tuệ', 'TH001', '-5787328059319654774', '290000', '21/09/2023', 'Thu Học Phí HK 3 (2022-2023)', 'TH2312132023r3'),
	('34222003TH2', 'Nguyễn Thị Thu', 'Thảo', 'TH145', '-5807082289131321084', '4000000', '21/09/2023', 'Thu Học Phí HK 3 (2022-2023)', 'TH2312132023r3'),
	('41222005TE2', 'Huỳnh Thị Kiều', 'Hưng', 'TE112', '-5826201508357005683', '3600000', '25/09/2023', 'Thu Học Phí HK 3 (2022-2023)', 'TE2312132023r3'),
	('342130023TH', 'Lê Đức', 'Dương', 'TH143', '-5826792289619686255', '3190000', '21/09/2023', 'Thu Học Phí HK 3 (2022-2023)', 'TH2312132023r3'),
	('81212005TE2', 'Trần Xuân', 'Quỳnh', 'TE001', '-5826932841086545850', '400000', '21/09/2023', 'Thu Học Phí HK 2 (2022-2023)', 'TE2312132023r3'),
	('34211018LG2', 'Nguyễn Thị Thanh', 'Giang', 'TH141', '-5840032825334232240', '870000', '17/11/2023', 'Thu Học Phí HK 1 (2021-2022)', 'TH2312132023r3'),
	('342120026TE', 'Nguyễn Thu', 'Thủy', 'TE108', '-5850286898946758288', '5200000', '17/10/2023', 'Thu Học Phí HK 3 (2022-2023)', 'TE2312132023r3'),
	('342030027TE', 'Trần Đình', 'Hùng', 'TE102', '-5852088191991243605', '1600000', '17/08/2023', 'Thu Học Phí HK 3 (2022-2023)', 'TE2312132023r3'),
	('812030005TE', 'Trần Thị Kiều', 'Loan', 'TE112', '-5862788518623771446', '1200000', '30/08/2023', 'Thu Học Phí HK 3 (2022-2023)', 'TE2312132023r3'),
	('412220015TH', 'Trần Tuấn', 'Việt', 'TH146', '-5878885831743762643', '870000', '21/09/2023', 'Thu Học Phí HK 3 (2022-2023)', 'TH2312132023r3'),
	('812130001TH', 'Lê Thị Quế', 'Anh', 'TH144', '-5882593762411040961', '3480000', '20/09/2023', 'Thu Học Phí HK 3 (2022-2023)', 'TH2312132023r3'),
	('41212005TH2', 'Trần Minh', 'Hiếu', 'TH142', '-5896393231757212296', '4350000', '22/09/2023', 'Thu Học Phí HK 3 (2022-2023)', 'TH2312132023r3'),
	('34213009TH2', 'Vũ Công', 'Thăng', 'TH143', '-5897549612960468592', '3190000', '15/08/2023', 'Thu Học Phí HK 3 (2022-2023)', 'TH2312132023r3'),
	('342030009TE', 'Trần Văn', 'Quỳnh', 'TE102', '-5907263372833938977', '1600000', '19/08/2023', 'Thu Học Phí HK 3 (2022-2023)', 'TE2312132023r3'),
	('341930025TE', 'Trần Thị', 'Nam', 'TE101', '-5912736012784798776', '2400000', '08/09/2023', 'Thu Học Phí HK 3 (2022-2023)', 'TE2312132023r3'),
	('341931007TE', 'Hoàng Văn', 'Cường', 'TE102', '-5930879758904687347', '3200000', '01/11/2023', 'Thu Học Phí HK 3 (2022-2023)', 'TE2312132023r3'),
	('311930011CN', 'Võ Thị Thiên', 'Nhung', 'CN104', '-5966973232728265127', '3600000', '22/09/2023', 'Thu Học Phí HK 3 (2022-2023)', 'CN2312122023r3'),
	('412120010TH', 'Lương Bá', 'Thiên', 'TH142', '-5977995576477423469', '4350000', '29/09/2023', 'Thu Học Phí HK 3 (2022-2023)', 'TH2312132023r3'),
	('812220015TE', 'Nguyễn Thị', 'Thủy', 'TE112', '-5983794926799313805', '1200000', '22/09/2023', 'Thu Học Phí HK 3 (2022-2023)', 'TE2312132023r3'),
	('342110008VT', 'Lê Thị Hồng', 'Nhung', 'VT122', '-6002820525288288446', '3770000', '13/08/2023', 'Thu Học Phí HK 3 (2022-2023)', 'VT2312142023r3'),
	('412120023TH', 'Võ Thị Tuyết', 'Trinh', 'TH142', '-6003431201967544200', '4350000', '25/09/2023', 'Thu Học Phí HK 3 (2022-2023)', 'TH2312132023r3'),
	('81222013TH5', 'Huỳnh Thị Kim', 'Yến', 'TH146', '-6006812080442351340', '2400000', '22/09/2023', 'Thu Học Phí HK 3 (2022-2023)', 'TH2312132023r3'),
	('342120012TE', 'Đỗ Thị Yến', 'Phi', 'TE108', '-6030649627869267446', '5200000', '23/09/2023', 'Thu Học Phí HK 3 (2022-2023)', 'TE2312132023r3'),
	('412010020VT', 'Phạm Nguyễn Đăng', 'Khoa', 'VT121', '-6043133356184166465', '2610000', '07/08/2023', 'Thu Học Phí HK 3 (2022-2023)', 'VT2312142023r3'),
	('41222003TH5', 'Nguyễn Huỳnh Hương', 'Trâm', 'TH146', '-6065699654121468536', '2030000', '24/09/2023', 'Thu Học Phí HK 3 (2022-2023)', 'TH2312132023r3'),
	('342030023TH', 'Nguyễn Thị Huyền', 'Trang', 'TH140', '-6066414943634742008', '3480000', '23/10/2023', 'Thu Học Phí HK 3 (2022-2023)', 'TH2312132023r3'),
	('34213001TH2', 'Phan Ngọc', 'Đẩu', 'TH143', '-6072271458557522074', '3190000', '25/09/2023', 'Thu Học Phí HK 3 (2022-2023)', 'TH2312132023r3'),
	('341930045TE', 'Nguyễn Đình', 'Đang', 'TE101', '-6075118497194876036', '2400000', '08/09/2023', 'Thu Học Phí HK 3 (2022-2023)', 'TE2312132023r3'),
	('81213001TH2', 'Nguyễn Thị Như', 'Hảo', 'TH144', '-6075304279636004036', '3480000', '22/09/2023', 'Thu Học Phí HK 3 (2022-2023)', 'TH2312132023r3'),
	('41212009TH5', 'Trần Thiết', 'Thạch', 'TH142', '-6080722546155054136', '3480000', '22/09/2023', 'Thu Học Phí HK 3 (2022-2023)', 'TH2312132023r3'),
	('81213001TH5', 'Nguyễn Thị Lan', 'Anh', 'TH144', '-6089621435091472258', '3480000', '25/09/2023', 'Thu Học Phí HK 3 (2022-2023)', 'TH2312132023r3'),
	('412220009TH', 'Nguyễn Thị Diễm', 'My', 'TH146', '-6090599313427258526', '1160000', '22/09/2023', 'Thu Học Phí HK 3 (2022-2023)', 'TH2312132023r3'),
	('81203010TE2', 'Cao Thị Bích', 'Thảo', 'TE103', '-6093244821132345524', '1600000', '28/10/2023', 'Thu Học Phí HK 3 (2022-2023)', 'TE2312132023r3'),
	('342110041LG', 'Đoàn Thị', 'Liên', 'TH141', '-6096344582100362940', '2900000', '12/08/2023', 'Thu Học Phí HK 3 (2022-2023)', 'TH2312132023r3'),
	('342130017TH', 'Trương Thanh', 'Toàn', 'TH143', '-6098532167678538152', '3190000', '21/09/2023', 'Thu Học Phí HK 3 (2022-2023)', 'TH2312132023r3'),
	('41203005TE5', 'Trần Thị Thu', 'Trang', 'TE105', '-6098810423545407851', '2400000', '06/09/2023', 'Thu Học Phí HK 3 (2022-2023)', 'TE2312132023r3'),
	('311930002CN', 'Nguyễn Dương', 'Huynh', 'CN104', '-6104425905828576105', '3600000', '23/09/2023', 'Thu Học Phí HK 3 (2022-2023)', 'CN2312122023r3'),
	('342220005TH', 'Nguyễn Văn', 'Minh', 'TH145', '-6110163579920521956', '4000000', '23/09/2023', 'Thu Học Phí HK 3 (2022-2023)', 'TH2312132023r3'),
	('412010028VT', 'Nguyễn Thị Anh', 'Thư', 'VT001', '-6113587590314958814', '580000', '20/09/2023', 'Thu Học Phí HK 3 (2022-2023)', 'VT2312142023r3'),
	('311930028CN', 'Trần Thị Quỳnh', 'Vy', 'CN104', '-6116059380345902202', '3600000', '24/09/2023', 'Thu Học Phí HK 3 (2022-2023)', 'CN2312122023r3'),
	('812030005TE', 'Trần Thị Kiều', 'Loan', 'TE102', '-6123641059313803481', '800000', '30/08/2023', 'Thu Học Phí HK 3 (2022-2023)', 'TE2312132023r3'),
	('81222006TH5', 'Bùi Bích', 'Phượng', 'TH146', '-6141748412422130524', '1200000', '23/09/2023', 'Thu Học Phí HK 3 (2022-2023)', 'TH2312132023r3'),
	('411931004TE', 'Hồ Thủy', 'Nhi', 'TE102', '-6147456885881038012', '800000', '21/09/2023', 'Thu Học Phí HK 3 (2022-2023)', 'TE2312132023r3'),
	('81192010TH2', 'Thái Thị Hoàng', 'Vân', 'TH144', '-6159167931089902818', '1740000', '22/09/2023', 'Thu Học Phí HK 3 (2022-2023)', 'TH2312132023r3'),
	('41222003TE2', 'Nguyễn Đức', 'Huệ', 'TE112', '-6160448967728662868', '3600000', '24/09/2023', 'Thu Học Phí HK 3 (2022-2023)', 'TE2312132023r3'),
	('812130010TH', 'Nguyễn Thị Thanh', 'Tú', 'TH144', '-6161439732958017139', '3480000', '20/09/2023', 'Thu Học Phí HK 3 (2022-2023)', 'TH2312132023r3'),
	('342030013TH', 'Phạm Ngọc', 'Minh', 'TH140', '-6163041296222513476', '1160000', '08/11/2023', 'Thu Học Phí HK 1 (2023-2024)', 'TH2312132023r3'),
	('342220013TH', 'Trương Tấn', 'Đạt', 'TH145', '-6164728500656872744', '4000000', '23/10/2023', 'Thu Học Phí HK 3 (2022-2023)', 'TH2312132023r3'),
	('322010007TB', 'Phạm Tiến', 'Đạt', 'CN104', '-6168324729611255026', '360000', '18/11/2023', 'Thu Học Phí HK 2 (2022-2023)', 'CN2312122023r3'),
	('412220001TE', 'Nguyễn Thị', 'Bình', 'TE112', '-6175341095720999139', '4800000', '02/10/2023', 'Thu Học Phí HK 3 (2022-2023)', 'TE2312132023r3'),
	('34211003LG2', 'Trần Nguyễn Kim', 'Thoa', 'TH141', '-6177865115382618594', '2900000', '04/08/2023', 'Thu Học Phí HK 3 (2022-2023)', 'TH2312132023r3'),
	('341930060TE', 'Nguyễn Thị', 'Thu', 'TE101', '-6179131370066301792', '2400000', '08/09/2023', 'Thu Học Phí HK 3 (2022-2023)', 'TE2312132023r3'),
	('41212006TH2', 'Nguyễn Minh', 'Luân', 'TH142', '-6181091908712057417', '4350000', '22/09/2023', 'Thu Học Phí HK 3 (2022-2023)', 'TH2312132023r3'),
	('41222006TH5', 'Trần Ngọc', 'Pháp', 'TH146', '-6200817317601563112', '870000', '23/09/2023', 'Thu Học Phí HK 3 (2022-2023)', 'TH2312132023r3'),
	('342110019VT', 'Nguyễn Thị', 'Hương', 'VT122', '-6207399818884691501', '3770000', '23/09/2023', 'Thu Học Phí HK 3 (2022-2023)', 'VT2312142023r3'),
	('412030012TE', 'Phan Anh', 'Tuấn', 'TE102', '-6208953298106644858', '800000', '28/09/2023', 'Thu Học Phí HK 3 (2022-2023)', 'TE2312132023r3'),
	('34211017LG2', 'Nguyễn Thị Mỹ', 'Phương', 'TH141', '-6216275040037355760', '2900000', '08/09/2023', 'Thu Học Phí HK 3 (2022-2023)', 'TH2312132023r3'),
	('32163018TP2', 'Mai Thanh', 'Tâm', 'VT124', '-6219811979378350921', '-990000', '08/09/2023', 'Thu Học Phí HK 3 (2022-2023)', 'VT2312142023r3'),
	('34211023LG2', 'Trần Thị Mỹ', 'Vân', 'TH141', '-6220714598566032206', '2900000', '21/09/2023', 'Thu Học Phí HK 3 (2022-2023)', 'TH2312132023r3'),
	('412030008TE', 'Đinh Phi', 'Tiến', 'TE102', '-6231044575397823571', '800000', '21/09/2023', 'Thu Học Phí HK 3 (2022-2023)', 'TE2312132023r3'),
	('34211003VT2', 'Phạm Quốc', 'Long', 'VT122', '-6237732469658316712', '3770000', '23/09/2023', 'Thu Học Phí HK 3 (2022-2023)', 'VT2312142023r3'),
	('412220015TE', 'Hà Văn', 'Tuấn', 'TE112', '-6249633150189339757', '4800000', '05/10/2023', 'Thu Học Phí HK 3 (2022-2023)', 'TE2312132023r3'),
	('342030001TE', 'Lý Văn', 'Bộ', 'TE102', '-6258148606855164390', '1600000', '06/09/2023', 'Thu Học Phí HK 3 (2022-2023)', 'TE2312132023r3'),
	('341930035TE', 'Lương Thị Kim', 'Chi', 'TE101', '-6272328305839635656', '2400000', '23/08/2023', 'Thu Học Phí HK 3 (2022-2023)', 'TE2312132023r3'),
	('34212009TE2', 'Lương Xuân', 'Tạo', 'TE108', '-6273006174517059022', '5200000', '23/09/2023', 'Thu Học Phí HK 3 (2022-2023)', 'TE2312132023r3'),
	('81222002TH2', 'Lê Thị Thúy', 'Duyên', 'TH146', '-6277263839171421671', '1200000', '22/09/2023', 'Thu Học Phí HK 3 (2022-2023)', 'TH2312132023r3'),
	('412120020TH', 'Phan', 'Hùng', 'TH142', '-6280246002005009810', '4350000', '20/09/2023', 'Thu Học Phí HK 3 (2022-2023)', 'TH2312132023r3'),
	('41222004TH2', 'Trịnh Thị Phương', 'Thảo', 'TH146', '-6299700420418265713', '2900000', '24/09/2023', 'Thu Học Phí HK 3 (2022-2023)', 'TH2312132023r3'),
	('412120002TH', 'Trần Ngọc', 'Hiếu', 'TH142', '-6302394566265424206', '4350000', '22/09/2023', 'Thu Học Phí HK 3 (2022-2023)', 'TH2312132023r3'),
	('41212004TH2', 'Lê Minh', 'Chí', 'TH142', '-6303016245289899536', '4350000', '26/10/2023', 'Thu Học Phí HK 3 (2022-2023)', 'TH2312132023r3'),
	('412220014TH', 'Trần Thanh', 'Vân', 'TH146', '-6313783361127165805', '2900000', '23/09/2023', 'Thu Học Phí HK 3 (2022-2023)', 'TH2312132023r3'),
	('34213018TH2', 'Nguyễn Trần Như', 'Nga', 'TH143', '-6319938787021733627', '3190000', '09/09/2023', 'Thu Học Phí HK 3 (2022-2023)', 'TH2312132023r3'),
	('211920005TH', 'Lê Minh', 'Hiên', 'TH139', '-6321021963890504900', '5040000', '22/09/2023', 'Thu Học Phí HK 3 (2022-2023)', 'TH2312132023r3'),
	('342030012TH', 'Trần Ngọc Quang', 'Minh', 'TH001', '-6321281438083368018', '580000', '10/11/2023', 'Thu Học Phí HK 3 (2022-2023)', 'TH2312132023r3'),
	('812120013TE', 'Nguyễn Như', 'Hà', 'TE110', '-6345445253322908034', '4800000', '24/09/2023', 'Thu Học Phí HK 3 (2022-2023)', 'TE2312132023r3'),
	('81213013TH5', 'Nguyễn Thị', 'Khuê', 'TH144', '-6346979337269431997', '3480000', '24/09/2023', 'Thu Học Phí HK 3 (2022-2023)', 'TH2312132023r3'),
	('81212015TE2', 'Đoàn Thị Thúy', 'Trâm', 'TE110', '-6353798266636317254', '4800000', '22/09/2023', 'Thu Học Phí HK 3 (2022-2023)', 'TE2312132023r3'),
	('412010028VT', 'Nguyễn Thị Anh', 'Thư', 'VT121', '-6378424638369832739', '2610000', '20/09/2023', 'Thu Học Phí HK 3 (2022-2023)', 'VT2312142023r3'),
	('41222002TE5', 'Lê Thị Thu', 'Huyền', 'TE112', '-6397919730195449627', '3600000', '06/09/2023', 'Thu Học Phí HK 3 (2022-2023)', 'TE2312132023r3'),
	('341931014TE', 'Nguyễn Văn', 'Bình', 'TE102', '-6410791944212894225', '2400000', '23/09/2023', 'Thu Học Phí HK 3 (2022-2023)', 'TE2312132023r3'),
	('412030015TE', 'Nguyễn Thế', 'Anh', 'TE102', '-6424949715107100877', '800000', '07/10/2023', 'Thu Học Phí HK 3 (2022-2023)', 'TE2312132023r3'),
	('34213013VT2', 'Hoàng Thị Trang', 'Nhung', 'VT122', '-6431044803796', '870000', '02/08/2023', 'Thu học phí HK 3 (2022-2023)', 'VT2312142023r3'),
	('812220006TE', 'Lê Nguyễn Trúc', 'Linh', 'TE112', '-6431530412730', '1200000', '02/08/2023', 'Thu học phí HK 3 (2022-2023)', 'TE2312132023r3'),
	('341930037TE', 'Đinh Đại', 'Thắng', 'TE101', '-6433199654923', '2400000', '04/08/2023', 'Thu học phí HK 3 (2022-2023)', 'TE2312132023r3'),
	('411620025TP', 'Trang Duy', 'Minh', 'TE105', '-6433531445821', '990000', '04/08/2023', 'Thu học phí HK 3 (2022-2023)', 'TE2312132023r3'),
	('342030010TH', 'Võ Quang', 'Khôi', 'TH140', '-6433600555054', '3480000', '04/08/2023', 'Thu học phí HK 3 (2022-2023)', 'TH2312132023r3'),
	('342130005VT', 'Nguyễn Hữu', 'Lai', 'VT122', '-6433895697571', '870000', '04/08/2023', 'Thu học phí HK 3 (2022-2023)', 'VT2312142023r3'),
	('412030022TE', 'Vũ Thị', 'Nguyệt', 'TE102', '-6434037291055', '800000', '04/08/2023', 'Thu học phí HK 3 (2022-2023)', 'TE2312132023r3'),
	('412220017TH', 'Hồ Ngọc', 'Thạch', 'TH146', '-6437128241770846610', '2900000', '24/09/2023', 'Thu Học Phí HK 3 (2022-2023)', 'TH2312132023r3'),
	('812220012TE', 'Bùi Thị Thu', 'Trang', 'TE112', '-6438183545444', '1200000', '01/08/2023', 'Thu học phí HK 3 (2022-2023)', 'TE2312132023r3'),
	('81203004TE2', 'Nguyễn Thị Hải', 'Yến', 'TE103', '-6440355682433', '1600000', '07/08/2023', 'Thu học phí HK 3 (2022-2023)', 'TE2312132023r3'),
	('412220006TE', 'Lê Đăng', 'Khương', 'TE112', '-6440545299527', '4800000', '07/08/2023', 'Thu học phí HK 3 (2022-2023)', 'TE2312132023r3'),
	('342130014TH', 'Đỗ Lý Kiều', 'Vân', 'TH143', '-6441024516883957370', '3190000', '24/09/2023', 'Thu Học Phí HK 3 (2022-2023)', 'TH2312132023r3'),
	('341930038TE', 'Võ Thị', 'Vân', 'TE101', '-6441565116310', '2400000', '08/08/2023', 'Thu học phí HK 3 (2022-2023)', 'TE2312132023r3'),
	('81203001TE5', 'Đỗ Thị Minh', 'Hòa', 'TE103', '-6443091643892', '1600000', '09/08/2023', 'Thu học phí HK 3 (2022-2023)', 'TE2312132023r3'),
	('32163018TP2', 'Mai Thanh', 'Tâm', 'TH146', '-6443566815144', '990000', '09/08/2023', 'Thu học phí HK 3 (2022-2023)', 'TH2312132023r3'),
	('34213004VT2', 'Võ Ngân', 'Hiếu', 'VT122', '-6444161791533', '870000', '10/08/2023', 'Thu học phí HK 3 (2022-2023)', 'VT2312142023r3'),
	('341931013TE', 'Thái Bá', 'Cần', 'TE001', '-6444177538131', '800000', '17/08/2023', 'Thu học phí HK 2 (2021-2022)', 'TE2312132023r3'),
	('342110042LG', 'Lê Thị Mỹ', 'Huyền', 'TH141', '-6444421574616', '2900000', '10/08/2023', 'Thu học phí HK 3 (2022-2023)', 'TH2312132023r3'),
	('342210033TE', 'Nguyễn Thị Thu', 'Hà', 'TE108', '-6444427934296', '1200000', '17/08/2023', 'Thu học phí HK 3 (2022-2023)', 'TE2312132023r3'),
	('34213007VT2', 'Lâm Cẩm', 'Tú', 'VT122', '-6444541333514', '870000', '17/08/2023', 'Thu học phí HK 3 (2022-2023)', 'VT2312142023r3'),
	('34213003VT2', 'Nguyễn Thị Mỹ', 'Hạnh', 'VT122', '-6446539304615', '870000', '12/08/2023', 'Thu học phí HK 3 (2022-2023)', 'VT2312142023r3'),
	('34211014LG2', 'Nguyễn Thị Trà', 'My', 'TH141', '-6446620312443', '2900000', '12/08/2023', 'Thu học phí HK 3 (2022-2023)', 'TH2312132023r3'),
	('342030029TE', 'Hà Thái', 'Sơn', 'TE102', '-6446689531895', '1600000', '12/08/2023', 'Thu học phí HK 3 (2022-2023)', 'TE2312132023r3'),
	('341930034TE', 'Phan Viết', 'Tuấn', 'TE101', '-6447158626922718179', '2400000', '08/09/2023', 'Thu Học Phí HK 3 (2022-2023)', 'TE2312132023r3'),
	('412010012VT', 'Nguyễn Văn', 'Toan', 'VT121', '-6454222103733', '2610000', '29/08/2023', 'Thu học phí HK 3 (2022-2023)', 'VT2312142023r3'),
	('342130014VT', 'Nguyễn Văn Nhựt', 'Tâm', 'VT122', '-6454229662510', '870000', '29/08/2023', 'Thu học phí HK 3 (2022-2023)', 'VT2312142023r3'),
	('34213011VT2', 'Lê Văn', 'Khỏe', 'VT122', '-6454234552452', '870000', '29/08/2023', 'Thu học phí HK 3 (2022-2023)', 'VT2312142023r3'),
	('412010025VT', 'Võ Minh', 'Tâm', 'VT121', '-6454238646145', '2610000', '29/08/2023', 'Thu học phí HK 3 (2022-2023)', 'VT2312142023r3'),
	('34213008VT2', 'Lê Mạnh', 'Thắng', 'VT122', '-6454243516461', '870000', '29/08/2023', 'Thu học phí HK 3 (2022-2023)', 'VT2312142023r3'),
	('34213015VT2', 'Đặng Minh', 'Nam', 'VT122', '-6454243556133', '870000', '29/08/2023', 'Thu học phí HK 3 (2022-2023)', 'VT2312142023r3'),
	('412010014VT', 'Trịnh Thị', 'Thu', 'VT121', '-6454247811630', '2610000', '29/08/2023', 'Thu học phí HK 3 (2022-2023)', 'VT2312142023r3'),
	('342110001LG', 'Nguyễn Đào', 'Cường', 'TH141', '-6454663651567', '2900000', '22/08/2023', 'Thu học phí HK 3 (2022-2023)', 'TH2312132023r3'),
	('341930047TE', 'Y Hang', 'Niê', 'TE101', '-6455238436536', '2400000', '30/08/2023', 'Thu học phí HK 3 (2022-2023)', 'TE2312132023r3'),
	('342030016TE', 'Vũ Đức', 'Hưng', 'TE102', '-6455552131842', '1600000', '23/08/2023', 'Thu học phí HK 3 (2022-2023)', 'TE2312132023r3'),
	('34203003TE2', 'Hoàng Thị Ngọc', 'Yến', 'TE107', '-6456205157138', '3600000', '30/08/2023', 'Thu học phí HK 3 (2022-2023)', 'TE2312132023r3'),
	('34203006TE2', 'Trần Cao', 'Nguyên', 'TE107', '-6456227204103', '3600000', '30/08/2023', 'Thu học phí HK 3 (2022-2023)', 'TE2312132023r3'),
	('34203009TE2', 'Phạm Huy', 'Bình', 'TE107', '-6456527103352', '3600000', '31/08/2023', 'Thu học phí HK 3 (2022-2023)', 'TE2312132023r3'),
	('342110021LG', 'Đặng Thị Minh', 'Trang', 'TH141', '-6456623065299', '2900000', '31/08/2023', 'Thu học phí HK 3 (2022-2023)', 'TH2312132023r3'),
	('41212004TE5', 'Phan Thanh', 'Tâm', 'TE109', '-6458403472486271858', '6000000', '02/11/2023', 'Thu Học Phí HK 3 (2022-2023)', 'TE2312132023r3'),
	('81222011TE2', 'Lê Thị Hà', 'Vi', 'TE113', '-6459408078242570594', '2400000', '17/09/2023', 'Thu Học Phí HK 3 (2022-2023)', 'TE2312132023r3'),
	('81213006TH2', 'Phan Thị', 'Vy', 'TH144', '-6459434444530', '3480000', '26/08/2023', 'Thu học phí HK 3 (2022-2023)', 'TH2312132023r3'),
	('81213009TH5', 'Nguyễn Thị Ngọc', 'Yến', 'TH144', '-6459435623802', '3480000', '26/08/2023', 'Thu học phí HK 3 (2022-2023)', 'TH2312132023r3'),
	('412010022VT', 'Nguyễn Đức', 'Quý', 'VT121', '-6460699583884', '2610000', '31/08/2023', 'Thu học phí HK 3 (2022-2023)', 'VT2312142023r3'),
	('412220004TH', 'Nguyễn Viết', 'Đức', 'TH146', '-6460738809583498202', '870000', '23/09/2023', 'Thu Học Phí HK 3 (2022-2023)', 'TH2312132023r3'),
	('341930036TE', 'Phí Ngọc', 'Dương', 'TE101', '-6461503099462', '2400000', '08/09/2023', 'Thu học phí HK 3 (2022-2023)', 'TE2312132023r3'),
	('34213014VT2', 'Cao Xuân', 'Cương', 'VT122', '-6461703936212', '870000', '08/09/2023', 'Thu học phí HK 3 (2022-2023)', 'VT2312142023r3'),
	('81211001VT2', 'Trương Thị Thùy', 'Linh', 'VT123', '-6461719862415', '3480000', '08/09/2023', 'Thu học phí HK 3 (2022-2023)', 'VT2312142023r3'),
	('34211002VT2', 'Đào Nhật', 'Thịnh', 'VT122', '-6461723266488', '3770000', '08/09/2023', 'Thu học phí HK 3 (2022-2023)', 'VT2312142023r3'),
	('34211010VT2', 'Lưu Minh', 'Đức', 'VT122', '-6461729255722', '3770000', '08/09/2023', 'Thu học phí HK 3 (2022-2023)', 'VT2312142023r3'),
	('34211011VT2', 'Đoàn Quang', 'Hệ', 'VT122', '-6461730835576', '3770000', '08/09/2023', 'Thu học phí HK 3 (2022-2023)', 'VT2312142023r3'),
	('34211009VT2', 'Lại Minh', 'Hoàng', 'VT122', '-6461735232240', '3770000', '08/09/2023', 'Thu học phí HK 3 (2022-2023)', 'VT2312142023r3'),
	('342110027LG', 'Tống Văn Anh', 'Quân', 'TH141', '-6461735485166', '2900000', '08/09/2023', 'Thu học phí HK 3 (2022-2023)', 'TH2312132023r3'),
	('81211003VT2', 'Lê Thị Thu', 'Hà', 'VT123', '-6461739040723', '3480000', '08/09/2023', 'Thu học phí HK 3 (2022-2023)', 'VT2312142023r3'),
	('342110002LG', 'Nguyễn Thị Kim', 'Hải', 'TH141', '-6461742135209', '2900000', '08/09/2023', 'Thu học phí HK 3 (2022-2023)', 'TH2312132023r3'),
	('81211009VT5', 'Trần Thị Huyền', 'Trang', 'VT123', '-6462099098532079876', '1740000', '06/11/2023', 'Thu Học Phí HK 1 (2023-2024)', 'VT2312142023r3'),
	('341930018TE', 'Triệu Văn', 'Thành', 'TE101', '-6465244225665', '2400000', '11/09/2023', 'Thu học phí HK 3 (2022-2023)', 'TE2312132023r3'),
	('34212019TE2', 'Nguyễn Thị Minh', 'Hiên', 'TE108', '-6465330995339', '5200000', '11/09/2023', 'Thu học phí HK 3 (2022-2023)', 'TE2312132023r3'),
	('34211014VT2', 'Trương Thanh', 'Hải', 'VT122', '-6465361816307', '3770000', '11/09/2023', 'Thu học phí HK 3 (2022-2023)', 'VT2312142023r3'),
	('34211012VT2', 'Cao Văn', 'Trình', 'VT122', '-6465368344506', '3770000', '11/09/2023', 'Thu học phí HK 3 (2022-2023)', 'VT2312142023r3'),
	('342110020VT', 'Tô Thị', 'Chung', 'VT122', '-6465374954865', '3770000', '11/09/2023', 'Thu học phí HK 3 (2022-2023)', 'VT2312142023r3'),
	('34211008VT2', 'Khổng Thị Thu', 'Huyền', 'VT122', '-6465379343342', '3770000', '11/09/2023', 'Thu học phí HK 3 (2022-2023)', 'VT2312142023r3'),
	('34212007TE2', 'Ngô Thị', 'Yên', 'TE108', '-6465461433326', '5200000', '11/09/2023', 'Thu học phí HK 3 (2022-2023)', 'TE2312132023r3'),
	('412120002TE', 'Bùi Thị', 'Lan', 'TE109', '-6465465324983', '6000000', '11/09/2023', 'Thu học phí HK 3 (2022-2023)', 'TE2312132023r3'),
	('81203005TE2', 'Nguyễn Thị Anh', 'Thư', 'TE103', '-6465689542570', '1600000', '11/09/2023', 'Thu học phí HK 3 (2022-2023)', 'TE2312132023r3'),
	('341930048TE', 'H Nuen', 'Niê', 'TE101', '-6466166032767', '2400000', '05/09/2023', 'Thu học phí HK 3 (2022-2023)', 'TE2312132023r3'),
	('34213012VT2', 'Trần Ngọc', 'Lan', 'VT122', '-6466239109222', '870000', '12/09/2023', 'Thu học phí HK 3 (2022-2023)', 'VT2312142023r3'),
	('34202031QG2', 'Nguyễn Quang', 'Sang', 'CN104', '-6466346873665', '1080000', '12/09/2023', 'Thu học phí HK 2 (2022-2023)', 'CN2312122023r3'),
	('34211006LG2', 'Tống Phương', 'Thảo', 'TH141', '-6467342982590', '2900000', '06/09/2023', 'Thu học phí HK 3 (2022-2023)', 'TH2312132023r3'),
	('342110034LG', 'Đỗ Văn', 'Thúy', 'TH141', '-6467401248049', '2900000', '06/09/2023', 'Thu học phí HK 3 (2022-2023)', 'TH2312132023r3'),
	('342110006LG', 'Nguyễn Trần Minh', 'Kha', 'TH141', '-6467412684114', '2900000', '06/09/2023', 'Thu học phí HK 3 (2022-2023)', 'TH2312132023r3'),
	('342030022TH', 'Trần Lê', 'Thứ', 'TH140', '-6467532220507', '3480000', '06/09/2023', 'Thu học phí HK 3 (2022-2023)', 'TH2312132023r3'),
	('34203007TE2', 'Trần Thị Minh', 'Nguyệt', 'TE107', '-6467571572264', '3600000', '06/09/2023', 'Thu học phí HK 3 (2022-2023)', 'TE2312132023r3'),
	('342110008LG', 'Lê Quang', 'Lục', 'TH141', '-6468221412936', '2900000', '06/09/2023', 'Thu học phí HK 3 (2022-2023)', 'TH2312132023r3'),
	('34213001VT2', 'Nguyễn Thiện', 'Chí', 'VT122', '-6468326615002', '870000', '06/09/2023', 'Thu học phí HK 3 (2022-2023)', 'VT2312142023r3'),
	('342110020LG', 'Đinh Nhất', 'Thời', 'TH141', '-6468753498135', '2900000', '06/09/2023', 'Thu học phí HK 3 (2022-2023)', 'TH2312132023r3'),
	('34211028LG2', 'Lý Nguyễn Cẩm', 'Tú', 'TH141', '-6468756489163', '2900000', '06/09/2023', 'Thu học phí HK 3 (2022-2023)', 'TH2312132023r3'),
	('342110038LG', 'Nguyễn Tiến', 'Đức', 'TH141', '-6469117356714', '2900000', '07/09/2023', 'Thu học phí HK 3 (2022-2023)', 'TH2312132023r3'),
	('34211004LG2', 'Lương Thị Phương', 'Thảo', 'TH141', '-6469153082521', '2900000', '07/09/2023', 'Thu học phí HK 3 (2022-2023)', 'TH2312132023r3'),
	('342030002TE', 'Nguyễn Văn', 'Duẩn', 'TE102', '-6469173631521', '1600000', '07/09/2023', 'Thu học phí HK 3 (2022-2023)', 'TE2312132023r3'),
	('34212006TE2', 'Võ Thị', 'Liên', 'TE108', '-6469230814259', '5200000', '07/09/2023', 'Thu học phí HK 3 (2022-2023)', 'TE2312132023r3'),
	('34203010TE2', 'Nguyễn Thị Mỹ', 'Hòa', 'TE107', '-6469394313553', '3600000', '07/09/2023', 'Thu học phí HK 3 (2022-2023)', 'TE2312132023r3'),
	('342120028TE', 'Sùng Vang', 'Tính', 'TE108', '-6484165569993951089', '5200000', '02/11/2023', 'Thu Học Phí HK 3 (2022-2023)', 'TE2312132023r3'),
	('81222003TH5', 'Lâm Minh', 'Khánh', 'TH228', '-6484983691322869093', '1200000', '26/09/2023', 'Thu Học Phí HK 3 (2022-2023)', 'TH2312132023r3'),
	('412220012TE', 'Nguyễn Duy', 'Tài', 'TE112', '-6490147953631256976', '4800000', '21/09/2023', 'Thu Học Phí HK 3 (2022-2023)', 'TE2312132023r3'),
	('812220008TE', 'Phạm Quang', 'Nghĩa', 'TE112', '-6500146913654', '1200000', '12/09/2023', 'Thu học phí HK 3 (2022-2023)', 'TE2312132023r3'),
	('34213001VT2', 'Nguyễn Thiện', 'Chí', 'VT001', '-6501199195442', '290000', '20/09/2023', 'Thu học phí HK 3 (2022-2023)', 'VT2312142023r3'),
	('34212014TE2', 'Nguyễn Thị Bích', 'Loan', 'TE108', '-6501427760576', '5200000', '13/09/2023', 'Thu học phí HK 3 (2022-2023)', 'TE2312132023r3'),
	('34203003TH2', 'Lê Thị Minh', 'Thy', 'TH140', '-6501621200261', '1450000', '20/09/2023', 'Thu học phí HK 3 (2022-2023)', 'TH2312132023r3'),
	('34212018TE2', 'Đinh Ngọc', 'Bảng', 'TE001', '-6501651133362', '400000', '20/09/2023', 'Thu học phí HK 3 (2022-2023)', 'TE2312132023r3'),
	('34212010TE2', 'Trần Thị Ngọc', 'Anh', 'TE108', '-6501673558690', '5200000', '13/09/2023', 'Thu học phí HK 3 (2022-2023)', 'TE2312132023r3'),
	('341931001TE', 'Trần Ngọc', 'Hùng', 'TE102', '-6501750438916', '2400000', '20/09/2023', 'Thu học phí HK 3 (2022-2023)', 'TE2312132023r3'),
	('34222001TE2', 'Võ Thùy Vân', 'Anh', 'TE108', '-6502147596844', '1200000', '21/09/2023', 'Thu học phí HK 3 (2022-2023)', 'TE2312132023r3'),
	('342130011VT', 'Nguyễn Anh', 'Thư', 'VT001', '-6502154845210', '580000', '21/09/2023', 'Thu học phí HK 3 (2022-2023)', 'VT2312142023r3'),
	('342030033TH', 'Trần Bích', 'Thảo', 'TH140', '-6502211042096', '3480000', '21/09/2023', 'Thu học phí HK 3 (2022-2023)', 'TH2312132023r3'),
	('342030029TH', 'Trần Thị Thiên', 'Thanh', 'TH140', '-6502211426063', '3480000', '21/09/2023', 'Thu học phí HK 3 (2022-2023)', 'TH2312132023r3'),
	('81212004TE2', 'Nguyễn Thị Hồng', 'Liễu', 'TE110', '-6502213236291', '4800000', '21/09/2023', 'Thu học phí HK 3 (2022-2023)', 'TE2312132023r3'),
	('81212009TE2', 'Trần Thị Hồng', 'Nhung', 'TE110', '-6502256118555', '4800000', '21/09/2023', 'Thu học phí HK 3 (2022-2023)', 'TE2312132023r3'),
	('34222020TE2', 'Lê Ngô Như', 'Nguyện', 'TE108', '-6502301871861', '1200000', '21/09/2023', 'Thu học phí HK 3 (2022-2023)', 'TE2312132023r3'),
	('34222021TE2', 'Bùi Thị Thu', 'Thảo', 'TE108', '-6502316792522', '1200000', '21/09/2023', 'Thu học phí HK 3 (2022-2023)', 'TE2312132023r3'),
	('342210016TE', 'Triệu Thị', 'Mùi', 'TE108', '-6502457058144', '1200000', '21/09/2023', 'Thu học phí HK 3 (2022-2023)', 'TE2312132023r3'),
	('342210021TE', 'Lê Bá Anh', 'Thoa', 'TE108', '-6502474223233', '1200000', '21/09/2023', 'Thu học phí HK 3 (2022-2023)', 'TE2312132023r3'),
	('412010024VT', 'Bùi Mạnh', 'Tuấn', 'VT121', '-6502628936001', '2610000', '21/09/2023', 'Thu học phí HK 3 (2022-2023)', 'VT2312142023r3'),
	('81211014VT2', 'Lê Thị Bảo', 'Ngọc', 'VT123', '-6502630043234', '3480000', '21/09/2023', 'Thu học phí HK 3 (2022-2023)', 'VT2312142023r3'),
	('34211012VT2', 'Cao Văn', 'Trình', 'VT001', '-6502631114543', '290000', '21/09/2023', 'Thu học phí HK 3 (2022-2023)', 'VT2312142023r3'),
	('412010012VT', 'Nguyễn Văn', 'Toan', 'VT001', '-6502635341407', '580000', '21/09/2023', 'Thu học phí HK 3 (2022-2023)', 'VT2312142023r3'),
	('321920005VT', 'Lê Thanh', 'Dũng', 'VT001', '-6502636652586', '290000', '21/09/2023', 'Thu học phí HK 3 (2022-2023)', 'VT2312142023r3'),
	('321920011VT', 'Lương Thương', 'Thanh', 'VT001', '-6502642802581', '290000', '21/09/2023', 'Thu học phí HK 3 (2022-2023)', 'VT2312142023r3'),
	('342030027TH', 'Nguyễn', 'Lành', 'TH140', '-6502644009653', '3480000', '21/09/2023', 'Thu học phí HK 3 (2022-2023)', 'TH2312132023r3'),
	('34211009VT2', 'Lại Minh', 'Hoàng', 'VT001', '-6502644551731', '1450000', '21/09/2023', 'Thu học phí HK 3 (2022-2023)', 'VT2312142023r3'),
	('34161027VT', 'Nguyễn Phú', 'Đạt', 'VT122', '-6502651013511', '870000', '21/09/2023', 'Thu học phí HK 3 (2022-2023)', 'VT2312142023r3'),
	('34211020VT2', 'Nguyễn Thành', 'Dinh', 'VT122', '-6502658953618', '3770000', '21/09/2023', 'Thu học phí HK 3 (2022-2023)', 'VT2312142023r3'),
	('341710032VT', 'Phạm Phát Thành', 'Đạt', 'VT124', '-6502666226191', '870000', '21/09/2023', 'Thu học phí HK 3 (2022-2023)', 'VT2312142023r3'),
	('341710032VT', 'Phạm Phát Thành', 'Đạt', 'VT001', '-6502666574614', '290000', '21/09/2023', 'Thu học phí HK 3 (2022-2023)', 'VT2312142023r3'),
	('342030008TH', 'Nguyễn Văn', 'Hiếu', 'TH140', '-6502841418865060209', '3480000', '21/09/2023', 'Thu Học Phí HK 3 (2022-2023)', 'TH2312132023r3'),
	('342030004TH', 'Võ Đại', 'Đức', 'TH140', '-6502965050646', '3480000', '21/09/2023', 'Thu học phí HK 3 (2022-2023)', 'TH2312132023r3'),
	('342030004TH', 'Võ Đại', 'Đức', 'TH001', '-6502966240520', '290000', '21/09/2023', 'Thu học phí HK 3 (2022-2023)', 'TH2312132023r3'),
	('342210013TE', 'Nguyễn Văn', 'Hoàn', 'TE108', '-6503333507538', '1200000', '15/09/2023', 'Thu học phí HK 3 (2022-2023)', 'TE2312132023r3'),
	('412120001TE', 'Huỳnh Ngọc', 'Hiếu', 'TE109', '-6503524329200', '6000000', '22/09/2023', 'Thu học phí HK 3 (2022-2023)', 'TE2312132023r3'),
	('81222009TE2', 'Nguyễn Huyền', 'Sim', 'TE113', '-6503612111363', '2400000', '22/09/2023', 'Thu học phí HK 3 (2022-2023)', 'TE2312132023r3'),
	('342210024TE', 'Lê Tuấn', 'Điệp', 'TE108', '-6503635318043', '1200000', '22/09/2023', 'Thu học phí HK 3 (2022-2023)', 'TE2312132023r3'),
	('34203009TH2', 'Nguyễn Thị', 'Thanh', 'TH140', '-6504042533314', '1450000', '22/09/2023', 'Thu học phí HK 3 (2022-2023)', 'TH2312132023r3'),
	('34203008TH2', 'Nguyễn Ngọc Bảo', 'Trang', 'TH140', '-6504043207155', '1450000', '22/09/2023', 'Thu học phí HK 3 (2022-2023)', 'TH2312132023r3'),
	('342110011VT', 'Ngô Thị', 'Lài', 'VT122', '-6504056468262', '3770000', '22/09/2023', 'Thu học phí HK 3 (2022-2023)', 'VT2312142023r3'),
	('342030037TH', 'Phan Thị Thanh', 'Hằng', 'TH140', '-6504102497311', '3480000', '22/09/2023', 'Thu học phí HK 3 (2022-2023)', 'TH2312132023r3'),
	('342030003TH', 'Nguyễn Thành', 'Đạt', 'TH140', '-6504128590041', '3480000', '22/09/2023', 'Thu học phí HK 3 (2022-2023)', 'TH2312132023r3'),
	('342030005TH', 'Đỗ Hoài', 'Đức', 'TH140', '-6504424325551', '3480000', '22/09/2023', 'Thu học phí HK 3 (2022-2023)', 'TH2312132023r3'),
	('342210011TE', 'Đặng Thị Ngọc Bích', 'Hạnh', 'TE108', '-6504514135831', '1200000', '22/09/2023', 'Thu học phí HK 3 (2022-2023)', 'TE2312132023r3'),
	('342130014VT', 'Nguyễn Văn Nhựt', 'Tâm', 'VT001', '-6504542443645', '580000', '22/09/2023', 'Thu học phí HK 3 (2022-2023)', 'VT2312142023r3'),
	('342130017VT', 'Trần Trường', 'Giang', 'VT122', '-6504552521117', '870000', '22/09/2023', 'Thu học phí HK 3 (2022-2023)', 'VT2312142023r3'),
	('342030006TH', 'Nguyễn Thị', 'Hai', 'TH140', '-6504569199842', '1450000', '22/09/2023', 'Thu học phí HK 3 (2022-2023)', 'TH2312132023r3'),
	('811931007TE', 'Phan Thị Ngọc', 'Vân', 'TE103', '-6504785886658038639', '2800000', '31/10/2023', 'Thu Học Phí HK 2 (2022-2023)', 'TE2312132023r3'),
	('412120008TE', 'Nguyễn Tiến', 'Hải', 'TE109', '-6504815629112', '6000000', '22/09/2023', 'Thu học phí HK 3 (2022-2023)', 'TE2312132023r3'),
	('412120008TE', 'Nguyễn Tiến', 'Hải', 'TE001', '-6504821166233', '400000', '22/09/2023', 'Thu học phí HK 3 (2022-2023)', 'TE2312132023r3'),
	('81211004VT5', 'Nguyễn Thị', 'Phượng', 'VT123', '-6504841795322', '3480000', '22/09/2023', 'Thu học phí HK 3 (2022-2023)', 'VT2312142023r3'),
	('412120010TE', 'Vương Thị', 'Thủy', 'TE109', '-6504847450297', '6000000', '22/09/2023', 'Thu học phí HK 3 (2022-2023)', 'TE2312132023r3'),
	('342130009VT', 'Trần Nguyễn Thị Hoài', 'Trúc', 'VT122', '-6505160344540', '870000', '23/09/2023', 'Thu học phí HK 3 (2022-2023)', 'VT2312142023r3'),
	('342030002TH', 'Đặng Mậu', 'Cường', 'TH140', '-6505262288451', '3480000', '23/09/2023', 'Thu học phí HK 3 (2022-2023)', 'TH2312132023r3'),
	('34212005TE2', 'Đặng', 'Hiệp', 'TE108', '-6505296045855', '5200000', '23/09/2023', 'Thu học phí HK 3 (2022-2023)', 'TE2312132023r3'),
	('812110006VT', 'Hồ Văn', 'Thuấn', 'VT123', '-6505454465642', '3480000', '23/09/2023', 'Thu học phí HK 3 (2022-2023)', 'VT2312142023r3'),
	('342030005TE', 'Trương Hùng', 'Liên', 'TE102', '-6505482573112', '1600000', '23/09/2023', 'Thu học phí HK 3 (2022-2023)', 'TE2312132023r3'),
	('342130011VT', 'Nguyễn Anh', 'Thư', 'VT122', '-6505862172044', '870000', '16/09/2023', 'Thu học phí HK 3 (2022-2023)', 'VT2312142023r3'),
	('342210005TE', 'Nguyễn Thị Hồng', 'Linh', 'TE108', '-6505925516216', '1200000', '23/09/2023', 'Thu học phí HK 3 (2022-2023)', 'TE2312132023r3'),
	('342120021TE', 'Trần Thị Thu', 'Yến', 'TE108', '-6506103784447', '5200000', '24/09/2023', 'Thu học phí HK 3 (2022-2023)', 'TE2312132023r3'),
	('342120021TE', 'Trần Thị Thu', 'Yến', 'TE001', '-6506106713786', '400000', '24/09/2023', 'Thu học phí HK 3 (2022-2023)', 'TE2312132023r3'),
	('41212005TE5', 'Trương Văn', 'Hiếu', 'TE109', '-6506519163265', '6000000', '24/09/2023', 'Thu học phí HK 3 (2022-2023)', 'TE2312132023r3'),
	('341820007TH', 'Phan Văn', 'Hào', 'TH145', '-6507552526486075440', '870000', '13/11/2023', 'Thu Học Phí HK 3 (2022-2023)', 'TH2312132023r3'),
	('342030006TH', 'Nguyễn Thị', 'Hai', 'TH001', '-6507557912513', '290000', '18/09/2023', 'Thu học phí HK 3 (2022-2023)', 'TH2312132023r3'),
	('342030032TH', 'Võ Thanh', 'Vân', 'TH140', '-6508151861969', '3480000', '18/09/2023', 'Thu học phí HK 3 (2022-2023)', 'TH2312132023r3'),
	('34211013LG2', 'Đỗ Thị Mỹ', 'Diễm', 'TH141', '-6508243619039546661', '2900000', '30/08/2023', 'Thu Học Phí HK 3 (2022-2023)', 'TH2312132023r3'),
	('342210031TE', 'Trương Mỹ', 'Duyên', 'TE108', '-6508322412266', '1200000', '18/09/2023', 'Thu học phí HK 3 (2022-2023)', 'TE2312132023r3'),
	('34212018TE2', 'Đinh Ngọc', 'Bảng', 'TE108', '-6508636342620', '5200000', '19/09/2023', 'Thu học phí HK 3 (2022-2023)', 'TE2312132023r3'),
	('34222010TE2', 'Đinh Thị Bích', 'Phượng', 'TE108', '-6510025266219', '1200000', '24/09/2023', 'Thu học phí HK 3 (2022-2023)', 'TE2312132023r3'),
	('34222015TE2', 'Đinh Nhật', 'Việt', 'TE108', '-6510035253253', '1200000', '24/09/2023', 'Thu học phí HK 3 (2022-2023)', 'TE2312132023r3'),
	('812220007TE', 'Lê Thị', 'Loan', 'TE113', '-6510114384193', '1200000', '24/09/2023', 'Thu học phí HK 2 (2022-2023)', 'TE2312132023r3'),
	('812220007TE', 'Lê Thị', 'Loan', 'TE112', '-6510122721441', '1200000', '24/09/2023', 'Thu học phí HK 3 (2022-2023)', 'TE2312132023r3'),
	('34202010BH2', 'Nguyễn Ngọc', 'Thái', 'TE107', '-6510419644260', '580000', '25/09/2023', 'Thu học phí HK 3 (2022-2023)', 'TE2312132023r3'),
	('41212002TE5', 'Hồ Sỹ', 'Thắng', 'TE109', '-6510431755170', '6000000', '24/09/2023', 'Thu học phí HK 3 (2022-2023)', 'TE2312132023r3'),
	('34202009BH2', 'Ung Ngọc Thủy', 'Tiên', 'TE107', '-6510478244163', '580000', '25/09/2023', 'Thu học phí HK 3 (2022-2023)', 'TE2312132023r3'),
	('342110002VT', 'Trần Văn', 'Định', 'VT001', '-6511063756409', '1450000', '25/09/2023', 'Thu học phí HK 3 (2022-2023)', 'VT2312142023r3'),
	('342110002VT', 'Trần Văn', 'Định', 'VT122', '-6511067626788', '3770000', '25/09/2023', 'Thu học phí HK 3 (2022-2023)', 'VT2312142023r3'),
	('342130003VT', 'Mai Thị', 'Hằng', 'VT122', '-6511074614680', '870000', '25/09/2023', 'Thu học phí HK 3 (2022-2023)', 'VT2312142023r3'),
	('342130013VT', 'Mai Thị Ngọc', 'Lan', 'VT122', '-6511078886677', '870000', '25/09/2023', 'Thu học phí HK 3 (2022-2023)', 'VT2312142023r3'),
	('342110010VT', 'Phạm Đình', 'Danh', 'VT122', '-6511081045061', '3770000', '25/09/2023', 'Thu học phí HK 3 (2022-2023)', 'VT2312142023r3'),
	('342110021VT', 'Trần Thanh', 'Vân', 'VT122', '-6511083843246', '3770000', '25/09/2023', 'Thu học phí HK 3 (2022-2023)', 'VT2312142023r3'),
	('81211001VT5', 'Mai Ngọc', 'Anh', 'VT123', '-6511099573281', '3480000', '25/09/2023', 'Thu học phí HK 3 (2022-2023)', 'VT2312142023r3'),
	('342210018TE', 'Nguyễn Trung', 'Đức', 'TE111', '-6511241595465', '4400000', '02/10/2023', 'Thu học phí HK 3 (2022-2023)', 'TE2312132023r3'),
	('342110006VT', 'Trần Thái', 'Minh', 'VT122', '-6511341252165', '3770000', '25/09/2023', 'Thu học phí HK 3 (2022-2023)', 'VT2312142023r3'),
	('81211006VT5', 'Nhữ Thị', 'Thảo', 'VT123', '-6511352374432', '3480000', '25/09/2023', 'Thu học phí HK 3 (2022-2023)', 'VT2312142023r3'),
	('81211005VT5', 'Nguyễn Thị', 'Hoài', 'VT123', '-6511364451662', '3480000', '25/09/2023', 'Thu học phí HK 3 (2022-2023)', 'VT2312142023r3'),
	('342110017LG', 'Trần Thị Thu', 'Tâm', 'TH141', '-6511365394955', '2900000', '25/09/2023', 'Thu học phí HK 3 (2022-2023)', 'TH2312132023r3'),
	('342120023TE', 'Trần Duy', 'Quang', 'TE108', '-6511424513831', '5200000', '02/10/2023', 'Thu học phí HK 3 (2022-2023)', 'TE2312132023r3'),
	('342110009LG', 'Nguyễn Thị Tuyết', 'Mai', 'TH141', '-6511426071593', '2900000', '25/09/2023', 'Thu học phí HK 3 (2022-2023)', 'TH2312132023r3'),
	('81203009TE2', 'Quách Thị Thanh', 'Nhàn', 'TE103', '-6511456072315', '1600000', '25/09/2023', 'Thu học phí HK 3 (2022-2023)', 'TE2312132023r3'),
	('342120017TE', 'H Duyên', 'Byă', 'TE108', '-6511646955228', '6000000', '25/09/2023', 'Thu học phí HK 2 (2022-2023)', 'TE2312132023r3'),
	('412120014TE', 'Lê Quang', 'Trọng', 'TE109', '-6511991141320', '6000000', '25/09/2023', 'Thu học phí HK 3 (2022-2023)', 'TE2312132023r3'),
	('41212001TE5', 'Phan Thị', 'Thảo', 'TE109', '-6512326556367', '6000000', '26/09/2023', 'Thu học phí HK 3 (2022-2023)', 'TE2312132023r3'),
	('342210036TE', 'Dương Đức', 'Thắng', 'TE108', '-6512525591631', '1200000', '03/10/2023', 'Thu học phí HK 3 (2022-2023)', 'TE2312132023r3'),
	('34211018VT2', 'Đào Trịnh Thùy', 'Linh', 'VT122', '-6512845168016762627', '3770000', '20/09/2023', 'Thu Học Phí HK 3 (2022-2023)', 'VT2312142023r3'),
	('34212020TE2', 'Nguyễn Trung', 'Hiếu', 'TE108', '-6514513473113', '5200000', '28/09/2023', 'Thu học phí HK 3 (2022-2023)', 'TE2312132023r3'),
	('412120011TE', 'Thái Thùy', 'Trang', 'TE109', '-6517854555935', '6000000', '30/09/2023', 'Thu học phí HK 3 (2022-2023)', 'TE2312132023r3'),
	('34212011TE2', 'Ngô Vũ Giang', 'Sơn', 'TE108', '-6525946303461', '5200000', '17/10/2023', 'Thu học phí HK 3 (2022-2023)', 'TE2312132023r3'),
	('342120019TE', 'Ma Văn', 'Chung', 'TE108', '-6526371486547', '5200000', '18/10/2023', 'Thu học phí HK 3 (2022-2023)', 'TE2312132023r3'),
	('341931002TE', 'Nông Nguyên', 'Khánh', 'TE102', '-6526832064496', '2400000', '18/10/2023', 'Thu học phí HK 3 (2022-2023)', 'TE2312132023r3'),
	('311930019CN', 'Nguyễn Văn', 'Việt', 'CN104', '-6527339569432169093', '3600000', '22/09/2023', 'Thu Học Phí HK 3 (2022-2023)', 'CN2312122023r3'),
	('342030010TE', 'Đinh Thanh', 'Sơn', 'TE102', '-6527465673534', '1600000', '12/10/2023', 'Thu học phí HK 3 (2022-2023)', 'TE2312132023r3'),
	('412030018TE', 'Nguyễn Sỹ', 'Hùng', 'TE102', '-6531434494412', '800000', '20/10/2023', 'Thu học phí HK 3 (2022-2023)', 'TE2312132023r3'),
	('812030004TE', 'Nguyễn Thị Hoài', 'Thương', 'TE102', '-6532140899726223165', '800000', '11/09/2023', 'Thu Học Phí HK 3 (2022-2023)', 'TE2312132023r3'),
	('34222022TE2', 'Phan Phú', 'Vượng', 'TE108', '-6532161334147', '1200000', '20/10/2023', 'Thu học phí HK 3 (2022-2023)', 'TE2312132023r3'),
	('341931015TE', 'Hoàng Văn', 'Diệu', 'TE102', '-6533382768043', '3200000', '21/10/2023', 'Thu học phí HK 3 (2022-2023)', 'TE2312132023r3'),
	('412120005TH', 'Nguyễn Vĩnh', 'Khang', 'TH142', '-6535346543543367343', '4350000', '25/09/2023', 'Thu Học Phí HK 3 (2022-2023)', 'TH2312132023r3'),
	('342210035TE', 'Đặng Mùi', 'Pham', 'TE108', '-6536344464202', '1200000', '30/10/2023', 'Thu học phí HK 3 (2022-2023)', 'TE2312132023r3'),
	('342110005VT', 'Trần Ngọc', 'Lợi', 'VT122', '-6540127564450', '3770000', '31/10/2023', 'Thu học phí HK 3 (2022-2023)', 'VT2312142023r3'),
	('81203012TE5', 'Trương Thị', 'Chung', 'TE103', '-6540540132645', '1600000', '31/10/2023', 'Thu học phí HK 3 (2022-2023)', 'TE2312132023r3'),
	('342030010TH', 'Võ Quang', 'Khôi', 'TH140', '-6541520394720', '2900000', '08/11/2023', 'Thu học phí HK 1 (2023-2024)', 'TH2312132023r3'),
	('34213013VT2', 'Hoàng Thị Trang', 'Nhung', 'VT124', '-6541564153214', '3190000', '08/11/2023', 'Thu học phí HK 1 (2023-2024)', 'VT2312142023r3'),
	('342110001VT', 'Trần Văn', 'Đạt', 'VT122', '-6543533104259', '3770000', '02/11/2023', 'Thu học phí HK 3 (2022-2023)', 'VT2312142023r3'),
	('411830016VT', 'Trương Thị Tú', 'Uyên', 'VT118', '-6544211954233', '1740000', '03/11/2023', 'Thu học phí HK 3 (2021-2022)', 'VT2312142023r3'),
	('342210001TE', 'Trần Văn', 'Cương', 'TE108', '-6544346244345', '1200000', '03/11/2023', 'Thu học phí HK 3 (2022-2023)', 'TE2312132023r3'),
	('34212015TE2', 'Đoàn Văn', 'Nhương', 'TE108', '-6544825804449', '5200000', '03/11/2023', 'Thu học phí HK 3 (2022-2023)', 'TE2312132023r3'),
	('41222001TH2', 'Nguyễn Long', 'Đỉnh', 'TH146', '-6548824347254868155', '2030000', '24/09/2023', 'Thu Học Phí HK 3 (2022-2023)', 'TH2312132023r3'),
	('342120018TE', 'Nguyễn Thị', 'Chính', 'TE108', '-6549610591679', '5200000', '07/11/2023', 'Thu học phí HK 3 (2022-2023)', 'TE2312132023r3'),
	('342120017TE', 'H Duyên', 'Byă', 'TE108', '-6550235224476', '5200000', '12/11/2023', 'Thu học phí HK 3 (2022-2023)', 'TE2312132023r3'),
	('342120022TE', 'Võ Bá', 'Hưng', 'TE108', '-6551776583289', '5200000', '13/11/2023', 'Thu học phí HK 3 (2022-2023)', 'TE2312132023r3'),
	('812110003VT', 'Nguyễn Thị Thu', 'Tâm', 'VT123', '-6552264362406', '1740000', '20/11/2023', 'Thu học phí HK 1 (2023-2024)', 'VT2312142023r3'),
	('812110003VT', 'Nguyễn Thị Thu', 'Tâm', 'VT123', '-6552266187745', '870000', '20/11/2023', 'Thu học phí HK 1 (2023-2024)', 'VT2312142023r3'),
	('342030018TH', 'Trần Thị', 'Quý', 'TH140', '-6553221892583', '2900000', '21/11/2023', 'Thu học phí HK 1 (2023-2024)', 'TH2312132023r3'),
	('34213006TH2', 'Đào Thị Linh', 'Huyền', 'TH143', '-6553275545162', '3190000', '14/11/2023', 'Thu học phí HK 3 (2022-2023)', 'TH2312132023r3'),
	('41222003TH2', 'Võ Thị Thanh', 'Thắm', 'TH146', '-6553449079369720358', '2900000', '03/10/2023', 'Thu Học Phí HK 3 (2022-2023)', 'TH2312132023r3'),
	('412030004TE', 'Phan Lê', 'Huấn', 'TE102', '-6555122445773', '800000', '23/11/2023', 'Thu học phí HK 3 (2022-2023)', 'TE2312132023r3'),
	('812220013TE', 'Lưu Thị', 'Liễu', 'TE113', '-6555153323563', '2400000', '23/11/2023', 'Thu học phí HK 2 (2022-2023)', 'TE2312132023r3'),
	('812220013TE', 'Lưu Thị', 'Liễu', 'TE112', '-6555169516161', '1200000', '23/11/2023', 'Thu học phí HK 3 (2022-2023)', 'TE2312132023r3'),
	('342110025LG', 'Tạ Hoàng Hữu', 'Trung', 'TH141', '-6555592489538076754', '2900000', '22/08/2023', 'Thu Học Phí HK 3 (2022-2023)', 'TH2312132023r3'),
	('342210028TE', 'Lê Thị', 'Thảo', 'TE108', '-6555893777262', '1200000', '16/11/2023', 'Thu học phí HK 3 (2022-2023)', 'TE2312132023r3'),
	('341930024NH', 'Trần Thị Thúy', 'Vân', 'TE102', '-6556211161448', '580000', '17/11/2023', 'Thu học phí HK 1 (2023-2024)', 'TE2312132023r3'),
	('81222016TE2', 'Nguyễn Thị Thanh', 'Tuyền', 'TE112', '-6556632595483', '1200000', '23/11/2023', 'Thu học phí HK 1 (2023-2024)', 'TE2312132023r3'),
	('81213010TH5', 'Lê Thị', 'Hậu', 'TH144', '-6562391813050661511', '3480000', '17/10/2023', 'Thu Học Phí HK 3 (2022-2023)', 'TH2312132023r3'),
	('341930006TE', 'Hồ Văn', 'Đại', 'TE101', '-6566296222274073003', '2400000', '08/09/2023', 'Thu Học Phí HK 3 (2022-2023)', 'TE2312132023r3'),
	('34213004VT2', 'Võ Ngân', 'Hiếu', 'VT124', '-6566665076109', '3190000', '29/11/2023', 'Thu học phí HK 1 (2023-2024)', 'VT2312142023r3'),
	('311930010CN', 'Trần Thị Kim', 'Ngọc', 'CN104', '-6567000609437', '3600000', '29/11/2023', 'Thu học phí HK 3 (2022-2023)', 'CN2312122023r3'),
	('311930010CN', 'Trần Thị Kim', 'Ngọc', 'CN001', '-6567001125437', '400000', '29/11/2023', 'Thu học phí HK 2 (2022-2023)', 'CN2312122023r3'),
	('311930010CN', 'Trần Thị Kim', 'Ngọc', 'CN104', '-6567001323575', '800000', '29/11/2023', 'Thu học phí HK 3 (2022-2023)', 'CN2312122023r3'),
	('81211002VT2', 'Đoàn Thị Thúy', 'Hoa', 'VT123', '-6567435311073100838', '3480000', '25/09/2023', 'Thu Học Phí HK 3 (2022-2023)', 'VT2312142023r3'),
	('812130004TH', 'Nguyễn Thị Kim', 'Lành', 'TH144', '-6569541925156361434', '3480000', '11/08/2023', 'Thu Học Phí HK 3 (2022-2023)', 'TH2312132023r3'),
	('341931003TE', 'Phạm Phi', 'Long', 'TE102', '-6579037092750617751', '3200000', '17/10/2023', 'Thu Học Phí HK 3 (2022-2023)', 'TE2312132023r3'),
	('34211020LG2', 'Bùi Lê Hoàng', 'Nghĩa', 'TH141', '-6582142586037577096', '2900000', '20/09/2023', 'Thu Học Phí HK 3 (2022-2023)', 'TH2312132023r3'),
	('81212005TE2', 'Trần Xuân', 'Quỳnh', 'TE110', '-6585150712763676743', '4800000', '21/09/2023', 'Thu Học Phí HK 3 (2022-2023)', 'TE2312132023r3'),
	('342130012VT', 'Lại Thị Thu', 'Hương', 'VT122', '-6586103641794410116', '870000', '03/08/2023', 'Thu Học Phí HK 3 (2022-2023)', 'VT2312142023r3'),
	('341930013TE', 'Văn Quốc', 'Huy', 'TE101', '-6588412126107462352', '2400000', '11/08/2023', 'Thu Học Phí HK 3 (2022-2023)', 'TE2312132023r3'),
	('341930039TE', 'Lương Văn', 'Vui', 'TE101', '-6588561780171236857', '2400000', '08/09/2023', 'Thu Học Phí HK 3 (2022-2023)', 'TE2312132023r3'),
	('412030006TE', 'Nguyễn Văn', 'Phú', 'TE102', '-6591774601078451092', '800000', '07/11/2023', 'Thu Học Phí HK 3 (2022-2023)', 'TE2312132023r3'),
	('412120011TH', 'Nguyễn Thị Nhật', 'Trang', 'TH142', '-6597912064234122165', '4350000', '25/08/2023', 'Thu Học Phí HK 3 (2022-2023)', 'TH2312132023r3'),
	('342210003TE', 'Hứa Phương', 'Đông', 'TE111', '-6607336326416456664', '1200000', '03/11/2023', 'Thu Học Phí HK 2 (2022-2023)', 'TE2312132023r3'),
	('34211005VT2', 'Đoàn Minh', 'Quang', 'VT122', '-6616472187920210815', '3770000', '20/09/2023', 'Thu Học Phí HK 3 (2022-2023)', 'VT2312142023r3'),
	('342110037LG', 'Phan Đình', 'Tuấn', 'TH141', '-6633653830980907551', '2030000', '10/11/2023', 'Thu Học Phí HK 1 (2023-2024)', 'TH2312132023r3'),
	('342030025TE', 'Nguyễn Thị', 'Phương', 'TE102', '-6644815786904084232', '1600000', '09/11/2023', 'Thu Học Phí HK 3 (2022-2023)', 'TE2312132023r3'),
	('34213019TH2', 'Trần Vương', 'Bình', 'TH143', '-6657755375163548555', '3190000', '07/09/2023', 'Thu Học Phí HK 3 (2022-2023)', 'TH2312132023r3'),
	('32192004VT2', 'Trần Phạm Hòa', 'Hưng', 'VT122', '-6662527797800061864', '870000', '01/08/2023', 'Thu Học Phí HK 3 (2022-2023)', 'VT2312142023r3'),
	('341930016TE', 'Phùng Văn', 'Sháy', 'TE101', '-6666647321981281216', '2400000', '09/08/2023', 'Thu Học Phí HK 3 (2022-2023)', 'TE2312132023r3'),
	('81213002TH2', 'Trần Thị Thanh', 'Lan', 'TH144', '-6670684212664362620', '3480000', '20/09/2023', 'Thu Học Phí HK 3 (2022-2023)', 'TH2312132023r3'),
	('34203012TE2', 'Võ Thị Bích', 'Trâm', 'TE107', '-6675574119789615894', '3600000', '27/08/2023', 'Thu Học Phí HK 3 (2022-2023)', 'TE2312132023r3'),
	('342110023LG', 'Nguyễn Hửu', 'Đăng', 'TH141', '-6677700890983566767', '2900000', '22/08/2023', 'Thu Học Phí HK 3 (2022-2023)', 'TH2312132023r3'),
	('812030009TE', 'Phan Thị', 'Hải', 'TE102', '-6692573499564891359', '800000', '08/09/2023', 'Thu Học Phí HK 3 (2022-2023)', 'TE2312132023r3'),
	('412010015VT', 'Dương Tịnh', 'Trung', 'VT001', '-6715342833788003363', '290000', '20/09/2023', 'Thu Học Phí HK 3 (2022-2023)', 'VT2312142023r3'),
	('341930057TE', 'Nguyễn Hoàng', 'Thanh', 'TE101', '-6723323342674312777', '2400000', '08/09/2023', 'Thu Học Phí HK 3 (2022-2023)', 'TE2312132023r3'),
	('342110040LG', 'Lê Ngọc', 'Thạch', 'TH141', '-6726392310762400476', '2900000', '07/08/2023', 'Thu Học Phí HK 3 (2022-2023)', 'TH2312132023r3'),
	('412120012TH', 'Nguyễn Hoàng', 'Trung', 'TH142', '-6732008199529392812', '4350000', '13/09/2023', 'Thu Học Phí HK 3 (2022-2023)', 'TH2312132023r3'),
	('34213006VT2', 'Nguyễn Hữu', 'Kỳ', 'VT122', '-6734777219379980728', '870000', '08/08/2023', 'Thu Học Phí HK 3 (2022-2023)', 'VT2312142023r3'),
	('81213005TH5', 'Nguyễn Ngọc Thảo', 'Ngân', 'TH001', '-6750458236854576487', '290000', '24/09/2023', 'Thu Học Phí HK 3 (2022-2023)', 'TH2312132023r3'),
	('412220019TE', 'Trương Văn', 'Khởi', 'TE112', '-6757403637048310296', '4800000', '22/09/2023', 'Thu Học Phí HK 3 (2022-2023)', 'TE2312132023r3'),
	('81213011TH2', 'Tăng Hiền Anh', 'Thư', 'TH144', '-6759412631043338896', '3480000', '17/09/2023', 'Thu Học Phí HK 3 (2022-2023)', 'TH2312132023r3'),
	('311930002CN', 'Nguyễn Dương', 'Huynh', 'CN104', '-6761229130671710323', '800000', '23/09/2023', 'Thu Học Phí HK 3 (2022-2023)', 'CN2312122023r3'),
	('41212007TH5', 'Bùi Thị Thanh', 'Nhàn', 'TH142', '-6761284176867069846', '3480000', '20/09/2023', 'Thu Học Phí HK 3 (2022-2023)', 'TH2312132023r3'),
	('341930058TE', 'Nguyễn Thị Thu', 'Hà', 'TE101', '-6780981399496074062', '2400000', '08/09/2023', 'Thu Học Phí HK 3 (2022-2023)', 'TE2312132023r3'),
	('34213017TH2', 'Nguyễn Ngọc Mai', 'Thanh', 'TH143', '-6785355692255939615', '3190000', '21/09/2023', 'Thu Học Phí HK 3 (2022-2023)', 'TH2312132023r3'),
	('81213010TH2', 'Hà Thị Thúy', 'Phương', 'TH146', '-6809097789479303678', '870000', '23/09/2023', 'Thu Học Phí HK 3 (2022-2023)', 'TH2312132023r3'),
	('341931010TE', 'Đồng Văn', 'Lộc', 'TE102', '-6815041787523512027', '3200000', '31/10/2023', 'Thu Học Phí HK 3 (2022-2023)', 'TE2312132023r3'),
	('34211001VT2', 'Bùi Minh', 'Đức', 'VT122', '-6847796636313936356', '3770000', '20/08/2023', 'Thu Học Phí HK 3 (2022-2023)', 'VT2312142023r3'),
	('342130010TH', 'Trần Võ Trường', 'Nhân', 'TH143', '-6851427196751891624', '3190000', '23/10/2023', 'Thu Học Phí HK 3 (2022-2023)', 'TH2312132023r3'),
	('342030031TE', 'Lãnh Thị Kim', 'Liễu', 'TE102', '-6865581230001196657', '1600000', '02/11/2023', 'Thu Học Phí HK 3 (2022-2023)', 'TE2312132023r3'),
	('412220005TH', 'Lê Gia', 'Hiếu', 'TH146', '-6881576346745731261', '870000', '24/09/2023', 'Thu Học Phí HK 3 (2022-2023)', 'TH2312132023r3'),
	('81222004TH2', 'Nguyễn Anh', 'Tú', 'TH146', '-6923739774761965053', '1200000', '27/09/2023', 'Thu Học Phí HK 3 (2022-2023)', 'TH2312132023r3'),
	('341930022TE', 'Nguyễn Quang', 'Thành', 'TE101', '-6937209704291108483', '2400000', '08/09/2023', 'Thu Học Phí HK 3 (2022-2023)', 'TE2312132023r3'),
	('34203004TE2', 'Nguyễn Văn', 'Hạnh', 'TE107', '-6941630635948038672', '3600000', '17/11/2023', 'Thu Học Phí HK 3 (2022-2023)', 'TE2312132023r3'),
	('41212001TE2', 'Phạm Hồng', 'Sơn', 'TE109', '-6947214752993974673', '6000000', '23/09/2023', 'Thu Học Phí HK 3 (2022-2023)', 'TE2312132023r3'),
	('412220013TH', 'Lê Phước', 'Toàn', 'TH146', '-6952111608149057295', '2900000', '23/09/2023', 'Thu Học Phí HK 3 (2022-2023)', 'TH2312132023r3'),
	('41212004TE5', 'Phan Thanh', 'Tâm', 'TE109', '-6989819481373062375', '3600000', '07/11/2023', 'Thu Học Phí HK 1 (2022-2023)', 'TE2312132023r3'),
	('812220005TE', 'Nguyễn Thị', 'Linh', 'TE112', '-7019578170477654673', '1200000', '12/08/2023', 'Thu Học Phí HK 3 (2022-2023)', 'TE2312132023r3'),
	('342030014TE', 'Đặng Văn', 'Hiếu', 'TE107', '-7030488188533519119', '3200000', '03/11/2023', 'Thu Học Phí HK 2 (2022-2023)', 'TE2312132023r3'),
	('342120015TE', 'Trương Thị Thanh', 'Thảo', 'TE108', '-7035029727961984460', '5200000', '24/09/2023', 'Thu Học Phí HK 3 (2022-2023)', 'TE2312132023r3'),
	('41212006TH5', 'Huỳnh Thị Lưu', 'Lanh', 'TH142', '-7035559602909310792', '3480000', '25/09/2023', 'Thu Học Phí HK 3 (2022-2023)', 'TH2312132023r3'),
	('342110009VT', 'Hà Thị', 'Tính', 'VT122', '-7036324988133157966', '3770000', '24/09/2023', 'Thu Học Phí HK 3 (2022-2023)', 'VT2312142023r3'),
	('34211007LG2', 'Nguyễn Hoài', 'Phương', 'TH141', '-7037726188435269105', '2030000', '08/11/2023', 'Thu Học Phí HK 1 (2023-2024)', 'TH2312132023r3'),
	('81212008TE2', 'Trần Thị Minh', 'Hạnh', 'TE110', '-7039422155457683518', '4800000', '20/09/2023', 'Thu Học Phí HK 1 (2022-2023)', 'TE2312132023r3'),
	('41222002TH5', 'Nguyễn Thị Kim', 'Hồng', 'TH146', '-7046012236389111649', '2030000', '24/09/2023', 'Thu Học Phí HK 3 (2022-2023)', 'TH2312132023r3'),
	('412220002TH', 'Nguyễn Võ Thùy', 'Dương', 'TH146', '-7053555499016435627', '2900000', '28/09/2023', 'Thu Học Phí HK 3 (2022-2023)', 'TH2312132023r3'),
	('34211013VT2', 'Nguyễn Văn', 'Vị', 'VT122', '-7057847593711785392', '3770000', '20/09/2023', 'Thu Học Phí HK 3 (2022-2023)', 'VT2312142023r3'),
	('81212003TE5', 'Hoàng Thị', 'Lan', 'TE110', '-7067632214715109770', '4800000', '12/09/2023', 'Thu Học Phí HK 3 (2022-2023)', 'TE2312132023r3'),
	('342220006TH', 'Lê Minh', 'Nhật', 'TH145', '-7070827996913262064', '4000000', '24/09/2023', 'Thu Học Phí HK 3 (2022-2023)', 'TH2312132023r3'),
	('342110026LG', 'Võ Lâm', 'Vũ', 'TH141', '-7079723516858563027', '2900000', '07/09/2023', 'Thu Học Phí HK 3 (2022-2023)', 'TH2312132023r3'),
	('412220017TH', 'Hồ Ngọc', 'Thạch', 'TH146', '-7088259080840528848', '870000', '24/09/2023', 'Thu Học Phí HK 3 (2022-2023)', 'TH2312132023r3'),
	('412120005TE', 'Nguyễn Công', 'Thọ', 'TE109', '-7091384723485030461', '6000000', '05/09/2023', 'Thu Học Phí HK 3 (2022-2023)', 'TE2312132023r3'),
	('412220007TH', 'Trần Quốc', 'Hòa', 'TH146', '-7093227865571351580', '870000', '23/09/2023', 'Thu Học Phí HK 3 (2022-2023)', 'TH2312132023r3'),
	('342210002TE', 'Lê Xuân Thanh', 'Thưởng', 'TE111', '-7094380337470259871', '2400000', '17/11/2023', 'Thu Học Phí HK 3 (2022-2023)', 'TE2312132023r3'),
	('41212008TH5', 'Nguyễn Thị Bảo', 'Nhi', 'TH142', '-7105581236724392926', '3480000', '25/09/2023', 'Thu Học Phí HK 3 (2022-2023)', 'TH2312132023r3'),
	('412220016TH', 'Nguyễn Quốc', 'Huy', 'TH146', '-7109420734201291453', '870000', '23/09/2023', 'Thu Học Phí HK 3 (2022-2023)', 'TH2312132023r3'),
	('81212003TE2', 'Triệu Thị Dương', 'Kiều', 'TE110', '-7111223822853040473', '4800000', '21/09/2023', 'Thu Học Phí HK 3 (2022-2023)', 'TE2312132023r3'),
	('341931010TE', 'Đồng Văn', 'Lộc', 'TE001', '-7126030496536314278', '1600000', '31/10/2023', 'Thu Học Phí HK 3 (2022-2023)', 'TE2312132023r3'),
	('342220011TH', 'Nguyễn Thị Hồng', 'Pha', 'TH145', '-7138059900176174581', '4000000', '20/09/2023', 'Thu Học Phí HK 3 (2022-2023)', 'TH2312132023r3'),
	('34213001TH2', 'Phan Ngọc', 'Đẩu', 'TH143', '-7138839610730211065', '3480000', '07/11/2023', 'Thu Học Phí HK 1 (2023-2024)', 'TH2312132023r3'),
	('311930018CN', 'Trần Nguyễn Ngọc', 'Trân', 'CN104', '-7153967102898563120', '800000', '23/10/2023', 'Thu Học Phí HK 3 (2022-2023)', 'CN2312122023r3'),
	('311930026CN', 'Đỗ Thanh Rạng', 'Thông', 'CN104', '-7153988791136436438', '800000', '20/09/2023', 'Thu Học Phí HK 3 (2022-2023)', 'CN2312122023r3'),
	('342220010TH', 'Lê Hoàng', 'Thông', 'TH145', '-7154808985670762445', '4000000', '21/09/2023', 'Thu Học Phí HK 3 (2022-2023)', 'TH2312132023r3'),
	('342030009TH', 'Lưu Hùng', 'Hòa', 'TH140', '-7158641743200987957', '3480000', '23/09/2023', 'Thu Học Phí HK 3 (2022-2023)', 'TH2312132023r3'),
	('342030014TE', 'Đặng Văn', 'Hiếu', 'TE102', '-7166877343312325090', '1600000', '03/11/2023', 'Thu Học Phí HK 3 (2022-2023)', 'TE2312132023r3'),
	('342130012VT', 'Lại Thị Thu', 'Hương', 'VT124', '-7177004820445701750', '3190000', '16/11/2023', 'Thu Học Phí HK 1 (2023-2024)', 'VT2312142023r3'),
	('412220016TH', 'Nguyễn Quốc', 'Huy', 'TH146', '-7180025793404955019', '2900000', '23/09/2023', 'Thu Học Phí HK 3 (2022-2023)', 'TH2312132023r3'),
	('812120002TE', 'Bùi Thị', 'Lài', 'TE110', '-7187024576526498122', '4800000', '08/09/2023', 'Thu Học Phí HK 3 (2022-2023)', 'TE2312132023r3'),
	('41222004TH2', 'Trịnh Thị Phương', 'Thảo', 'TH146', '-7187302835753516043', '1740000', '24/09/2023', 'Thu Học Phí HK 2 (2022-2023)', 'TH2312132023r3'),
	('34203004TH2', 'La Mỹ', 'Dung', 'TH140', '-7197796631249204251', '1450000', '20/09/2023', 'Thu Học Phí HK 3 (2022-2023)', 'TH2312132023r3'),
	('412120018TH', 'Bùi Quý', 'Hòa', 'TH142', '-7202647558721249562', '4350000', '20/09/2023', 'Thu Học Phí HK 3 (2022-2023)', 'TH2312132023r3'),
	('34222009TH2', 'Lê Thị Ý', 'Tư', 'TH145', '-7202916983561884691', '4000000', '24/10/2023', 'Thu Học Phí HK 3 (2022-2023)', 'TH2312132023r3'),
	('342030036TH', 'Nguyễn Thành', 'Lam', 'TH140', '-7224171462876307676', '3480000', '06/11/2023', 'Thu Học Phí HK 3 (2022-2023)', 'TH2312132023r3'),
	('812030008TE', 'Trần Trung', 'Nghĩa', 'TE102', '-7225872222181128617', '800000', '24/09/2023', 'Thu Học Phí HK 3 (2022-2023)', 'TE2312132023r3'),
	('34203002TH2', 'Nguyễn Đức', 'Trí', 'TH140', '-7238099233561452558', '1450000', '21/09/2023', 'Thu Học Phí HK 3 (2022-2023)', 'TH2312132023r3'),
	('342210008TE', 'Nguyễn Quang', 'Thành', 'TE108', '-7240548080398345740', '1200000', '22/09/2023', 'Thu Học Phí HK 3 (2022-2023)', 'TE2312132023r3'),
	('411931005TE', 'Phạm Ngọc', 'Tuấn', 'TE102', '-7244832948912848211', '800000', '24/09/2023', 'Thu Học Phí HK 3 (2022-2023)', 'TE2312132023r3'),
	('34213009TH2', 'Vũ Công', 'Thăng', 'TH143', '-7248653179423970281', '3480000', '16/11/2023', 'Thu Học Phí HK 1 (2023-2024)', 'TH2312132023r3'),
	('81222001TH2', 'Lê Thị Minh', 'Cẩm', 'TH146', '-7250395785760293131', '1200000', '23/09/2023', 'Thu Học Phí HK 3 (2022-2023)', 'TH2312132023r3'),
	('81212001TE2', 'Trần Thị Thu', 'Hiền', 'TE110', '-7262965531232494306', '4800000', '01/11/2023', 'Thu Học Phí HK 3 (2022-2023)', 'TE2312132023r3'),
	('311930011CN', 'Võ Thị Thiên', 'Nhung', 'CN104', '-7276817777213421717', '800000', '22/09/2023', 'Thu Học Phí HK 3 (2022-2023)', 'CN2312122023r3'),
	('812220004TE', 'Ngô Thị', 'Liên', 'TE112', '-7287302454316508052', '1200000', '23/09/2023', 'Thu Học Phí HK 3 (2022-2023)', 'TE2312132023r3'),
	('81203002TE5', 'Ngô Thị Thanh', 'Hồng', 'TE103', '-7287620632832592762', '1600000', '19/09/2023', 'Thu Học Phí HK 3 (2022-2023)', 'TE2312132023r3'),
	('342220003TH', 'Nguyễn Thị Mộng', 'Hạnh', 'TH145', '-7287890950956194340', '4000000', '28/09/2023', 'Thu Học Phí HK 3 (2022-2023)', 'TH2312132023r3'),
	('342030016TH', 'Phan Hồng Uyên', 'Phương', 'TH140', '-7291674012187283372', '1450000', '04/08/2023', 'Thu Học Phí HK 3 (2022-2023)', 'TH2312132023r3'),
	('311930031CN', 'Nguyễn Văn', 'Thương', 'CN001', '-7293564730761025101', '1200000', '30/10/2023', 'Thu Học Phí HK 2 (2022-2023)', 'CN2312122023r3'),
	('311930006CN', 'Nguyễn Thị Kim', 'Loan', 'CN104', '-7294275224764898624', '3600000', '23/09/2023', 'Thu Học Phí HK 3 (2022-2023)', 'CN2312122023r3'),
	('342110024LG', 'Phạm Trương Như', 'Quỳnh', 'TH141', '-7316047577687265915', '2900000', '16/11/2023', 'Thu Học Phí HK 3 (2022-2023)', 'TH2312132023r3'),
	('812130002TH', 'Lê Thị Hoài', 'Thanh', 'TH144', '-7322070395827193858', '3480000', '24/09/2023', 'Thu Học Phí HK 3 (2022-2023)', 'TH2312132023r3'),
	('342110019LG', 'Nguyễn Thị Minh', 'Thơ', 'TH141', '-7333732238787587706', '2900000', '09/08/2023', 'Thu Học Phí HK 3 (2022-2023)', 'TH2312132023r3'),
	('412010015VT', 'Dương Tịnh', 'Trung', 'VT121', '-7334626282703151727', '2610000', '20/09/2023', 'Thu Học Phí HK 3 (2022-2023)', 'VT2312142023r3'),
	('341931013TE', 'Thái Bá', 'Cần', 'TE106', '-7354339356463405458', '800000', '21/09/2023', 'Thu Học Phí HK 3 (2022-2023)', 'TE2312132023r3'),
	('342030021TE', 'Điểu', 'Thân', 'TE102', '-7355724575778230232', '1600000', '07/09/2023', 'Thu Học Phí HK 3 (2022-2023)', 'TE2312132023r3'),
	('81193009TE5', 'Phạm Tấn', 'Phát', 'TE001', '-7358352539495571995', '1600000', '05/10/2023', 'Thu Học Phí HK 2 (2022-2023)', 'TE2312132023r3'),
	('812130006TH', 'Nguyễn Thị Thanh', 'Hòa', 'TH144', '-7386115539646504058', '3480000', '16/08/2023', 'Thu Học Phí HK 3 (2022-2023)', 'TH2312132023r3'),
	('412220010TH', 'Đặng Thị Hoa', 'Sinh', 'TH146', '-7389315271912468929', '870000', '16/08/2023', 'Thu Học Phí HK 3 (2022-2023)', 'TH2312132023r3'),
	('412010026VT', 'Lê Hoàng', 'Phát', 'VT121', '-7389634728090534139', '2610000', '20/09/2023', 'Thu Học Phí HK 3 (2022-2023)', 'VT2312142023r3'),
	('34212017TE2', 'Nguyễn Hoàng', 'Giang', 'TE108', '-7390949294014440500', '5200000', '21/10/2023', 'Thu Học Phí HK 3 (2022-2023)', 'TE2312132023r3'),
	('34213002VT2', 'Ngô Ngọc', 'Hà', 'VT122', '-7394987606191910955', '870000', '20/08/2023', 'Thu Học Phí HK 3 (2022-2023)', 'VT2312142023r3'),
	('411620025TP', 'Trang Duy', 'Minh', 'TH137', '-7396989474575181100', '1080000', '26/10/2023', 'Thu Học Phí HK 2 (2022-2023)', 'TH2312132023r3'),
	('412030003TE', 'Nguyễn Hữu', 'Đức', 'TE105', '-7401149756167113671', '4400000', '21/09/2023', 'Thu Học Phí HK 3 (2022-2023)', 'TE2312132023r3'),
	('812030008TE', 'Trần Trung', 'Nghĩa', 'TE001', '-7442247196034311011', '800000', '24/09/2023', 'Thu Học Phí HK 3 (2022-2023)', 'TE2312132023r3'),
	('81222001TH5', 'Nguyễn Thị Ngọc', 'Diêu', 'TH146', '-7451464616322484758', '1200000', '24/09/2023', 'Thu Học Phí HK 3 (2022-2023)', 'TH2312132023r3'),
	('34212013TE2', 'Bùi Trọng', 'Hiếu', 'TE108', '-7455091583528206052', '5200000', '23/09/2023', 'Thu Học Phí HK 3 (2022-2023)', 'TE2312132023r3'),
	('81212007TE2', 'Trần Văn', 'Đông', 'TE110', '-7458746061479821439', '4800000', '26/10/2023', 'Thu Học Phí HK 3 (2022-2023)', 'TE2312132023r3'),
	('342210003TE', 'Hứa Phương', 'Đông', 'TE108', '-7466997315099059828', '1200000', '03/11/2023', 'Thu Học Phí HK 3 (2022-2023)', 'TE2312132023r3'),
	('412220009TH', 'Nguyễn Thị Diễm', 'My', 'TH146', '-7467672324006230647', '2610000', '20/09/2023', 'Thu Học Phí HK 3 (2022-2023)', 'TH2312132023r3'),
	('311930033CN', 'Võ Thị Thúy', 'Vân', 'CN104', '-7467700996922442515', '800000', '21/09/2023', 'Thu Học Phí HK 3 (2022-2023)', 'CN2312122023r3'),
	('81213004TH2', 'Đặng Thị Bích', 'Sinh', 'TH144', '-7470023320549417135', '3480000', '23/10/2023', 'Thu Học Phí HK 3 (2022-2023)', 'TH2312132023r3'),
	('412010011VT', 'Lê Quỳnh', 'Như', 'VT121', '-7472151447752769285', '2610000', '08/08/2023', 'Thu Học Phí HK 3 (2022-2023)', 'VT2312142023r3'),
	('34161001LG', 'Đặng Thành Quốc', 'Anh', 'TH145', '-7476521815835201968', '870000', '21/09/2023', 'Thu Học Phí HK 3 (2022-2023)', 'TH2312132023r3'),
	('412220006TH', 'Lê Hữu', 'Hiệu', 'TH146', '-7480461507513155474', '2900000', '20/09/2023', 'Thu Học Phí HK 3 (2022-2023)', 'TH2312132023r3'),
	('342210003TE', 'Hứa Phương', 'Đông', 'TE111', '-7489865672899417918', '3600000', '03/11/2023', 'Thu Học Phí HK 2 (2022-2023)', 'TE2312132023r3'),
	('311930021CN', 'Nguyễn Thanh', 'Lộc', 'CN104', '-7522753404641249713', '3600000', '24/09/2023', 'Thu Học Phí HK 3 (2022-2023)', 'CN2312122023r3'),
	('412220011TH', 'Nguyễn Ngọc', 'Tài', 'TH146', '-7534446947800144250', '870000', '25/09/2023', 'Thu Học Phí HK 3 (2022-2023)', 'TH2312132023r3'),
	('34213021TH2', 'Dương Thị Phương', 'Dung', 'TH143', '-7542600911239535338', '3190000', '23/09/2023', 'Thu Học Phí HK 3 (2022-2023)', 'TH2312132023r3'),
	('412220012TH', 'Nguyễn Minh', 'Tâm', 'TH146', '-7543019312799264105', '2900000', '22/09/2023', 'Thu Học Phí HK 3 (2022-2023)', 'TH2312132023r3'),
	('342110016LG', 'Trần Ngọc', 'Tài', 'TH141', '-7564394017917892779', '2030000', '31/10/2023', 'Thu Học Phí HK 1 (2023-2024)', 'TH2312132023r3'),
	('342030025TH', 'Phan Ngọc Bảo', 'Trân', 'TH001', '-7571621393673601195', '290000', '20/09/2023', 'Thu Học Phí HK 3 (2022-2023)', 'TH2312132023r3'),
	('412220015TH', 'Trần Tuấn', 'Việt', 'TH146', '-7581566496317661549', '2900000', '21/09/2023', 'Thu Học Phí HK 3 (2022-2023)', 'TH2312132023r3'),
	('412220013TH', 'Lê Phước', 'Toàn', 'TH146', '-7591348015877360678', '870000', '23/09/2023', 'Thu Học Phí HK 3 (2022-2023)', 'TH2312132023r3'),
	('81213011TH5', 'Trần Thị Xuân', 'Pha', 'TH144', '-7592735524044301946', '3480000', '23/09/2023', 'Thu Học Phí HK 3 (2022-2023)', 'TH2312132023r3'),
	('81193011BDT', 'Đỗ Tấn', 'Phúc', 'BD301', '-7596096954665597169', '1760000', '16/09/2023', 'Thu Học Phí HK 3 (2022-2023)', 'BD2312132023r3'),
	('81222006TE5', 'Trần Thị Hải', 'Yến', 'TE112', '-7602026910969915665', '1200000', '27/10/2023', 'Thu Học Phí HK 3 (2022-2023)', 'TE2312132023r3'),
	('81211007VT5', 'Lê Hoàng', 'Thắng', 'VT123', '-7607066048966068098', '3480000', '25/09/2023', 'Thu Học Phí HK 3 (2022-2023)', 'VT2312142023r3'),
	('34213009TH2', 'Vũ Công', 'Thăng', 'TH001', '-7611245871695427291', '290000', '13/09/2023', 'Thu Học Phí HK 3 (2022-2023)', 'TH2312132023r3'),
	('342030021TH', 'Nguyễn Văn', 'Thuận', 'TH140', '-7617414956517828628', '3480000', '13/11/2023', 'Thu Học Phí HK 3 (2022-2023)', 'TH2312132023r3'),
	('811931005TE', 'Đoàn Vũ Diệu', 'Thúy', 'TE103', '-7635153992720144781', '1600000', '18/09/2023', 'Thu Học Phí HK 3 (2022-2023)', 'TE2312132023r3'),
	('41222006TE2', 'Nguyễn Thị Tú', 'Trinh', 'TE112', '-7636250314105065799', '3600000', '07/09/2023', 'Thu Học Phí HK 3 (2022-2023)', 'TE2312132023r3'),
	('342030007TH', 'Hà Thị Thu', 'Hằng', 'TH140', '-7645773655413038615', '2900000', '06/11/2023', 'Thu Học Phí HK 1 (2023-2024)', 'TH2312132023r3'),
	('41212001TH5', 'Nguyễn Thị Kim', 'Chi', 'TH142', '-7649865960974977553', '3480000', '22/09/2023', 'Thu Học Phí HK 3 (2022-2023)', 'TH2312132023r3'),
	('412220004TH', 'Nguyễn Viết', 'Đức', 'TH146', '-7662285067597837578', '2900000', '23/09/2023', 'Thu Học Phí HK 3 (2022-2023)', 'TH2312132023r3'),
	('412220017TE', 'Hoàng Thị', 'Ý', 'TE112', '-7667121786039248197', '4800000', '21/09/2023', 'Thu Học Phí HK 3 (2022-2023)', 'TE2312132023r3'),
	('342130007TH', 'Trần Thị', 'Linh', 'TH143', '-7696812403288759755', '3190000', '13/11/2023', 'Thu Học Phí HK 3 (2022-2023)', 'TH2312132023r3'),
	('342130008TH', 'Đào Dương Kim', 'Long', 'TH143', '-7701090986100856155', '3190000', '24/09/2023', 'Thu Học Phí HK 3 (2022-2023)', 'TH2312132023r3'),
	('81213007TH2', 'Võ Văn', 'Boanh', 'TH144', '-7709190844205271284', '3480000', '24/09/2023', 'Thu Học Phí HK 3 (2022-2023)', 'TH2312132023r3'),
	('34222006TE2', 'Nguyễn Văn', 'Huy', 'TE108', '-7717348163826497271', '1200000', '21/09/2023', 'Thu Học Phí HK 3 (2022-2023)', 'TE2312132023r3'),
	('811931006TE', 'Võ Thị Thanh', 'An', 'TE103', '-7719396422190998639', '1600000', '21/08/2023', 'Thu Học Phí HK 3 (2022-2023)', 'TE2312132023r3'),
	('41212001TH2', 'Nguyễn Trọng', 'Nghĩa', 'TH142', '-7721221805969621619', '4350000', '23/09/2023', 'Thu Học Phí HK 3 (2022-2023)', 'TH2312132023r3'),
	('342210002TE', 'Lê Xuân Thanh', 'Thưởng', 'TE108', '-7727222570633736968', '1200000', '11/10/2023', 'Thu Học Phí HK 3 (2022-2023)', 'TE2312132023r3'),
	('342130025TH', 'Phạm Thị', 'Ngà', 'TH143', '-7727862372295404159', '3190000', '22/09/2023', 'Thu Học Phí HK 3 (2022-2023)', 'TH2312132023r3'),
	('342030006TE', 'Võ Mạnh', 'Linh', 'TE102', '-7734883056105270681', '1600000', '06/09/2023', 'Thu Học Phí HK 3 (2022-2023)', 'TE2312132023r3'),
	('342110041LG', 'Đoàn Thị', 'Liên', 'TH141', '-7762105231887061293', '2030000', '09/11/2023', 'Thu Học Phí HK 1 (2023-2024)', 'TH2312132023r3'),
	('342030012TH', 'Trần Ngọc Quang', 'Minh', 'TH001', '-7765752455014058784', '320000', '02/08/2023', 'Thu Học Phí HK 2 (2022-2023)', 'TH2312132023r3'),
	('311930018CN', 'Trần Nguyễn Ngọc', 'Trân', 'CN104', '-7766298632836703795', '3600000', '23/10/2023', 'Thu Học Phí HK 3 (2022-2023)', 'CN2312122023r3'),
	('342030020TE', 'Nguyễn Cao', 'Cường', 'TE102', '-7772445849329574679', '1600000', '07/09/2023', 'Thu Học Phí HK 3 (2022-2023)', 'TE2312132023r3'),
	('342120025TE', 'Nguyễn Hữu', 'Thoại', 'TE108', '-7806620676708222430', '5200000', '07/11/2023', 'Thu Học Phí HK 3 (2022-2023)', 'TE2312132023r3'),
	('311930033CN', 'Võ Thị Thúy', 'Vân', 'CN104', '-7826738375826826742', '3600000', '21/09/2023', 'Thu Học Phí HK 3 (2022-2023)', 'CN2312122023r3'),
	('342110014VT', 'Đỗ Ngọc Minh', 'Tú', 'VT122', '-7827739402247561592', '3770000', '13/11/2023', 'Thu Học Phí HK 1 (2023-2024)', 'VT2312142023r3'),
	('412120025TH', 'Nguyễn Thị', 'Hường', 'TH142', '-7832147223129224704', '4350000', '20/09/2023', 'Thu Học Phí HK 3 (2022-2023)', 'TH2312132023r3'),
	('21192004TH2', 'Huỳnh Triệu', 'Phong', 'TH139', '-7847597941744021436', '5040000', '21/09/2023', 'Thu Học Phí HK 3 (2022-2023)', 'TH2312132023r3'),
	('412120016TH', 'Võ Sơn', 'Hùng', 'TH142', '-7858075280520529152', '4350000', '20/09/2023', 'Thu Học Phí HK 3 (2022-2023)', 'TH2312132023r3'),
	('812030002TE', 'Trần Thị', 'Hiệp', 'TE102', '-7858124540701121922', '800000', '13/09/2023', 'Thu Học Phí HK 3 (2022-2023)', 'TE2312132023r3'),
	('81222002TH2', 'Lê Thị Thúy', 'Duyên', 'TH228', '-7895285978254188905', '3600000', '22/09/2023', 'Thu Học Phí HK 3 (2022-2023)', 'TH2312132023r3'),
	('34222024TE2', 'Phan Thị Thúy', 'Yên', 'TE001', '-7904377468905135191', '800000', '23/09/2023', 'Thu Học Phí HK 3 (2022-2023)', 'TE2312132023r3'),
	('412120008TH', 'Phạm Thị', 'Thái', 'TH142', '-7907566093483338993', '4350000', '08/09/2023', 'Thu Học Phí HK 3 (2022-2023)', 'TH2312132023r3'),
	('342030023TE', 'Phạm Ngọc', 'Anh', 'TE107', '-7914399358615929039', '3200000', '23/08/2023', 'Thu Học Phí HK 2 (2022-2023)', 'TE2312132023r3'),
	('34213003TH2', 'Nguyễn Duy Minh', 'Hải', 'TH143', '-7930569549938601644', '3190000', '20/09/2023', 'Thu Học Phí HK 3 (2022-2023)', 'TH2312132023r3'),
	('411930015TP', 'Nguyễn Thanh', 'Tuyến', 'TE104', '-7945219349575250553', '990000', '14/11/2023', 'Thu Học Phí HK 1 (2023-2024)', 'TE2312132023r3'),
	('412220018TE', 'Nguyễn Xuân', 'Thành', 'TE112', '-7949269272678847318', '4800000', '20/09/2023', 'Thu Học Phí HK 3 (2022-2023)', 'TE2312132023r3'),
	('34213011TH2', 'Lê Văn', 'Hiến', 'TH143', '-7953680721753123908', '3190000', '23/09/2023', 'Thu Học Phí HK 3 (2022-2023)', 'TH2312132023r3'),
	('342220004TH', 'Phạm Thị Bích', 'Huyền', 'TH145', '-7970502605295743624', '4000000', '09/11/2023', 'Thu Học Phí HK 3 (2022-2023)', 'TH2312132023r3'),
	('81213011TH2', 'Tăng Hiền Anh', 'Thư', 'TH146', '-7991623675037965315', '870000', '17/09/2023', 'Thu Học Phí HK 3 (2022-2023)', 'TH2312132023r3'),
	('81213014TH5', 'Nguyễn Thị Phương', 'Ni', 'TH144', '-8004322334048979187', '3480000', '20/09/2023', 'Thu Học Phí HK 3 (2022-2023)', 'TH2312132023r3'),
	('34222023TE2', 'Trần Thị Hồng', 'Vân', 'TE108', '-8006400008618695680', '1200000', '23/09/2023', 'Thu Học Phí HK 3 (2022-2023)', 'TE2312132023r3'),
	('41222006TH5', 'Trần Ngọc', 'Pháp', 'TH146', '-8021887873391687333', '2030000', '23/09/2023', 'Thu Học Phí HK 3 (2022-2023)', 'TH2312132023r3'),
	('41203007TE5', 'Trần Anh', 'Tuấn', 'TE105', '-8023557739900315789', '2400000', '30/08/2023', 'Thu Học Phí HK 3 (2022-2023)', 'TE2312132023r3'),
	('34222004TH2', 'Nguyễn Hà Thanh', 'Thuận', 'TH145', '-8024458767361022044', '4000000', '22/09/2023', 'Thu Học Phí HK 3 (2022-2023)', 'TH2312132023r3'),
	('81222005TH2', 'Nguyễn Thị Hoài', 'Chi', 'TH146', '-8029418899040484808', '1200000', '26/09/2023', 'Thu Học Phí HK 3 (2022-2023)', 'TH2312132023r3'),
	('342030035TH', 'Ung Lê Anh', 'Bảo', 'TH140', '-8029658157558555138', '3480000', '24/09/2023', 'Thu Học Phí HK 3 (2022-2023)', 'TH2312132023r3'),
	('41212011TH5', 'Đinh Sĩ', 'Tâm', 'TH142', '-8033369408303836587', '3480000', '21/09/2023', 'Thu Học Phí HK 3 (2022-2023)', 'TH2312132023r3'),
	('81213012TH5', 'Trần Xuân', 'Tài', 'TH144', '-8042645455371892291', '3480000', '02/10/2023', 'Thu Học Phí HK 3 (2022-2023)', 'TH2312132023r3'),
	('811931004TE', 'Hồ Thị Nguyên', 'Thảo', 'TE103', '-8052469667516512400', '1600000', '21/08/2023', 'Thu Học Phí HK 3 (2022-2023)', 'TE2312132023r3'),
	('34213012TH2', 'Ngô Mạnh', 'Hưng', 'TH143', '-8054203503762752369', '3190000', '25/09/2023', 'Thu Học Phí HK 3 (2022-2023)', 'TH2312132023r3'),
	('34213005TH2', 'Hoàng Minh', 'Huy', 'TH143', '-8058986777757956500', '3480000', '06/11/2023', 'Thu Học Phí HK 1 (2023-2024)', 'TH2312132023r3'),
	('311930032CN', 'Đỗ Phan Thảo', 'Ngân', 'CN104', '-8060495205593144562', '3600000', '22/09/2023', 'Thu Học Phí HK 3 (2022-2023)', 'CN2312122023r3'),
	('342210008TE', 'Nguyễn Quang', 'Thành', 'TE111', '-8068116514963653675', '4800000', '22/09/2023', 'Thu Học Phí HK 2 (2022-2023)', 'TE2312132023r3'),
	('81211008VT5', 'Khấu Thị Kiều', 'Diễm', 'VT123', '-8069806458734732532', '3480000', '25/09/2023', 'Thu Học Phí HK 3 (2022-2023)', 'VT2312142023r3'),
	('41203002TE2', 'Phạm Thị Thanh', 'Tâm', 'TE105', '-8072768898457441711', '3600000', '14/09/2023', 'Thu Học Phí HK 3 (2022-2023)', 'TE2312132023r3'),
	('342030023TE', 'Phạm Ngọc', 'Anh', 'TE107', '-8078742854250450308', '3600000', '10/11/2023', 'Thu Học Phí HK 3 (2022-2023)', 'TE2312132023r3'),
	('411931001TE', 'Đinh Hùng', 'Cường', 'TE102', '-8082957580966062661', '800000', '21/09/2023', 'Thu Học Phí HK 3 (2022-2023)', 'TE2312132023r3'),
	('41222001TH5', 'Trần Thị Bích', 'Hảo', 'TH146', '-8099003742830415557', '870000', '23/09/2023', 'Thu Học Phí HK 2 (2022-2023)', 'TH2312132023r3'),
	('412010018VT', 'Quách Thị Ninh', 'Chi', 'VT121', '-8102004136379912758', '2610000', '27/08/2023', 'Thu Học Phí HK 3 (2022-2023)', 'VT2312142023r3'),
	('81213007TH5', 'Phan Thị Phương', 'Thảo', 'TH144', '-8102467787189441536', '3480000', '30/09/2023', 'Thu Học Phí HK 3 (2022-2023)', 'TH2312132023r3'),
	('411910052KH', 'Nguyễn Anh', 'Vy', 'TE104', '-8107929345194467948', '290000', '01/08/2023', 'Thu Học Phí HK 3 (2022-2023)', 'TE2312132023r3'),
	('81213012TH2', 'Huỳnh Thị Bích', 'Liên', 'TH146', '-8115636275889288816', '870000', '21/08/2023', 'Thu Học Phí HK 3 (2022-2023)', 'TH2312132023r3'),
	('412220008TH', 'Nguyễn Trọng', 'Hướng', 'TH146', '-8133599333826057444', '2900000', '24/09/2023', 'Thu Học Phí HK 3 (2022-2023)', 'TH2312132023r3'),
	('412220010TH', 'Đặng Thị Hoa', 'Sinh', 'TH146', '-8136699931931303231', '2900000', '16/08/2023', 'Thu Học Phí HK 3 (2022-2023)', 'TH2312132023r3'),
	('342120020TE', 'Nguyễn Thị Ngọc', 'Thắm', 'TE108', '-8152953274011414666', '5200000', '26/10/2023', 'Thu Học Phí HK 3 (2022-2023)', 'TE2312132023r3'),
	('342110015LG', 'Đồng Xuân', 'Sơn', 'TH141', '-8162493453447103599', '2900000', '28/08/2023', 'Thu Học Phí HK 3 (2022-2023)', 'TH2312132023r3'),
	('412220005TH', 'Lê Gia', 'Hiếu', 'TH146', '-8168560427817724227', '2900000', '24/09/2023', 'Thu Học Phí HK 3 (2022-2023)', 'TH2312132023r3'),
	('412030002TE', 'Nguyễn Bá', 'Cường', 'TE102', '-8181736636321318345', '800000', '31/10/2023', 'Thu Học Phí HK 3 (2022-2023)', 'TE2312132023r3'),
	('32160061TH', 'Nguyễn Thị Thùy', 'My', 'TH001', '-8187361142596134848', '290000', '05/10/2023', 'Thu Học Phí HK 3 (2022-2023)', 'TH2312132023r3'),
	('342110035LG', 'Nguyễn Phú', 'Tài', 'TH141', '-8194478913495684392', '2900000', '06/09/2023', 'Thu Học Phí HK 3 (2022-2023)', 'TH2312132023r3'),
	('34222007TH2', 'Mai Huyền', 'Trinh', 'TH145', '-8196214935613054654', '4000000', '22/09/2023', 'Thu Học Phí HK 3 (2022-2023)', 'TH2312132023r3'),
	('812120001TE', 'Võ Thị Ngọc', 'Ảnh', 'TE110', '-8199458986869999214', '4800000', '25/09/2023', 'Thu Học Phí HK 3 (2022-2023)', 'TE2312132023r3'),
	('342130002TH', 'Lương Đình', 'Đạt', 'TH143', '-8206464919382700096', '3190000', '22/09/2023', 'Thu Học Phí HK 3 (2022-2023)', 'TH2312132023r3'),
	('311930019CN', 'Nguyễn Văn', 'Việt', 'CN104', '-8257931300694663049', '800000', '22/09/2023', 'Thu Học Phí HK 3 (2022-2023)', 'CN2312122023r3'),
	('341931018TE', 'Lê Thị Phương', 'Thảo', 'TE102', '-8265415331050201537', '3200000', '03/11/2023', 'Thu Học Phí HK 3 (2022-2023)', 'TE2312132023r3'),
	('341930020TE', 'Nguyễn Thị Ngọc', 'Anh', 'TE101', '-8266343093956982208', '2400000', '08/09/2023', 'Thu Học Phí HK 3 (2022-2023)', 'TE2312132023r3'),
	('311930016CN', 'Nguyễn Thanh', 'Tiến', 'CN104', '-8266837939403963133', '3600000', '23/09/2023', 'Thu Học Phí HK 3 (2022-2023)', 'CN2312122023r3'),
	('341930002TE', 'Triệu Thị', 'Bé', 'TE101', '-8267088785177458257', '2400000', '05/09/2023', 'Thu Học Phí HK 3 (2022-2023)', 'TE2312132023r3'),
	('34211018LG2', 'Nguyễn Thị Thanh', 'Giang', 'TH141', '-8268518737615411021', '2900000', '09/11/2023', 'Thu Học Phí HK 3 (2022-2023)', 'TH2312132023r3'),
	('411931006TE', 'Trần Thị', 'Tuyết', 'TE102', '-8269147297118885338', '800000', '22/09/2023', 'Thu Học Phí HK 3 (2022-2023)', 'TE2312132023r3'),
	('81213017TH5', 'Mạc Thị Thanh', 'Thu', 'TH144', '-8275365056041033965', '3480000', '24/09/2023', 'Thu Học Phí HK 3 (2022-2023)', 'TH2312132023r3'),
	('811931002TE', 'Nguyễn Bá', 'Kiên', 'TE103', '-8289054254600300379', '1600000', '31/10/2023', 'Thu Học Phí HK 3 (2022-2023)', 'TE2312132023r3'),
	('342030018TE', 'Y Triệu', 'Triết', 'TE102', '-8299214268341872307', '1600000', '16/11/2023', 'Thu Học Phí HK 3 (2022-2023)', 'TE2312132023r3'),
	('81203007TE2', 'Nguyễn Thị Thái', 'Hà', 'TE103', '-8307156486021875140', '1600000', '05/09/2023', 'Thu Học Phí HK 3 (2022-2023)', 'TE2312132023r3'),
	('34213015TH2', 'Lê Đức', 'Nam', 'TH143', '-8309940145921448291', '3190000', '20/09/2023', 'Thu Học Phí HK 3 (2022-2023)', 'TH2312132023r3'),
	('34222008TH2', 'Trần Ái', 'Vy', 'TH145', '-8314109285702391904', '4000000', '20/09/2023', 'Thu Học Phí HK 3 (2022-2023)', 'TH2312132023r3'),
	('342110014LG', 'Bùi Văn', 'Sao', 'TH141', '-8317663680218386337', '2900000', '07/09/2023', 'Thu Học Phí HK 3 (2022-2023)', 'TH2312132023r3'),
	('81222005TH2', 'Nguyễn Thị Hoài', 'Chi', 'TH228', '-8318171649507364976', '3600000', '26/09/2023', 'Thu Học Phí HK 3 (2022-2023)', 'TH2312132023r3'),
	('342120027TE', 'Hoàng Văn', 'Đường', 'TE108', '-8321534357094749657', '5200000', '17/10/2023', 'Thu Học Phí HK 3 (2022-2023)', 'TE2312132023r3'),
	('342030012TH', 'Trần Ngọc Quang', 'Minh', 'TH136', '-8336736145273030185', '1280000', '02/08/2023', 'Thu Học Phí HK 2 (2022-2023)', 'TH2312132023r3'),
	('342110018LG', 'Vũ Đình', 'Thành', 'TH141', '-8338688481538233128', '2900000', '06/09/2023', 'Thu Học Phí HK 3 (2022-2023)', 'TH2312132023r3'),
	('311930031CN', 'Nguyễn Văn', 'Thương', 'CN104', '-8339256478277027258', '3600000', '25/09/2023', 'Thu Học Phí HK 3 (2022-2023)', 'CN2312122023r3'),
	('412010003VT', 'Nguyễn Võ Huỳnh', 'Châu', 'VT121', '-8345378625980693364', '2610000', '28/08/2023', 'Thu Học Phí HK 3 (2022-2023)', 'VT2312142023r3'),
	('812120009TE', 'Nguyễn Thị Thanh', 'Minh', 'TE110', '-8346242236355085143', '4800000', '08/09/2023', 'Thu Học Phí HK 3 (2022-2023)', 'TE2312132023r3'),
	('342030003TE', 'Nguyễn Ngọc', 'Dũng', 'TE102', '-8352964131693462808', '1600000', '08/09/2023', 'Thu Học Phí HK 3 (2022-2023)', 'TE2312132023r3'),
	('811931007TE', 'Phan Thị Ngọc', 'Vân', 'TE103', '-8356506504413069431', '1600000', '31/10/2023', 'Thu Học Phí HK 3 (2022-2023)', 'TE2312132023r3'),
	('34222006TH2', 'Tô Châu Huyền', 'Trinh', 'TH145', '-8364417518091912146', '4000000', '22/09/2023', 'Thu Học Phí HK 3 (2022-2023)', 'TH2312132023r3'),
	('342110007LG', 'Nguyễn Thanh', 'Luận', 'TH141', '-8381087960328935428', '2900000', '11/08/2023', 'Thu Học Phí HK 3 (2022-2023)', 'TH2312132023r3'),
	('412120004TE', 'Đào Thái', 'Sơn', 'TE109', '-8392895190299962915', '6000000', '18/11/2023', 'Thu Học Phí HK 3 (2022-2023)', 'TE2312132023r3'),
	('41150021TG', 'Lý Thanh', 'Tùng', 'TE104', '-8400864632673807455', '870000', '28/11/2023', 'Thu Học Phí HK 1 (2023-2024)', 'TE2312132023r3'),
	('81213010TH2', 'Hà Thị Thúy', 'Phương', 'TH144', '-8402051695927482324', '3480000', '23/09/2023', 'Thu Học Phí HK 3 (2022-2023)', 'TH2312132023r3'),
	('341930009TE', 'Trương Đức', 'Hải', 'TE101', '-8415717022940543131', '2800000', '11/11/2023', 'Thu Học Phí HK 2 (2020-2021)', 'TE2312132023r3'),
	('341930015TE', 'Nông Thanh', 'Quỳnh', 'TE101', '-8424366921698521765', '2400000', '05/09/2023', 'Thu Học Phí HK 3 (2022-2023)', 'TE2312132023r3'),
	('812120012TE', 'Trần Nguyễn Kiều', 'Oanh', 'TE110', '-8425456871522656798', '4800000', '18/08/2023', 'Thu Học Phí HK 3 (2022-2023)', 'TE2312132023r3'),
	('812120005TE', 'Hồ Như', 'Ý', 'TE110', '-8448130105266612816', '4800000', '08/09/2023', 'Thu Học Phí HK 3 (2022-2023)', 'TE2312132023r3'),
	('342030008TH', 'Nguyễn Văn', 'Hiếu', 'TH001', '-8451798021146975127', '580000', '21/09/2023', 'Thu Học Phí HK 3 (2022-2023)', 'TH2312132023r3'),
	('341930004TE', 'Nguyễn Văn', 'Công', 'TE101', '-8457188804763563760', '2400000', '25/09/2023', 'Thu Học Phí HK 3 (2022-2023)', 'TE2312132023r3'),
	('34211015VT2', 'Nguyễn Thị', 'Phượng', 'VT122', '-8457953216554033764', '3770000', '24/09/2023', 'Thu Học Phí HK 3 (2022-2023)', 'VT2312142023r3'),
	('342130018TH', 'Trịnh Thị', 'Thủy', 'TH143', '-8467330866394392383', '3190000', '24/09/2023', 'Thu Học Phí HK 3 (2022-2023)', 'TH2312132023r3'),
	('41212010TH5', 'Nguyễn Văn', 'Công', 'TH142', '-8476973615420709785', '3480000', '24/09/2023', 'Thu Học Phí HK 3 (2022-2023)', 'TH2312132023r3'),
	('342030019TH', 'Nguyễn Thị Hồng', 'Sương', 'TH140', '-8497358073303594909', '2900000', '18/11/2023', 'Thu Học Phí HK 1 (2023-2024)', 'TH2312132023r3'),
	('412120009TH', 'Nguyễn Thị Bích', 'Thi', 'TH142', '-8510913170520150961', '4350000', '30/09/2023', 'Thu Học Phí HK 3 (2022-2023)', 'TH2312132023r3'),
	('34222001TH2', 'Trần Thị Hương', 'Lan', 'TH145', '-8515505664872744951', '4000000', '22/09/2023', 'Thu Học Phí HK 3 (2022-2023)', 'TH2312132023r3'),
	('81213008TH5', 'Phan Đức', 'Thuận', 'TH144', '-8534279597772401274', '3480000', '23/09/2023', 'Thu Học Phí HK 3 (2022-2023)', 'TH2312132023r3'),
	('34211024VT2', 'Nguyễn Văn', 'Giáp', 'VT122', '-8545300425526169862', '3770000', '12/09/2023', 'Thu Học Phí HK 3 (2022-2023)', 'VT2312142023r3'),
	('41222002TH2', 'Phan Thị Yến', 'Nhi', 'TH146', '-8551516139544589234', '870000', '24/09/2023', 'Thu Học Phí HK 3 (2022-2023)', 'TH2312132023r3'),
	('81213012TH2', 'Huỳnh Thị Bích', 'Liên', 'TH144', '-8563062620520246827', '3480000', '21/08/2023', 'Thu Học Phí HK 3 (2022-2023)', 'TH2312132023r3'),
	('41222002TH5', 'Nguyễn Thị Kim', 'Hồng', 'TH146', '-8565546152350992373', '870000', '24/09/2023', 'Thu Học Phí HK 3 (2022-2023)', 'TH2312132023r3'),
	('341930040TE', 'Nguyễn Sỹ', 'Bắc', 'TE101', '-8567650811375169148', '2400000', '08/08/2023', 'Thu Học Phí HK 3 (2022-2023)', 'TE2312132023r3'),
	('412120002TH', 'Trần Ngọc', 'Hiếu', 'TH142', '-8569457874963188937', '3480000', '13/11/2023', 'Thu Học Phí HK 1 (2023-2024)', 'TH2312132023r3'),
	('341930017TE', 'Võ Thị', 'Thành', 'TE101', '-8569848596222436180', '2400000', '08/09/2023', 'Thu Học Phí HK 3 (2022-2023)', 'TE2312132023r3'),
	('342220012TH', 'Huỳnh Thị Thùy', 'Ngân', 'TH145', '-8573012671837479780', '4000000', '24/09/2023', 'Thu Học Phí HK 3 (2022-2023)', 'TH2312132023r3'),
	('81203002TE2', 'Phan Thị Kim', 'Ngọc', 'TE103', '-8577127949707003189', '1600000', '21/10/2023', 'Thu Học Phí HK 3 (2022-2023)', 'TE2312132023r3'),
	('34213002TH2', 'Nguyễn Ngọc', 'Dương', 'TH001', '-8578489116799502485', '290000', '23/09/2023', 'Thu Học Phí HK 3 (2022-2023)', 'TH2312132023r3'),
	('412120012TE', 'Đinh Dương', 'Thành', 'TE109', '-8593520729478308758', '6000000', '07/11/2023', 'Thu Học Phí HK 3 (2022-2023)', 'TE2312132023r3'),
	('81213005TH5', 'Nguyễn Ngọc Thảo', 'Ngân', 'TH144', '-8604492035860471251', '3480000', '24/09/2023', 'Thu Học Phí HK 3 (2022-2023)', 'TH2312132023r3'),
	('81212001TE5', 'Trần Thị Trà', 'Giang', 'TE110', '-8606753129378813298', '4800000', '12/09/2023', 'Thu Học Phí HK 3 (2022-2023)', 'TE2312132023r3'),
	('342130001TH', 'Nguyễn Thanh', 'Báu', 'TH143', '-8610458382093625323', '3190000', '23/09/2023', 'Thu Học Phí HK 3 (2022-2023)', 'TH2312132023r3'),
	('342110030LG', 'Hoàng Lê Minh', 'Thư', 'TH141', '-8623820044643105730', '2900000', '05/09/2023', 'Thu Học Phí HK 3 (2022-2023)', 'TH2312132023r3'),
	('341931019TE', 'Trần Thị Thanh', 'Loan', 'TE102', '-8628439488666629842', '2400000', '23/09/2023', 'Thu Học Phí HK 3 (2022-2023)', 'TE2312132023r3'),
	('341930009TE', 'Trương Đức', 'Hải', 'TE101', '-8631660235456446949', '2400000', '08/09/2023', 'Thu Học Phí HK 3 (2022-2023)', 'TE2312132023r3'),
	('34211019VT2', 'Nguyễn Hoàng', 'Long', 'VT001', '-8640526282668153283', '290000', '20/09/2023', 'Thu Học Phí HK 3 (2022-2023)', 'VT2312142023r3'),
	('412030017TE', 'Nguyễn Văn Nhân', 'Hòa', 'TE102', '-8649607660107367058', '800000', '01/11/2023', 'Thu Học Phí HK 3 (2022-2023)', 'TE2312132023r3'),
	('341930021TE', 'Trịnh Đình', 'Quyết', 'TE101', '-8662002996987884490', '2400000', '08/09/2023', 'Thu Học Phí HK 3 (2022-2023)', 'TE2312132023r3'),
	('34213007TH2', 'Nguyễn Thị Kim', 'Khánh', 'TH143', '-8669707896914355567', '3190000', '22/09/2023', 'Thu Học Phí HK 3 (2022-2023)', 'TH2312132023r3'),
	('41203002TE5', 'Phạm Thị Thu', 'Hằng', 'TE105', '-8673161346522337246', '2400000', '28/08/2023', 'Thu Học Phí HK 3 (2022-2023)', 'TE2312132023r3'),
	('341930014TE', 'Vũ Đình', 'Lương', 'TE101', '-8682989552693260197', '2400000', '08/09/2023', 'Thu Học Phí HK 3 (2022-2023)', 'TE2312132023r3'),
	('81222016TE2', 'Nguyễn Thị Thanh', 'Tuyền', 'TE113', '-8683462583602345202', '2400000', '09/08/2023', 'Thu Học Phí HK 3 (2022-2023)', 'TE2312132023r3'),
	('342210029TE', 'Nguyễn Văn', 'Thành', 'TE111', '-8702296631104671700', '4400000', '02/11/2023', 'Thu Học Phí HK 3 (2022-2023)', 'TE2312132023r3'),
	('811630010TH', 'Nguyễn Thị Bích', 'Trân', 'TH146', '-8707441924146487450', '870000', '07/11/2023', 'Thu Học Phí HK 1 (2023-2024)', 'TH2312132023r3'),
	('34213005TH2', 'Hoàng Minh', 'Huy', 'TH143', '-8719079255795286489', '3190000', '18/09/2023', 'Thu Học Phí HK 3 (2022-2023)', 'TH2312132023r3'),
	('81212004TE5', 'Nguyễn Thị', 'Phượng', 'TE110', '-8732896546595061402', '4800000', '13/10/2023', 'Thu Học Phí HK 3 (2022-2023)', 'TE2312132023r3'),
	('342030013TH', 'Phạm Ngọc', 'Minh', 'TH140', '-8743175720867072031', '3480000', '20/09/2023', 'Thu Học Phí HK 3 (2022-2023)', 'TH2312132023r3'),
	('81203005TE5', 'Trần Thị Huyền', 'Trinh', 'TE103', '-8743290103677932684', '1600000', '09/08/2023', 'Thu Học Phí HK 3 (2022-2023)', 'TE2312132023r3'),
	('321930057QH', 'Nguyễn Tiến', 'Dũng', 'TE106', '-8746965305730399946', '990000', '18/09/2023', 'Thu Học Phí HK 3 (2022-2023)', 'TE2312132023r3'),
	('81222001TH2', 'Lê Thị Minh', 'Cẩm', 'TH228', '-8749457276934835939', '3600000', '23/09/2023', 'Thu Học Phí HK 3 (2022-2023)', 'TH2312132023r3'),
	('81211004VT2', 'Đào Vũ Thu', 'Trang', 'VT123', '-8750266313226560845', '1740000', '11/11/2023', 'Thu Học Phí HK 1 (2023-2024)', 'VT2312142023r3'),
	('34211005LG2', 'Nguyễn Thị Thanh', 'Thảo', 'TH141', '-8759259013647711867', '2900000', '07/09/2023', 'Thu Học Phí HK 3 (2022-2023)', 'TH2312132023r3'),
	('342210002TE', 'Lê Xuân Thanh', 'Thưởng', 'TE111', '-8766237381698008785', '200000', '17/11/2023', 'Thu Học Phí HK 3 (2022-2023)', 'TE2312132023r3'),
	('322010042TB', 'Tống Ngọc Kim', 'Ngân', 'CN104', '-8771724067703793174', '360000', '10/11/2023', 'Thu Học Phí HK 2 (2022-2023)', 'CN2312122023r3'),
	('81222010TH5', 'Đặng Thị Mỹ', 'Hảo', 'TH146', '-8780091609176348446', '2400000', '24/09/2023', 'Thu Học Phí HK 3 (2022-2023)', 'TH2312132023r3'),
	('34211015LG2', 'Phạm Ngọc Anh', 'Thư', 'LG001', '-8784182861164372021', '290000', '18/09/2023', 'Thu Học Phí HK 3 (2022-2023)', 'TH2312132023r3'),
	('412220018TH', 'Nguyễn Văn', 'Hùng', 'TH146', '-8786457842468865523', '870000', '23/09/2023', 'Thu Học Phí HK 3 (2022-2023)', 'TH2312132023r3'),
	('811931016TE', 'Nguyễn Hồng', 'Đức', 'TE001', '-8786542964637500406', '1600000', '05/10/2023', 'Thu Học Phí HK 2 (2022-2023)', 'TE2312132023r3'),
	('412220001TH', 'Nguyễn Thị Bé', 'Ba', 'TH146', '-8791219619723586069', '870000', '23/09/2023', 'Thu Học Phí HK 3 (2022-2023)', 'TH2312132023r3'),
	('412030002TE', 'Nguyễn Bá', 'Cường', 'TE001', '-8792532740409987344', '400000', '02/11/2023', 'Thu Học Phí HK 3 (2022-2023)', 'TE2312132023r3'),
	('311930020CN', 'Nguyễn Thanh', 'Lộc', 'CN104', '-8797398346213854668', '3600000', '24/09/2023', 'Thu Học Phí HK 3 (2022-2023)', 'CN2312122023r3'),
	('81222003TH5', 'Lâm Minh', 'Khánh', 'TH146', '-8805429805185197536', '1200000', '26/09/2023', 'Thu Học Phí HK 3 (2022-2023)', 'TH2312132023r3'),
	('342120014TE', 'Lê Hoàng', 'Hải', 'TE108', '-8810136002916539717', '5200000', '21/09/2023', 'Thu Học Phí HK 3 (2022-2023)', 'TE2312132023r3'),
	('342130004VT', 'Lê Tuấn', 'Khanh', 'VT122', '-8813369223049327536', '870000', '24/09/2023', 'Thu Học Phí HK 3 (2022-2023)', 'VT2312142023r3'),
	('41203001TE5', 'Nguyễn Xuân', 'Đức', 'TE105', '-8814050734577400250', '2400000', '29/08/2023', 'Thu Học Phí HK 3 (2022-2023)', 'TE2312132023r3'),
	('812120006TE', 'Trần Thị Như', 'Ý', 'TE110', '-8848686282308170870', '4800000', '23/09/2023', 'Thu Học Phí HK 3 (2022-2023)', 'TE2312132023r3'),
	('41222010TE2', 'Lê Doãn', 'Dũng', 'TE112', '-8848807680957300331', '3600000', '06/08/2023', 'Thu Học Phí HK 3 (2022-2023)', 'TE2312132023r3'),
	('342130016TH', 'Nguyễn Hoàng', 'Sơn', 'TH143', '-8852067138052874342', '3190000', '09/11/2023', 'Thu Học Phí HK 3 (2022-2023)', 'TH2312132023r3'),
	('81222007TE5', 'Nguyễn Thị Thanh', 'Tuyết', 'TE112', '-8861841891227306713', '1200000', '23/09/2023', 'Thu Học Phí HK 3 (2022-2023)', 'TE2312132023r3'),
	('81222006TE5', 'Trần Thị Hải', 'Yến', 'TE113', '-8891717857422397930', '-800000', '27/10/2023', 'Thu Học Phí HK 2 (2022-2023)', 'TE2312132023r3'),
	('342220002TH', 'Châu Huỳnh', 'Đức', 'TH145', '-8895203752813328835', '4000000', '24/09/2023', 'Thu Học Phí HK 3 (2022-2023)', 'TH2312132023r3'),
	('342130027TH', 'Phạm Thị Mỹ', 'Thuận', 'TH143', '-8901025360359476393', '3190000', '23/09/2023', 'Thu Học Phí HK 3 (2022-2023)', 'TH2312132023r3'),
	('412120011TH', 'Nguyễn Thị Nhật', 'Trang', 'TH142', '-8902318180754767172', '3480000', '04/11/2023', 'Thu Học Phí HK 1 (2023-2024)', 'TH2312132023r3'),
	('311930014CN', 'Văn Thị Tuyết', 'Oanh', 'CN104', '-8903457095742991476', '3600000', '21/09/2023', 'Thu Học Phí HK 3 (2022-2023)', 'CN2312122023r3'),
	('341920017TH', 'Lê Minh', 'Phước', 'TH001', '-8908892809746859521', '290000', '21/09/2023', 'Thu Học Phí HK 3 (2022-2023)', 'TH2312132023r3'),
	('311930006CN', 'Nguyễn Thị Kim', 'Loan', 'CN104', '-8917550815923982616', '800000', '23/09/2023', 'Thu Học Phí HK 3 (2022-2023)', 'CN2312122023r3'),
	('341930046TE', 'Nguyễn Huy', 'Nam', 'TE101', '-8920816697874571614', '2400000', '24/09/2023', 'Thu Học Phí HK 3 (2022-2023)', 'TE2312132023r3'),
	('342210019TE', 'Cao Hải', 'Nguyên', 'TE108', '-8927384858377604260', '1200000', '16/10/2023', 'Thu Học Phí HK 3 (2022-2023)', 'TE2312132023r3'),
	('34211021VT2', 'Đỗ Thị Trúc', 'Quỳnh', 'VT122', '-8930487478438174211', '3770000', '14/09/2023', 'Thu Học Phí HK 3 (2022-2023)', 'VT2312142023r3'),
	('412010007VT', 'Nguyễn Duy', 'Hiếu', 'VT121', '-8948009937409609264', '2610000', '25/09/2023', 'Thu Học Phí HK 3 (2022-2023)', 'VT2312142023r3'),
	('41222003TH5', 'Nguyễn Huỳnh Hương', 'Trâm', 'TH146', '-8951867369151015267', '870000', '24/09/2023', 'Thu Học Phí HK 3 (2022-2023)', 'TH2312132023r3'),
	('41203003TE5', 'Phan Thành Anh', 'Tiến', 'TE105', '-8952512066608734093', '2400000', '28/08/2023', 'Thu Học Phí HK 3 (2022-2023)', 'TE2312132023r3'),
	('34222007TE2', 'Nguyễn Duy', 'Khánh', 'TE108', '-8954990126034387041', '1200000', '21/09/2023', 'Thu Học Phí HK 3 (2022-2023)', 'TE2312132023r3'),
	('342030034TH', 'Thiềm Anh', 'Khoa', 'TH145', '-8957273903565357699', '1920000', '07/11/2023', 'Thu Học Phí HK 2 (2022-2023)', 'TH2312132023r3'),
	('341931020TE', 'Y', 'Chất', 'TE102', '-8965648151300575600', '1600000', '23/09/2023', 'Thu Học Phí HK 2 (2022-2023)', 'TE2312132023r3'),
	('412120006TH', 'Lê Nguyễn Trường', 'Khánh', 'TH142', '-8988650958114048048', '4350000', '21/09/2023', 'Thu Học Phí HK 3 (2022-2023)', 'TH2312132023r3'),
	('81211008VT2', 'Bùi Thị Trà', 'My', 'VT123', '-8993623531719361124', '3480000', '09/09/2023', 'Thu Học Phí HK 3 (2022-2023)', 'VT2312142023r3'),
	('311930026CN', 'Đỗ Thanh Rạng', 'Thông', 'CN104', '-8998238882012975858', '2800000', '03/11/2023', 'Thu Học Phí HK 1 (2023-2024)', 'CN2312122023r3'),
	('812120011TE', 'Phạm Kim', 'Thanh', 'TE110', '-9008292795554212052', '4800000', '23/09/2023', 'Thu Học Phí HK 3 (2022-2023)', 'TE2312132023r3'),
	('211920008TH', 'Lê Doãn', 'Thuận', 'TH139', '-9010143311945898922', '5040000', '19/10/2023', 'Thu Học Phí HK 3 (2022-2023)', 'TH2312132023r3'),
	('412220018TH', 'Nguyễn Văn', 'Hùng', 'TH146', '-9018270291062882739', '2900000', '23/09/2023', 'Thu Học Phí HK 3 (2022-2023)', 'TH2312132023r3'),
	('812130011TH', 'Phan Thị Mỹ', 'Xinh', 'TH144', '-9029354851695894605', '3480000', '21/09/2023', 'Thu Học Phí HK 3 (2022-2023)', 'TH2312132023r3'),
	('311930032CN', 'Đỗ Phan Thảo', 'Ngân', 'CN104', '-9040630906802248661', '800000', '22/09/2023', 'Thu Học Phí HK 3 (2022-2023)', 'CN2312122023r3'),
	('81222013TE2', 'Lê', 'Huyền', 'TE113', '-9046610709806497105', '2400000', '25/10/2023', 'Thu Học Phí HK 3 (2022-2023)', 'TE2312132023r3'),
	('41203004TE5', 'Đào Ngọc', 'Thuận', 'TE105', '-9065395980678223682', '2400000', '29/08/2023', 'Thu Học Phí HK 3 (2022-2023)', 'TE2312132023r3'),
	('34211022LG2', 'Vũ Thị Mỹ', 'Duyên', 'TH141', '-9078449961131243571', '2900000', '05/09/2023', 'Thu Học Phí HK 3 (2022-2023)', 'TH2312132023r3'),
	('41212003TH5', 'Lê Thị Như', 'Quỳnh', 'TH142', '-9086130649491507861', '3480000', '21/09/2023', 'Thu Học Phí HK 3 (2022-2023)', 'TH2312132023r3'),
	('412120004TH', 'Lê Quốc', 'Hưng', 'TH142', '-9088746566759711048', '4350000', '20/09/2023', 'Thu Học Phí HK 3 (2022-2023)', 'TH2312132023r3'),
	('341930050TE', 'Y Đối', 'Ksơr', 'TE101', '-9101054276795643896', '2400000', '14/08/2023', 'Thu Học Phí HK 3 (2022-2023)', 'TE2312132023r3'),
	('34203005TH2', 'Phạm Huỳnh Bích', 'Trâm', 'TH140', '-9101153971273893052', '1450000', '20/09/2023', 'Thu Học Phí HK 3 (2022-2023)', 'TH2312132023r3'),
	('342220001TH', 'Đoàn Văn', 'Bửu', 'TH145', '-9108484153679617642', '4000000', '24/09/2023', 'Thu Học Phí HK 3 (2022-2023)', 'TH2312132023r3'),
	('342030022TE', 'Bùi Văn', 'Hải', 'TE102', '-9115486962944897047', '1600000', '24/09/2023', 'Thu Học Phí HK 3 (2022-2023)', 'TE2312132023r3'),
	('812130003TH', 'Tạ Thị', 'Thảo', 'TH144', '-9119105143276148875', '3480000', '20/09/2023', 'Thu Học Phí HK 3 (2022-2023)', 'TH2312132023r3'),
	('81203001TE2', 'Trương Thị Thanh', 'Thủy', 'TE103', '-9142884173547860420', '1600000', '26/08/2023', 'Thu Học Phí HK 3 (2022-2023)', 'TE2312132023r3'),
	('811630010TH', 'Nguyễn Thị Bích', 'Trân', 'TH144', '-9175034319721102584', '1740000', '04/10/2023', 'Thu Học Phí HK 3 (2022-2023)', 'TH2312132023r3'),
	('341930033TE', 'Nguyễn Thị', 'Thanh', 'TE101', '-9183348175065045977', '2400000', '08/09/2023', 'Thu Học Phí HK 3 (2022-2023)', 'TE2312132023r3'),
	('412030011TE', 'Lê Phạm Bích', 'Ngọc', 'TE102', '-9197378966477974216', '800000', '18/10/2023', 'Thu Học Phí HK 3 (2022-2023)', 'TE2312132023r3'),
	('342110024LG', 'Phạm Trương Như', 'Quỳnh', 'TH141', '-9198707975591258386', '2610000', '17/11/2023', 'Thu Học Phí HK 1 (2021-2022)', 'TH2312132023r3'),
	('34213002TH2', 'Nguyễn Ngọc', 'Dương', 'TH143', '-9203849511577514436', '3190000', '23/09/2023', 'Thu Học Phí HK 3 (2022-2023)', 'TH2312132023r3'),
	('342110013VT', 'Nguyễn Đình', 'Tú', 'VT122', '-9211742883662767726', '3770000', '20/09/2023', 'Thu Học Phí HK 3 (2022-2023)', 'VT2312142023r3'),
	('342130015TH', 'Nguyễn Lê Nhật', 'Quang', 'TH143', '-9221921887554649122', '3190000', '23/09/2023', 'Thu Học Phí HK 3 (2022-2023)', 'TH2312132023r3');
/*!40000 ALTER TABLE `student_accounting` ENABLE KEYS */;

-- Dumping structure for table theodoihocphi.student_receipt_book
DROP TABLE IF EXISTS `student_receipt_book`;
CREATE TABLE IF NOT EXISTS `student_receipt_book` (
  `mssv` varchar(50) CHARACTER SET utf8 COLLATE utf8_unicode_ci NOT NULL,
  `first_name` varchar(200) CHARACTER SET utf8 COLLATE utf8_unicode_ci DEFAULT NULL,
  `last_name` varchar(200) CHARACTER SET utf8 COLLATE utf8_unicode_ci DEFAULT NULL,
  `birth_day` varchar(50) CHARACTER SET utf8 COLLATE utf8_unicode_ci DEFAULT NULL,
  `class` varchar(50) CHARACTER SET utf8 COLLATE utf8_unicode_ci DEFAULT NULL,
  `ID_subject` varchar(50) CHARACTER SET utf8 COLLATE utf8_unicode_ci NOT NULL,
  `subject` varchar(255) CHARACTER SET utf8 COLLATE utf8_unicode_ci DEFAULT NULL,
  `day_pay` varchar(50) CHARACTER SET utf8 COLLATE utf8_unicode_ci DEFAULT NULL,
  `email` varchar(255) CHARACTER SET utf8 COLLATE utf8_unicode_ci DEFAULT NULL,
  `phone1` varchar(20) CHARACTER SET utf8 COLLATE utf8_unicode_ci DEFAULT NULL,
  `phone2` varchar(20) CHARACTER SET utf8 COLLATE utf8_unicode_ci DEFAULT NULL,
  `receiver` varchar(255) CHARACTER SET utf8 COLLATE utf8_unicode_ci DEFAULT NULL,
  `room` varchar(255) CHARACTER SET utf8 COLLATE utf8_unicode_ci DEFAULT NULL,
  `building` varchar(255) CHARACTER SET utf8 COLLATE utf8_unicode_ci DEFAULT NULL,
  `house_number` varchar(255) CHARACTER SET utf8 COLLATE utf8_unicode_ci DEFAULT NULL,
  `street_name` varchar(255) CHARACTER SET utf8 COLLATE utf8_unicode_ci DEFAULT NULL,
  `town` varchar(255) CHARACTER SET utf8 COLLATE utf8_unicode_ci DEFAULT NULL,
  `ward` varchar(255) CHARACTER SET utf8 COLLATE utf8_unicode_ci DEFAULT NULL,
  `district` varchar(255) CHARACTER SET utf8 COLLATE utf8_unicode_ci DEFAULT NULL,
  `city` varchar(255) CHARACTER SET utf8 COLLATE utf8_unicode_ci DEFAULT NULL,
  `receive_day` date DEFAULT NULL,
  `ID_receipt` varchar(100) CHARACTER SET utf8 COLLATE utf8_unicode_ci DEFAULT NULL,
  PRIMARY KEY (`mssv`,`ID_subject`),
  KEY `fk_receipt` (`ID_receipt`),
  CONSTRAINT `fk_receipt` FOREIGN KEY (`ID_receipt`) REFERENCES `receipt_book` (`ID_receipt`) ON DELETE CASCADE ON UPDATE CASCADE
) ENGINE=InnoDB DEFAULT CHARSET=utf8mb3 COLLATE=utf8_unicode_ci;

-- Dumping data for table theodoihocphi.student_receipt_book: ~0 rows (approximately)
/*!40000 ALTER TABLE `student_receipt_book` DISABLE KEYS */;
/*!40000 ALTER TABLE `student_receipt_book` ENABLE KEYS */;

-- Dumping structure for table theodoihocphi.user
DROP TABLE IF EXISTS `user`;
CREATE TABLE IF NOT EXISTS `user` (
  `mail` varchar(200) CHARACTER SET utf8 COLLATE utf8_unicode_ci NOT NULL,
  `password1` varchar(500) CHARACTER SET utf8 COLLATE utf8_unicode_ci DEFAULT NULL,
  `password2` varchar(500) CHARACTER SET utf8 COLLATE utf8_unicode_ci DEFAULT NULL,
  `full_name` varchar(200) CHARACTER SET utf8 COLLATE utf8_unicode_ci DEFAULT NULL,
  `phone` varchar(20) CHARACTER SET utf8 COLLATE utf8_unicode_ci DEFAULT NULL,
  `group_user` tinyint(1) DEFAULT NULL COMMENT '1: admin\\\\\\\\n2: dvlk\\\\\\\\n3: qlv \\\\\\\\n4: leader\\\\\\\\n5: account',
  `super_user` tinyint(1) DEFAULT NULL,
  PRIMARY KEY (`mail`)
) ENGINE=InnoDB DEFAULT CHARSET=utf8mb3 COLLATE=utf8_unicode_ci;

-- Dumping data for table theodoihocphi.user: ~148 rows (approximately)
/*!40000 ALTER TABLE `user` DISABLE KEYS */;
INSERT INTO `user` (`mail`, `password1`, `password2`, `full_name`, `phone`, `group_user`, `super_user`) VALUES
	('admin@oude.edu.vn', '172fea0e97c05cfdcf1e01daecbaf4d3b6b1cd0c11c0f3635c43a7a01a753616', 'cbc5293941e6404b933b12e8ca2595ac2f4f809492d85f8d6d9fd83783292986', 'super admin', '0393887272', 1, 1),
	('bahoangtg01@gmail.com', 'cf21b69ffbb745ca77f5f95713cfa18ac5009eb57c5e900f537cef965d22cc7b', '089fbe916148d2bd7439ea614b0e26fbd52b8ff1163ee2f384ad627bd3d0660f', NULL, NULL, 2, NULL),
	('baotrongtcn@gmail.com', '28320bc0b74236e27fcf0d4b9307b0ec8d18e423fa9b527f8d808fed21bdefc7', '6cc9bf3bdcc58f81ba446623f34388ce8ad3deec862e28e1cd78ea7987f42b69', 'Nguyễn Bảo Trọng', ' ', 2, NULL),
	('bentre_tranhongchau@bentre.edu.vn', '3e7f2e0d9f6b625a6d4d2d2b305397c8d15e97e21bdb9ae38fd490499bb21f2a', '7db105e7bd8a212dc7c6100ed9d17ddef411d362b2fa19c2c3a5d60fb99a3839', 'Trần Hồng Châu', '0393887272', 2, NULL),
	('boconganhtt0511@gmail.com', '8136dc2c7e7176f10a0a19c63fea4805fd7ebf34ad9886937c764fe56abf7fb4', '4ad2f91d5afdf6c8fb141cfe51741adb827726fcebd0d7f6fe6f9d61ffcfe642', 'Bồ Công Anh', '0393887272', 2, NULL),
	('buiducchuong74@gmail.com', '46efdf20fd1d32de21272ae62fbeb7a085848ecfaf4d45056d037a3d1ba1b0b2', 'f43055d9c0902848b893a0faed49a3467dd951be43dab9b17e26ecbca86d9dca', 'Bùi Đức Chương', '0393887272', 2, NULL),
	('buihuygiapgl@gmail.com', 'e4630d1caa848f1276f1cdf24893ae6aa8b68861a49592de3952727227896a3d', '3287a13b3e9b263a4feaa5b6888b35b141cecc685ef918db27395a39a5436ec0', 'Bùi Huy Giáp', ' ', 2, NULL),
	('buixuancuong2000@gmail.com', '354e0795a0bfa3f760715157e3d86a561b43b2f25e6ae51ec505baee3bdb125a', '3f91c61c14383ecda6b795fa13c7ae49268b95423c15b90401f10cea4a3d546b', NULL, NULL, 2, NULL),
	('buixuantruong2000@gmail.com', 'e89c6a4bb21f29dcad0ed41020cc185fca892a411c4a0057277a2d12502fc8bf', '094bfb03effdc5795c2b88252c3cb09bbd3cc1008b683cd8b5ae0b04ee49dc79', 'Bùi Xuân Cường', '0393887272', 2, NULL),
	('caothigiang84@gmail.com', '3c94ee8e537bc747f1822a80f8a68a45f804feb85040857f454855688db1b51d', '6e097ce0c08a44dc90f9513ca4d75ee97b8d13a4c579c3b14364d216b4647f8a', 'Cao Thị Giang', ' ', 2, NULL),
	('chiendh.gdtxchauthanh@haugiang.edu.vn', 'b30c1c17b29afdbecd76dd3bead85c05b88e24147be3c3a6d47e36c69758ff2d', '3ab99f06dee55b43832f5fe6966a44e2b575d224ae0a0f1d305432a7d2217721', NULL, NULL, 2, NULL),
	('cong.nt@ou.edu.vn', '927ea5ab01d35177742987a0a5bf9b1e864ee376c74fb21521e2b73b374d45d8', '1b5f5a1bff256bdce998ea50266733d99149caacb3c4eed940d1bab2cacecdf0', NULL, NULL, 2, NULL),
	('congthu78@gmail.com', '0e64c300c6b8f311a7ec6774fe67f1a25ee9d237ac8243abfc5e278d3ce260d1', '1a94e8021ee7d550c938b9f0131ce53c8dd953cdbecdad52f1b50db56ae39625', NULL, NULL, 2, NULL),
	('danghanh0111@gmail.com', '4e2e3247e34dd3b6d352965d0faa2eb7ccfdb6ea7abe8ee763b3e4305de72679', '5ab33a2438a5c60a4d60b8f8a4a20904cf1b3c2aded875a2c530e04c619f597b', 'Đặng Lê Hồng Hạnh', ' ', 2, NULL),
	('dangthitram989@gmail.com', '0444a6464147953736e0c40bf6926c4b5975ef38d2e32b723186cf9a091bd70e', '90a1f533d1b98529d29d8bdfea41e3c46155838361437e48506547ceea74f233', 'Đặng Thị Trâm', 'null', 2, NULL),
	('dhhhanh@btu.edu.vn', 'afa3c9ab287998bb2ac577a5f64adbdb1f431d4139ea0df0a648082095524b58', '0de6f4a99df7298a03c4e0e6c20d3120203cde1306acf30492ee66e99900d5d9', NULL, NULL, 2, NULL),
	('dinhhabinh29@gmail.com', '5caf966e1ccf14e96f9dce38166b194313967552f9d11efd53f5b2c77928a514', 'aa19d134dde4440f9a2ab8c1fb64c41b6f5a133c24dc275a10ff1bac066b60c8', 'Đinh Thị Hà Bình', '0393887272', 2, NULL),
	('dodangnhan1969@gmail.com', '516d14b34b2b785347422e78b03428bddb48b203f9ac1fd9ab4b083b40e5e37f', 'd39cac4b11f3efc6d160f26ed08d89f610f3c02ec41aaaaff95fd5fbfdcfcdd0', 'Đỗ Đăng Nhân', ' ', 2, NULL),
	('dong83otm@gmail.com', '722de0fdd2f7bcdfd402520dfe9a698518f99a6192a6ad79ad3b0943a17da0e9', '0a9737cf84cbefa5e8d32c3ce3f3283c09356d387c6955c889c24a58f23d065c', 'Nguyễn Văn Đông', ' ', 2, NULL),
	('dongchequoc6768@gmail.com', 'c12efa65bbe953215ea709b6333896e8ec068a81eceee6e3fc9b22a6c56dca5c', 'e7d85ff58e4c0112b3f6706b3651a2dbef5b0696e492602374040250212ab852', 'Đồng Chế Quốc', ' ', 2, NULL),
	('dtgdtx@gmail.com', '0161d06faa2614ef3c77e7945b0709ec2fd0494166a951b06afe0c4da7cec77c', '9091e7e537c0ff55b86e9ca846a911518e3f1788d3adbe1789571d23eadbcdb8', NULL, NULL, 2, NULL),
	('dtpha@btu.edu.vn', 'a693f21ef5aae2c1c93f947275bdac237b7809415e613289f68d23b593bc8cfa', 'cd9818615cf7f3608d71a2b0ebcef8c27c933ec8892eb49b7a31be493c4ea70d', NULL, NULL, 2, NULL),
	('ducduoc73@yahoo.com.vn', '91631434c219255b6d8f6ccff346b1953ad5b33dba903dbf2dbcded0bed0751f', 'c2ced3f32ed5fe6315fc320199f202691f36d693cf4e3b840d50cbda0cb6372f', NULL, NULL, 2, NULL),
	('dung.pgdtanchau@gmail.com', '553ad194714570da460e5af08a0ad72663453ee4119469600b1338bc7fadf189', '60d881dae5a9da79063e9437e2199cb0dd76900480ca1f56ecd56ae6e92cacd2', 'Phan Anh Dũng', ' ', 2, NULL),
	('duongduongcm@yahoo.com', '8674d7a1f58a837ddc030deba178321523368e61e6722c19f3aee5849bb52484', 'a51577e1aeb62f41d06dc57f23af35cd63a8cb56c06b512b48660dfd48c6a3b4', 'Dương Thùy Dương', '0918786976', 2, NULL),
	('duy.nguyen2@oude.edu.vn', '78db77d7c6946d6cce786ef340970c2bfc138d793a55e4a3a30df3518a8327cc', '78db77d7c6946d6cce786ef340970c2bfc138d793a55e4a3a30df3518a8327cc', 'Nguyễn Kim Duy', '0393887272', 1, NULL),
	('duy.nk@ou.edu.vn', '6035eba7da655fe33883f2c9fe68e863098761bfd5f85c3405579a35077e3b8f', 'd87ee9587522f71c9d022198d1d343a477d899d8844851e5fb9b7835fe34ac04', 'Duy Kế Toán trường', '0968884644', 5, NULL),
	('duy.nk27021998@gmail.com', 'a0880d5f6f3608ab592a354638b0e155560a135b0bf49f627cc3e5ad5a845eda', '8dff87b678651f23208d117fb92415ed5b51ccab7053dba3bf096c400717dd16', 'Duy KT DVLK', '0968884644', 2, NULL),
	('dvdong@btu.edu.vn', '02cf988dde7c4bcf381484e805d2974d3d17e146041735337c5856d45c5f1bb8', 'eee66163b2db69ece7927cfc9270204988ac908bf6288c2e1ddc51f8bbc88a99', 'null', 'null', 2, NULL),
	('gdtx.gdtxnhontrach@dongnai.edu.vn', '8cb0c3b384d5899b94826304078073b52b4178fe3f0c4caa24689f60e0e689d3', '554ddd370283e6477749ab6219d5092d491bd29e2a1632eac314fb65154c4aff', 'null', 'null', 2, NULL),
	('hai6365@gmail.com', '124dff1eaa02a2d46c26bea9b8e56b9b63891811c9e4b0f0961912d34f290650', '82444f3d5f1a25499d460e56651aff099c936ba34026d1dc0987e1f0bcb4479c', 'Phạm Hoàng Hải', ' ', 3, NULL),
	('haiau2407@gmail.com', '5455a9c0ba2d9a6095e5b677373ef2edd916d935d2217322e3b31f0002955aa9', '965f24895630a29d7c7391c7563255b824d4a1dc5d8d9909bc276bd1692b1cc4', 'Nguyễn Hoàng Nam', ' ', 2, NULL),
	('hathinga@gdtxgiadinh.edu.vn', 'de00e4f87347d187306d511a8cd7b79fdf5afaee230fdbeb05dfaf85b40aa96c', '8ce5f546584ac75cd1f3e5a3eebb2fe18682ea79472b839e829e383a18d6adb1', NULL, NULL, 2, NULL),
	('hoanan2013@gmail.com', '4beec755bd6aba902fff9f095633b3c2b759abc6ad9068f81ce8cefebf370528', 'df05d5aef7a353ec0f4f10482834ee3ade24d74b8747fee404e83739687ccab2', NULL, NULL, 2, NULL),
	('hoanguyenquynhgdtx@gmail.com', '5399e005393c464ac74a920b28894bd409d0fac7394a75a1e49e1e4bd1985ea8', '5ae1a6b4e5b8317e24ada1aa205022dfffe2766649a10c6238c57c328341868b', 'Nguyễn Quỳnh Hoa', ' ', 2, NULL),
	('hoangy.dtntpr@ninhthuan.edu.vn', 'd3fb5349c97f1a3af00b0a9e8d376bbfc9f606d01d4df483af3e21cbe60d5e79', 'd3e3c15d8c4a2ff4f69bb84807cd6b4c1971bdb53d8f375463c9771d592da5c2', 'Đặng Hoàng Ý', ' ', 2, NULL),
	('hongcam36@gmail.com', '17fd31bcdb4ad1a9e43b792ec7302a1d1224b81ba420de6e48219f753a125523', 'c1fd0b241a65753b85420ea41584cfabe193d5c5862306295930065251ffbe58', 'Nguyễn Thị Hồng Cẩm', '0903334836', 2, NULL),
	('hongminhgdtx88@gmail.com', '51dec9c54327943e5670d7e2b8cfb9dccd5fce9a8a50c60a50419d2a8ad81a5a', 'c3750d5415cae37137c449e5c9ef70e5c7f3f96ba46077ea7cfe05c03d544b37', 'Lê Thị Hồng Minh', ' ', 3, NULL),
	('hophilong2011@yahoo.com', '26b9e45f6a5aa865feacf9d29fc804b9061f242c72f18faf7bf0ac368c59cc9f', '39fa821a311e54f001807e592b8523a7a2a41e41510fdd703c2e41e3c2454f60', 'Hồ Phi Long', '0961327337', 2, NULL),
	('huulocn6@gmail.com', 'a149dcb993dab397dd4a71bcdaf4dfeb230cfcb86b41eb53f0f3eed74e655f5b', 'e2284edbaf1a441ecd1af7bf99f43f8bcaf5198768da8ab00a982b58f5d86ac3', 'Nguyễn Hữu Lộc', ' ', 3, NULL),
	('huutrung@dtcc.edu.vn', 'd879a4c9a7b54ccabb50bd3ee7556dc85586c79d4fb87ba4e120b68540ba5580', 'a25a05fb435e7b90b876df948169ea80bb81366f137b643db019e50f1d11dd12', 'Trần Hữu Trung', ' ', 2, NULL),
	('huythong0872@gmail.com', '0ba155a4e09dcf629a9fdc96fefd19513d8e76c35ddb6d0003423eb71aa5fd32', 'b1cc6ff8de032bfb1b035ceb6f48a28763b600b5463df6c58bcbc2cf91c0a103', 'Phan Đỗ Huy Thông', ' ', 2, NULL),
	('khang.lnq@ou.edu.vn', 'e69b2ffc15c2d1fd348a63a8f70ac117578b97c97c2637fcc8f7bed8e64fca22', '064156911c5e15f1ce4c0fe40be38cedf290aa7b6be53e1819dd8495962986e5', 'Lê Nguyễn Quốc Khang', '0979798332', 4, NULL),
	('khanh.nguyen@caodangvietmy.edu.vn', 'c1ecb1eab980a18a15216db07d0b9f747dd2c195e5b4cdc58cb5b2f4ef37d2f1', '6c896b99da99bdf8ce56f9633145419d724046c41c879fbfd3f5c4048bb50cca', 'Nguyễn Văn Khanh', ' ', 2, NULL),
	('kimngango88@gmail.com', '927c29a0b835aa488585cb3a3af2e735e0b1bcef0191f0c20d9549a9b16ecee2', 'e61b7b5e53bb72a0b389ec09fc14fcca93e4c3586ce354e1babc26bb82051e5e', NULL, NULL, 2, NULL),
	('kimthanhcse@gmail.com', 'ef90ef8bd7eefe278c44607b90b3161c1355cbd7b1d36dc59ad25f8416f5e191', '0698c26286657e57bc4e736a2981f1a705480d01de3cb93ba16cb5eed9c4706e', 'Ngô Thị Kim Thanh', ' ', 2, NULL),
	('lananhgdtxpy@gmail.com', '668494bff7a3346f6bcb17258e08d986589d62301785221f1aca38b4e2ca3959', 'ad892b115f32170e7eaa75ce32d177c0526db29fa992a48ea4c7771f81d1099e', NULL, NULL, 2, NULL),
	('lehoangan.cmcc@gmail.com', 'c565a6f60a6cb037676d35b0fae0721955a22bb09d28acbef76291b5d26bd866', '9b650b705dffdaeb43df3b6068a080dfd2f26c5657dfcb7092f088a9626d2486', 'Lê Hoàng Ân', '0919449936', 2, NULL),
	('lehongpq@gmail.com', 'ee98c8ddfd3b0f3ca79a0a8a0901ffb195dd1cf681ed8ed97ab8a9d0c2102994', '9b673f64bf3581ea7e986e5f95009debb167a84d3effb0484334b63dec5c43a2', 'Lê Thị Hồng', ' ', 2, NULL),
	('lekhanhtoanlkt@gmail.com', '41c44bad49273e3ade9588cdd10e314af399c23cc03429e59eb844f098641baa', '88cae70b9b2ee0e544d2e0ceebb2a4d2ca30d90a3be01e69713b96bcaabbea3f', NULL, NULL, 2, NULL),
	('lequocmongbao.gdtxag@gmail.com', 'c61d0c6ddcfe2a3c96cdd30eac8ea7876b6c09033753929d4dc4b7e7c9003084', '6b9b79b463daf8dcdff105057e4ca2e7e3b73475da80379cb0cdf616796122c3', NULL, NULL, 2, NULL),
	('letranvinhphu75@gmail.com', '6d650b0b44d3bbfc37223e2d0b7343d8058411bf44365096e67b1515127ea1d0', '9be60f133754b20d2da2905346899c84850f2f81ec78485f0fc88f0f2ae5b845', 'Lê Trần Vĩnh Phú', ' ', 2, NULL),
	('levannoi.chupah@gmail.com', '7f801ba6d24f6fd0815ffa1e79ccae67d8e2c04f0b6c04bf73fc7705abc5ce6f', 'bdad7fbcb15405412efacc876da98c898896d06e920505512dc660832cf6df71', 'Lê Văn Nội', ' ', 2, NULL),
	('levanthuanpleiku@gmail.com', '98509a25d7b52ee5693e0a294c76849e6218ecb088dd8b762ee296f4e60364b3', 'a662e4f18724583197a79241ccf2ee23a34799c5dd4a716fda162d9918c9c837', 'Lê Văn Thuận', ' ', 2, NULL),
	('liemnh@haugiang.edu.vn', 'ef3470e0550accee9a4b32714e38663d911a94cd7d43343f5d7dac47ab0d74ae', 'ecf4cded0518db0d713bea9112f324214929025afdaf7ed1bf4a590377298e6e', 'Nguyễn Hoàng Liêm', ' ', 2, NULL),
	('loanketoan79@gmail.com', 'e594c338081f826475cbac95b976d87e74b43b3d55e232cfffed8100e29d0aa0', 'ece47abc22f10ffeead211c4841a02d22d3bfcba911e2e309ffee564ad145993', 'Phạm Thị Loan', '0393887272', 2, NULL),
	('loc.nth@ou.edu.vn', '537e95ac45f68fd18a5bf2fab00969c227720151623bd4ace662d5c095ee2124', '346f25c5100c97b0d3f6e372d2244550210e983b992f3b21f64e6d9b659bf678', 'Nguyễn Thành Lộc', ' ', 5, NULL),
	('locdian14@gmail.com', '33926ffeedabe55dece62e46f4c62dba46202a2eba2906c292476fe1b168c306', 'e2601332da6aea3c0410ffe6a48b1345a922a653e137bd89cd6d830581d0ddd9', 'Phan Trần Phú Lộc', ' ', 2, NULL),
	('lplinh1987@gmail.com', 'bdbc15cccd2c6c30f092f785289fbf10e9d96fe3186f6093a8931e4165c76efb', '1c3d1cf9a4199f7656aa3ab40886f5aa8a7b8634657baef121ce8c7f0e2eda86', 'Lê Phan Linh', '0393887272', 2, NULL),
	('lthmay82.vn@gmail.com', '0b2c1f923fd0bab173421c27c5b17760dbb78f72d96134e925bd54fad996438c', 'b49e8c2dff155d9cfd5cad4bc3106b2c72d873e8c18d59329272731105262977', 'Lâm Thanh Máy', '0393887272', 2, NULL),
	('luan.mh@ou.edu.vn', 'e0312895417eb09499a03aacdefdb268937c6ca8d5de656b4ca4e54340db9a0b', '27537eeb64df5135acc0b62f20dff914a2f9b7d3e0e354065faa5d91a5d3e5ce', 'Mạc Hoàng Luân', '0393887272', 5, NULL),
	('luat.pham@oude.edu.vn', '58db86f6d8e3bcf8e4b66b56960d05608017578ec39164b1f86e902ae28fd469', '623daa609d8dd81eebb44120e9e208969203fa3462bbab0fbc46b64cdec5094c', 'phạm Viết Luật', '0393887272', 3, NULL),
	('luong.nt@ou.edu.vn', '3d471de92e8f6a8e14d1f76dbd6ffe8244746d2a1dda93ac46c4ea18c4577b12', '02084e89ea94792a01660bcbcd4893491b057769296119b06cb3547df931f5af', 'Nguyễn Tấn Lượng', NULL, 5, NULL),
	('luongvinhthuyhien007@gmail.com', '96918f86d999535a837053033eedd23ee636f400af26c2450c34d1416f262395', '7c0093edb708c443344bd4d4f60e69286cc8c98c6ef40060600347517849e158', NULL, NULL, 2, NULL),
	('mai.nguyen@caodangvietmy.edu.vn', '77e36779f068e094cf0380beae39a47e5e24c57e5badfdda1061135fa3ea198f', 'f3f224ff1628e003f2ffab41b040888e6c0e725ebbc8de23db4aac2919c41453', 'Nguyễn Thị Tuyết Mai', ' ', 2, NULL),
	('minhcsdn2005@gmail.com', 'c2731d2a344a79120dad11fe1fdecb7b6f2e9a165359f7503efb3c941cbcb8be', '7668096395c25ddb015b14ee274bf2171027a47d1e2a02ff397347e6e6a1a20b', 'Nguyễn Thị Nguyệt Minh', ' ', 2, NULL),
	('minhthu.bt955@gmail.com', '3549e1bb7cdb13425afe8001a5698a0d47288c73cee33510776c0547dcce484d', 'a1ed70e4c2346471be68f2dae487f84801ed171b271b002ac65139b5d0642636', 'Lê Vũ Minh Thư', '0988955123', 2, NULL),
	('minhtrivtau@yahoo.com.vn', 'b9402e08231dd40de34654c74e0f6b9b758a7b014f3c43c23a2c17623e074222', '5bd3ee529b31e7fa2a37be04c35aa0d55e201705431e0b5bd69aa2f04ed59d9a', 'Nguyễn Minh Trí', '0393887272', 3, NULL),
	('misshonglinh02@gmail.com', '31e9c1b83c48918b04033a9a77644232b62381ca0f9ef31ccd73451b87b3901a', '244cc298a3f600bd3eb9de5d55e9dddd4aad8bc3209eafc4ea8fde871924fb5b', 'Nguyễn Hồng Lĩnh', ' ', 2, NULL),
	('muoinv.gdtxtinh@haugiang.edu.vn', 'c20f49a7e67096b93b01c7c69f8bb3fb30179e6b518d8e598d9a66955082fdd1', '20e911de648d96d128964567cfb63c96ab4e74c500b5799b51b1cb303b2e1e31', 'Nguyễn Văn Mười', ' ', 2, NULL),
	('myng8388@gmail.com', '08a9a5c71ed2241807d8547823720a4e7bacdab3eecc71a001e1d26b9aaf663d', 'aa0e1c3226f84898f9fb42977a182d5b5498400dc365eb781f97998a386be1f8', 'Nguyễn Thị Trà My', ' ', 2, NULL),
	('namhoang.qd4@gmail.com', '9797dc9feb5c43993e2a0cfe05b2240461698a379759ec17165436f7ff06bbd4', 'f71ddaaf32f5d40da634b680642ba9dfa3a1d53821fe19887cfef88c6daab4ea', 'Hoàng Thu Nam', ' ', 2, NULL),
	('ngan.ntth@ou.edu.vn', 'bf61759b99d93d00e2d5d7147504048fd6f5429e331488e923de7d84280dfbb0', '7aacca7c8a7633e83f5957909729dd34b1465bcaac5946316eee139202f15f16', NULL, NULL, 2, NULL),
	('ngapa.ttgdtxpq@kiengiang.edu.vn', '674bdc8f5358386766597540f905634e4d06a11becbe2cd09691cca7d3e7d2d8', '9c5c58ecb89a512e64c547b207309a1a21c375a5995524be0742567d0f1ec03f', NULL, NULL, 2, NULL),
	('ngaphuai2000@gmail.com', '14c459b43fa5c46e1e5cbd933b630bda528522f6a0df53791c8182ef541ad076', 'd4589b3e94654defe83df364afb465eb82e2ff5cff1739df62fe16fa530ba9b0', 'Phù Ái Nga', ' ', 2, NULL),
	('ngochieptcn@yahoo.com.vn', 'e3a6f3b359a14119da1b72148bdcd99bfa30a4acbd009130766c9175f1ac9236', '7d71082110408d47358c309b7cc071307ba9001d4c451075cf1df6cacf8ec45c', 'Võ Thị Ngọc Hiệp', ' ', 2, NULL),
	('ngocmai.nd208@gmail.com', '5c424132ceb813ccd968b037f1e66e7ce6cff9db18a26b14cc6ca57dd77941c4', 'f10704d533a5db5cb5355378251f7f0b89d862b793be75482a664ce43312e55c', 'Mai Ngọc Mai', ' ', 2, NULL),
	('ngovandang1977@gmail.com', '6b8eccd4e6c31a57b67ad4b8deebe484bf8ecc4a1d9a91548b0685e54896b05b', 'b416a54269685526ab5841a755d35f971d0fea68f149985edde1649b8a8b8b74', 'Ngô Văn Đặng', ' ', 3, NULL),
	('nguyenhau70@gmail.com', '3c445cbf1f01e17081af29a6b810e028c656f3a4db2b47b4e06e9aa79017f7a1', 'b86e01ad9200daa92f7e827a8b7f88c2342ee79ec52ddca7e307237834da6c1d', 'Nguyễn Thị Hậu', '0393887272', 2, NULL),
	('nguyennhuhuynh.cm@gmail.com', '10b84faa2fa745a71d880ea0ee1cd7fbb1f89938733ac90a50415f8b4d8d5284', 'd0b36d7e45f55618e9a18d77e0f987fadbdbb0dc00819ae1bbd615b433eefa30', 'Nguyễn Như Huỳnh', '0912096963', 2, NULL),
	('nguyentcncuchi@gmail.com', 'bef233b2d6d479140d4002ec9f23484293c72a1f8349088f8ac93ce18f97e0ca', '686160776a81185162b926b54f5fc4cd9174bf12d2a0edc98a849e4ecf6d29db', NULL, NULL, 2, NULL),
	('nguyenthao.vsvc@gmail.com', 'bd27cfa8d44bde678e1a84bc2c133af208ef7b845d185b127c3feb5b6f46e2ff', 'a0d493b89c56bd8e93d8778acc59039687adcb555faacb87073aecd1aa52c353', 'Nguyễn Thị Thảo', ' ', 2, NULL),
	('nguyenvanducgl@gmail.com', '0b8a6b8611db7c4da9cdace66f14c9e43b0a630f275e39f4683e5da277af4772', 'f982a21bf2f3ebed91d190bb4aa59df6ad7a64e1ae3e71133aecafe22892b3d7', 'Nguyễn Văn Đức', ' ', 2, NULL),
	('nguyenvanhieu759@gmail.com', 'cbf3de580d54243d9a83896f7b04424ebbed816a2859e83672e80255465926c6', '21b226ba79e52169282b9749d8a470aa3d278de895ed20bd6e43c1d04891f48a', 'Nguyễn Văn Hiếu', '0393887272', 2, NULL),
	('nnthao@dtcc.edu.vn', '12ca558b2c5a3e9878ad0773fad5f142363c13f58cf7ee98c0c7e85fdc8f74ee', '86211ccdad73e46478195691f7040007c07dc6b1bc415e4226281605f8699d37', 'Nguyễn Ngọc Thảo', ' ', 2, NULL),
	('ntknga@dtcc.edu.vn', '9748ebe72d8928d6aefd3dc656e9993e3832be6ceb0e8bfa891621a512aeb545', 'b417ed75c72ad5cb61d519d6e1dfce34de13c7d1dddb89a758310f9f17b43fe0', 'Ngô Thị Kim Ngà', ' ', 2, NULL),
	('ntle.gdtxtinh@khanhhoa.edu.vn', 'eeac4c932c73a1249230ed17691ec8e0a191cce2e3d0aade2a424569bb0fccaa', 'f5fed7cf720a802f365163191e14177f0f45c19c522efe61b31872cd1c564537', 'Nguyễn Thị Lệ', '0393887272', 2, NULL),
	('ntnha.gdtxbd@gmail.com', 'c434bdd39b2428ad49b384995c1cab67c1d9291e4c57437f9a82148766ab3d9d', '8a48023f4ce051d7fb67f643a2c328a465eff3bdb74206a5a30ad50b8b69a6ac', 'Nguyễn Tấn Nha', ' ', 2, NULL),
	('Nvs0103@gmail.com', '1657e895dfae0edb8165b63ebb66d37f5987e8cb051ccd46d198fff1d814005c', 'dd08a5e006663dcdd1492db830f263a0ab0db64970d0968a1a68eaf07bc5d381', 'Nguyễn Văn Sinh', ' ', 2, NULL),
	('phanlien818212@gmail.com', 'fda3d27b399d286e734f730b9970f7913b38ee9239b305f80300bbf87d3549f8', '28bc0a9d672f9503648f506011f1b047e7dd9ffc9c8fadbf8be910cd2b832385', 'Phan Thị Bích Liên', ' ', 2, NULL),
	('phingdtx@gmail.com', '88e6f6619eaceee2024c2497c839def9d4081fb89bdc0b2b2821c201daa21576', 'ca67fe014b38879bd1f3bc6257925c30b2d8327756853ef5ac512ab1d9477887', NULL, NULL, 2, NULL),
	('phuoc.nk@ou.edu.vn', 'b3d3f558c64f9ef10e2892835dff3c5eefbe3afb2816cc82712149d2f1143d00', 'e28e95f69ccf38f84fd01d47497503596e7239e1232a1d8c05112523e746f1a3', 'Nguyễn Kim Phước', '0918181008', 4, NULL),
	('ptdung@btu.edu.vn', 'dd57c19ff96c2f4777762fc92bbb907adba25557e0e6d88cf6c8ed63aad4b81b', 'bf26078f4decbee49113207749955d0d896af140265c3da95660ce103d3fdee4', 'Phạm Thị Dung', ' ', 2, NULL),
	('pvrsing.tnxp@hcm.edu.vn', '2fec5ce6f06e51214194018ab761156d1153b6be2854d9affac968315a25d9af', 'fd150af988f3114c10964bcfbbd23b76409ac5b5453f9a9d62ad372e94977591', 'Phạm Văn Ri Sing', ' ', 2, NULL),
	('quynhhoagdtx@yahoo.com', '2eeaabb0958536df776eb9505508f9643cca012ed129051dc48e62a85dbd162c', 'd56b4d6eef1c6f6755b5bbff9064d143f9b223bbf43c01bbf4377dcbc791699a', NULL, NULL, 2, NULL),
	('quynhpham.261190@gmail.com.com', 'f5b7db18a6043b345d92463cc3c682db9c9ee8d4801966a9aa93a9d440c70038', 'e3274e463aaa377d416a951412ade86dfbbe970abf24753c1a02a57d6afc02f0', 'Phạm Thanh Hương Quỳnh', ' ', 3, NULL),
	('rising_lathedo@yahoo.com', 'b44cd16381c7426178f00763a5768515ed8d856e7ea23fb107a0e1e3f4f6d096', 'd4345d40a01bee2074bb3811552e82e27c551899f4495ec3c44ad8e764a44701', 'Phạm Văn Ri Sing', 'null', 2, NULL),
	('rongdnchuse@gmail.com', 'bcc92e0a715bd13c378670bcf59c6daa09d0ce18174d8449cf8923debee611aa', 'af605ff86a6b8626a6ae66c751f5529490d260236d012e3f2e870496746b589e', 'Ngô A Rông', ' ', 2, NULL),
	('sang.pdp@ou.edu.vn', 'ad5e3b50c5c04416922ba8395c604fd09bfdd21aa4d34c9557d007bf19dee6cd', 'fafd9c996d1feb4123c43e86e8219163a1bfb058893b1e4ce478b310c6d188b5', 'Sang AdminDVLK', '0968884644', 2, NULL),
	('sanggdtx@gmail.com', '0677e234c34e5463065ed600edc801d1091572157c3ed756f8883c7df8731c0d', '367323fc40267b7d45042eefe5666ef030a2bc980f20881f9ef736fbf2307ab2', 'Sang Nhơn Trạch', '0393887272', 2, NULL),
	('sinh.lx@ou.edu.vn', 'ba22f5989bb5530de6f0db5c63f27be868995fa4c808d842899c8b3134a781ac', '97f97fe9bdf2114e64383fe394dc7c475b63e324bc8732b88f4d20215de21078', NULL, NULL, 2, NULL),
	('sonthicdspst@gmail.com', 'f72a261b4d65a9d8bd29fcde5472cbb6d74141e93f9b2c2ace182c36eff09bcb', '14cefe126087ed6d712798d6c25de0826abc92e94dc967f431c1234311856ccf', 'Sơn Thi', ' ', 2, NULL),
	('tanpham19@yahoo.com', 'da77060a2afedb59be83bd7750f13f02daeadae705f9dfadea1cc7517aac71d8', 'da42c5df29eae1498d31277214d6c26e384843f3ee4d261fc1c7bf8fb0ea7ee5', 'Phạm Minh Tấn', '0393887272', 2, NULL),
	('taxuanmai.79@gmail.com', 'df0e04bca66cd29279628d590a7e129a657c3091caa6364d6a66adcdabaa4aa7', 'a48bd9b1c725035001da0753313b5b8a12891217217a0ed0149722812d4c1014', 'Tạ Thị Xuân Mai', '0393887272', 2, NULL),
	('thang.nq@ou.edu.vn', 'b002df6f38b5c31cff5d1663a7f2eea9267ae95b1fac5a32551be624ceae0581', '874e911a5c5948819f763b64ad4559b9b4a6f03459ff66cde25a15e152667009', 'Nguyễn Quốc Thắng', '0393887272', 5, NULL),
	('thanhduy041975@gmail.com', '0238fb43b12a6ef707716b3ecaae89861870ec3714d7b8a683de0fc8c8faca37', 'd81763683552f40f6e466a9c78285b1aabeb9a4fb916fcb2fed565f70c88ab16', 'null', 'null', 2, NULL),
	('thanhdv@sthc.edu.vn', '7e717f82e8f20de3e3981a68e88fab64b1994b4adf757ea437acac3a62993f70', 'e03928611780441e59ddbaafa11177e4effc29043311e16ff32d8dac91e10bfc', 'Đào Văn Thanh', ' ', 2, NULL),
	('thanhhaittdntn@gmail.com', 'ad8ee7300ff74f2e25e633dafb430d3402e9a30a636166ad47c843bf46cd4c9a', 'b92ed6b0466e2e44dfb41495659d66a1b59b898eca11eb9b96e45903a9f86cc6', 'Phạm Thanh Hải', '0393887272', 2, NULL),
	('thanhhuyen091983@gmail.com', '1b84e45a7679866f3238f25c16053afdc70214ad3597c6d7a833f459b3f72769', '1595c595e08ab61d9b0d8650404f6133693dbf8d31ec88c36b89a25b12c35176', 'Nguyễn Thanh Huyền', '0988915102', 2, NULL),
	('thao.nta@ou.edu.vn', '1a19d386bc23a908c7e66e7012f252cfeae671ddfbe26d34d5b6a4027aa32bc6', 'b76561ee880e37de37291d0b4baeb9c543484ab228cb897db534d478db68c499', 'Nguyễn Thị Anh Thảo', '0393887272', 4, NULL),
	('thaodien23071981@gmail.com', '3c00b3dbde5c69cc8c006ca700abe281598a1afc3cf941e71cd7f68e4513f6f1', '4a37f4a5bb40fcb93c4160c9bdfd93285c3550f4ebd85eb2eeec54d8de73c61f', 'Trần Thị Thanh Thảo', ' ', 2, NULL),
	('thaoly19011978@gmail.com', 'cd8ad65f2a80737c52cc2124e10524e7447a4b90decf2e24ab885b9913d15700', '60022294ba4767738f85c9e740e74d124b208ad646328fce6799f54a00f0ffb9', 'Nguyễn Thị Thảo Ly', '0949954756', 2, NULL),
	('thaontt@sthc.edu.vn', '33134ab985599463265ceaab4eafcc4ad223f7ae590ef44f340a9491a6c6dbba', '9ca11a78b27ffe176b0086bdd11f3b4c5cfee9dc16560729d6c396329da5d329', 'Nguyễn Thị Thu Thảo', ' ', 2, NULL),
	('thephuong85nb@gmail.com', '79d2cabea1caedb153666976d8759cf0e4ca8c04453911078ef7f4018e43417a', '9814c863b2bfa4f068c3555ccec611ebf190d31ed863a29b3a15d19827ce886e', NULL, NULL, 2, NULL),
	('thua.nguyen@caodangvietmy.edu.vn', '3b78c98d5512af8c950fd4b49ddccf08fb36c4f6eedeb8ab2aacf96f4e3b1cf4', 'c909c1554a1dbc3dc73d76d29fc86925522d319182124812157ae6d984eac6a0', 'Nguyễn Ngọc Thừa', ' ', 2, NULL),
	('thuongttdntn@gmail.com', 'def17cf8618f31f143a94df2002e002c1f57ecbce7612a8a236b9cf38da7659c', 'dbdf52af687bcf6b2ddd42b641204439d3e76b522f7bd7ea6c886ba047ea56d1', 'Ôn Thị Thương', ' ', 2, NULL),
	('thybinh07@gmail.com', '4549358dbd3b63099efa823b5f61d270697ce538d6b83f1dcacc39f4dc1a7b40', '9458b91803ac6477ed45cc826ac71d8951feeda675bc00ee5d7042980a8bb226', NULL, NULL, 2, NULL),
	('tqoanh@btu.edu.vn', '102e6ff424a916b839af7a4ddcd69f20824346faf29df0e2aaddd1346621b000', '6837cf1cc1ae6f55fc197b5cd5e7c1e897a680afbc9a2ef8841dcd99c4e129cd', 'Trần Quốc Oanh', ' ', 2, NULL),
	('tranducduoc1973@gmail.com', '0e0e873792fac6fa2aff2996960b9e458e3b4faf62311d2bce05ab9108a5ad23', 'ba782a4373ec566bd183f1e50f50051384820d09a1c69e3aaa4f88d91f6621be', 'Trần Đức Được', ' ', 2, NULL),
	('tranngochuykt1990@gmail.com', 'f13dce6869642470c99eb397314dc034be5a4bb4bab4b165919d2bf0a9237967', 'b2dac1379b4be59ab6d6b0162c093b4cbfa89f049469fe2cf1be49886329dbad', NULL, NULL, 2, NULL),
	('tranthanhhiepvl05@gmail.com', 'c4c64aaa4d1f65b307b6809d87dc0a64ffba17b465fa11b9fe7845f44d180592', 'f49f38b77467c6c77b132dfa9f4166a6cadfad7395ea39fd1e7c31a589cd0615', NULL, NULL, 2, NULL),
	('trantutayninh55@gmail.com', 'f507d6e6b7106ad3304e76629ad064a7d0dc5b387aad8f825db69ccb9945512d', '4e5ecba6b6abd688ca66f98d33af894f5587637bad43b4ebb39e2557db50cc18', 'Trần Văn Tú', ' ', 3, NULL),
	('trongthachng@gmail.com', '06fc81a5705894467e4dba0b05b0af4318a00299b645d9067100ef5da87aae3f', '3f2ad036fd25780b8d69aa597b87051b447470971e90a16e16d14df2f55ffda8', 'null', 'null', 2, NULL),
	('ttbdctpn@gmail.com', '39c778cd66924ffd5770843e74143a9a84ea242fd41384b006218e073aa495a5', '6ae53c0bcd9902cd31d1b17575851d2f4c9ec4f0df2247553f2b33c5e473302b', NULL, NULL, 2, NULL),
	('ttcndongthapmuoi@gmail.com', '1062201e2fd1e9c6275348a175946a3ba14f66d8dd5beb88ffb625bf187cb23a', '50d7f2cc365f982b6be4d54b690777e972db8aa6f6bd35c78197114f8e235d7a', 'Tô Thị Kim Thoa', '0393887272', 2, NULL),
	('tttlinh275@gmail.com', '0c2b5570d73bb960ca9f4aa6958c9e5be5b7a9aed774625b397cf57688522adc', 'b643f24bb2685e915453afcb6ea01b30bb66b3bd0b6566bc311502385a789a38', 'Trần Thị Thùy Linh', '0393887272', 2, NULL),
	('tuantcktcntn@gmail.com', 'f36a478e3d933baae4db5ba87d0836f52f4a1a9e4c129e20fb77771d51e7078d', 'ec72c879c5e67791aef75207fda24407da9a7b5be5b9ab8de945973c6c1d02cb', 'Nguyễn Huy Tuấn', ' ', 2, NULL),
	('tvchinh@btu.edu.vn', '0594448a28a53c7bfc085262d77c6344665098ad47455a81dcb219cdfa35c794', 'cb70e2344504ba7ca3603f9f48d4afb31fcef9dc4a4fe3c54d6f385bf674ad31', 'Trương Văn Chính', ' ', 2, NULL),
	('tvthanh.gdtxtinh@khanhhoa.edu.vn', '951c8cf177eaa08d91193a04a1881a14768915e324def7564b471a71b262419d', 'f85191bb7d05aad6bcc869600655bb46a238ee65dfe465f1e16399e9db6b30ba', 'Trần Văn Thanh', '0393887272', 2, NULL),
	('txhgiao@kgc.edu.vn', '6a6deba5b1c5e515400b94173766970cba93ec27b1097314a9bd05e9602ad150', '79b27e9e6bf662bd7d23d57ba22e7e41c6ba79b1d3dc48360e85f6fb0a50873d', NULL, NULL, 2, NULL),
	('van.ntm@ou.edu.vn', 'ae0c6a6cef63d050fb50ef5c611449cf8af7ea2f20892ae6e0c04127b7baebce', '31caa1e293302b1cd268a2f2cee0e948cd15614ee715f85de404b5ab0eec9ef1', 'Võ Thị Mỹ Vân', '0393887272', 5, NULL),
	('Van.vtm@ou.edu.vn', 'd11f06f82a1e21ff4fd33dc13de6c1c55998b0b415d5eb6219a5f57512130612', '1a8556200ad7dcaae9210e177bbcd0d8b88c218e6ebd23772f15046abd223b25', 'Võ Thị Mỹ Vân', ' ', 5, NULL),
	('vantaihpp@gmail.com', 'f85421d793a31616b5ae9bc25d48cd4de149758e1199465977673cb82e9bae86', '37dc98be2bae06a875867c6c05694a8b41d09b0f995e75cf85c3bffed799313d', 'Trần Văn Tài', '0393887272', 2, NULL),
	('vinhtrungcapcongdoanbrvt@gmail.com', '9d536fdd11ba1c4ec139a1712a089a84ed26845c08b7da5f5ede84f325beaa7e', 'c33370062dd6c66049b002c861dc2277d2e4c2352baf2ff05d64d327d42c4536', 'Trần Quang Vinh', '0393887272', 3, NULL),
	('vivandalat@gmail.com', '50ab5b99e9d240d1990f724ef9faac86c6498b36ced4806c50d15384a40c195c', '580d5a5193d6d5f832c2f494b57285f4b8e11f3939afbeff56e564ff623f1ab3', NULL, NULL, 2, NULL),
	('vokhoahg@gmail.com', 'b6c1b7c57a25d14dceb66e8962166626ce5422a3e930ec6f573e1f383bc076e0', '708ab471329504d64ac33ed13660bf06247da3f3951357dfb60dd81379a9bc26', 'Võ Đăng Khoa', ' ', 2, NULL),
	('vothihangpk@gmail.com', 'c0bde01d73ec8a03b03a17f0f0d2a22f202e64b99f973b865df25f2d95e6de5a', '91f662d4871007e4e12f6b33af758bb7df7278ddf3c42c88ae7dafe9f4c1415a', 'Võ Thị Hằng', ' ', 2, NULL),
	('vothilamkieu@gmail.com', 'ef7ce67db1f0f9e3c31c889087909d26fed6d9f18677be356983fcfbf52a602d', 'ab632bdda9eafb0114fe915bf26d0d72cf24b8cfdfb2db967349c08daf213585', NULL, NULL, 2, NULL),
	('vovanthuygdtxgialai@gmail.com', '689ad62bcbd04760e8194c15438019b61eecba104e0b32cdcd3ffbd83017f2f4', 'b0fda80ff714043560454d7552a3ab431005ffc28344ce872e4231bc4cde3a27', 'Võ Văn Thủy', 'null', 2, NULL),
	('vovantienttgl@gmail.com', '7b5cd23bdc3ff07b18012732e4b3b6668490ba371fdcedf405018fdc17ece594', 'e98f0bc9116c9e58791027d8685eb7ac890afca98001db633bb85f5010800ccb', 'Võ Văn Tiên', ' ', 2, NULL),
	('vunggdtx.vt@gmail.com', '9637483c95191f074bc340dd4189d75461342dab4dda07fa7dafc8faf19f59d4', 'd074520352e3e0ccdeb688141a524eb8af5bb792e480d262acdbca2603b63863', 'null', 'null', 2, NULL),
	('vy.ttt@ou.edu.vn', 'ed1fafb9709aced6391e7e73aebe02400441bc34ab5794160009bf47b7ba8c99', 'fe98dac0328aea3722d6a12bab3427a15a848584f7ce21029bc05705bdef51e6', 'Trần Thùy Thủy Vy', '0393887272', 5, NULL),
	('vynguyen090690@gmail.com', 'cab75ee7ca44094936299f315ad2d2d0b654475c2178d8981e500ff523655448', 'e6cc3cf9004df34a2e91037c0d9f5bda12cfb47bc2ce6925bf924d122ea66d85', 'Nguyễn Thảo Tường Vy', ' ', 3, NULL),
	('vythaodnlg@gmail.com', '43c282a0d1c3a1cad39c1c58ba75716d543fd880870c291ca7a36212ef322968', '408c336d78aaf147564d9659c23af7e59ef7f5933e26e19c0010440f6a818cce', 'Nguyễn Thị Mỹ Thảo', '0933417998', 2, NULL),
	('xuantien.gdtxchupah@gmail.com', '050066087a53d199ca45fbf9b6cc9e207b61d22c8bf676251936ec2a314b6948', '6b5f3da54f55463598d8a6231b1f79d37528757e86a7920aa2a06d6da1e5d86d', 'Nguyễn Xuân Tiến', ' ', 2, NULL),
	('xuyen_tcndh@yahoo.com.vn', 'cb542669012dca44eec756825d17caa78628c7b4674e887987728bbe56789fa1', 'eec27244517bb1e719000a0b3b463f6431aeaa6e7ca59da09dc694cc5f4e2943', NULL, NULL, 2, NULL),
	('xuyenphan611@gmail.com', '77519a986f5b0634af0d6ac46b71b289155aac96c0b7e77add45d78a485a6c73', '21fa2ceb1b960ac5b7c8ff9cb5e7dad81804e9224dfa5af5b1d494b9a199cb49', 'Phan Thị kim Xuyến', '0902924792', 2, NULL),
	('yennn@sthc.edu.vn', '0ae85382783fb4a9c54bcb261f51f1ad6c2594c27568b2762f150df8ebd1b623', 'a04150fffdb51a8b62d8af8281338143f9e08b3b4c7f71e2dcd99d7d85c09a81', 'Nguyễn Ngọc Yến', 'null', 2, NULL);
/*!40000 ALTER TABLE `user` ENABLE KEYS */;

-- Dumping structure for table theodoihocphi.user_link_unit
DROP TABLE IF EXISTS `user_link_unit`;
CREATE TABLE IF NOT EXISTS `user_link_unit` (
  `mail` varchar(200) CHARACTER SET utf8 COLLATE utf8_unicode_ci NOT NULL,
  `unit` varchar(100) CHARACTER SET utf8 COLLATE utf8_unicode_ci NOT NULL,
  PRIMARY KEY (`mail`,`unit`),
  KEY `fk_lu` (`unit`),
  CONSTRAINT `fk_lu` FOREIGN KEY (`unit`) REFERENCES `link_unit` (`unit`) ON DELETE CASCADE ON UPDATE CASCADE,
  CONSTRAINT `fk_u` FOREIGN KEY (`mail`) REFERENCES `user` (`mail`) ON DELETE CASCADE ON UPDATE CASCADE
) ENGINE=InnoDB DEFAULT CHARSET=utf8mb3 COLLATE=utf8_unicode_ci;

-- Dumping data for table theodoihocphi.user_link_unit: ~804 rows (approximately)
/*!40000 ALTER TABLE `user_link_unit` DISABLE KEYS */;
INSERT INTO `user_link_unit` (`mail`, `unit`) VALUES
	('admin@oude.edu.vn', '_K'),
	('duy.nguyen2@oude.edu.vn', '_K'),
	('admin@oude.edu.vn', '_T'),
	('duy.nguyen2@oude.edu.vn', '_T'),
	('admin@oude.edu.vn', 'AG'),
	('loc.nth@ou.edu.vn', 'AG'),
	('luat.pham@oude.edu.vn', 'AG'),
	('Van.vtm@ou.edu.vn', 'AG'),
	('admin@oude.edu.vn', 'AP'),
	('loc.nth@ou.edu.vn', 'AP'),
	('luat.pham@oude.edu.vn', 'AP'),
	('Van.vtm@ou.edu.vn', 'AP'),
	('admin@oude.edu.vn', 'BA'),
	('duy.nguyen2@oude.edu.vn', 'BA'),
	('loc.nth@ou.edu.vn', 'BA'),
	('luat.pham@oude.edu.vn', 'BA'),
	('Van.vtm@ou.edu.vn', 'BA'),
	('admin@oude.edu.vn', 'BB'),
	('duy.nguyen2@oude.edu.vn', 'BB'),
	('duy.nk27021998@gmail.com', 'BB'),
	('loc.nth@ou.edu.vn', 'BB'),
	('luat.pham@oude.edu.vn', 'BB'),
	('sang.pdp@ou.edu.vn', 'BB'),
	('Van.vtm@ou.edu.vn', 'BB'),
	('admin@oude.edu.vn', 'BC'),
	('duy.nguyen2@oude.edu.vn', 'BC'),
	('loc.nth@ou.edu.vn', 'BC'),
	('luat.pham@oude.edu.vn', 'BC'),
	('Van.vtm@ou.edu.vn', 'BC'),
	('admin@oude.edu.vn', 'BD'),
	('danghanh0111@gmail.com', 'BD'),
	('duy.nguyen2@oude.edu.vn', 'BD'),
	('loc.nth@ou.edu.vn', 'BD'),
	('luat.pham@oude.edu.vn', 'BD'),
	('ntnha.gdtxbd@gmail.com', 'BD'),
	('tranducduoc1973@gmail.com', 'BD'),
	('Van.vtm@ou.edu.vn', 'BD'),
	('admin@oude.edu.vn', 'BE'),
	('duy.nguyen2@oude.edu.vn', 'BE'),
	('loc.nth@ou.edu.vn', 'BE'),
	('luat.pham@oude.edu.vn', 'BE'),
	('Van.vtm@ou.edu.vn', 'BE'),
	('admin@oude.edu.vn', 'BH'),
	('duy.nguyen2@oude.edu.vn', 'BH'),
	('loc.nth@ou.edu.vn', 'BH'),
	('luat.pham@oude.edu.vn', 'BH'),
	('Van.vtm@ou.edu.vn', 'BH'),
	('admin@oude.edu.vn', 'BI'),
	('duy.nguyen2@oude.edu.vn', 'BI'),
	('loc.nth@ou.edu.vn', 'BI'),
	('luat.pham@oude.edu.vn', 'BI'),
	('Van.vtm@ou.edu.vn', 'BI'),
	('admin@oude.edu.vn', 'BL'),
	('duy.nguyen2@oude.edu.vn', 'BL'),
	('loc.nth@ou.edu.vn', 'BL'),
	('luat.pham@oude.edu.vn', 'BL'),
	('Van.vtm@ou.edu.vn', 'BL'),
	('admin@oude.edu.vn', 'BO'),
	('duy.nguyen2@oude.edu.vn', 'BO'),
	('loc.nth@ou.edu.vn', 'BO'),
	('luat.pham@oude.edu.vn', 'BO'),
	('Van.vtm@ou.edu.vn', 'BO'),
	('admin@oude.edu.vn', 'BP'),
	('duy.nguyen2@oude.edu.vn', 'BP'),
	('loc.nth@ou.edu.vn', 'BP'),
	('luat.pham@oude.edu.vn', 'BP'),
	('Van.vtm@ou.edu.vn', 'BP'),
	('admin@oude.edu.vn', 'BR'),
	('dangthitram989@gmail.com', 'BR'),
	('duy.nguyen2@oude.edu.vn', 'BR'),
	('loc.nth@ou.edu.vn', 'BR'),
	('luat.pham@oude.edu.vn', 'BR'),
	('ngocmai.nd208@gmail.com', 'BR'),
	('Van.vtm@ou.edu.vn', 'BR'),
	('vinhtrungcapcongdoanbrvt@gmail.com', 'BR'),
	('admin@oude.edu.vn', 'BT'),
	('bentre_tranhongchau@bentre.edu.vn', 'BT'),
	('duy.nguyen2@oude.edu.vn', 'BT'),
	('loanketoan79@gmail.com', 'BT'),
	('loc.nth@ou.edu.vn', 'BT'),
	('luat.pham@oude.edu.vn', 'BT'),
	('thanhduy041975@gmail.com', 'BT'),
	('Van.vtm@ou.edu.vn', 'BT'),
	('admin@oude.edu.vn', 'BV'),
	('duy.nguyen2@oude.edu.vn', 'BV'),
	('loc.nth@ou.edu.vn', 'BV'),
	('luat.pham@oude.edu.vn', 'BV'),
	('Van.vtm@ou.edu.vn', 'BV'),
	('admin@oude.edu.vn', 'C3'),
	('admin@oude.edu.vn', 'C4'),
	('dodangnhan1969@gmail.com', 'C4'),
	('duy.nguyen2@oude.edu.vn', 'C4'),
	('loc.nth@ou.edu.vn', 'C4'),
	('luat.pham@oude.edu.vn', 'C4'),
	('misshonglinh02@gmail.com', 'C4'),
	('namhoang.qd4@gmail.com', 'C4'),
	('thaodien23071981@gmail.com', 'C4'),
	('Van.vtm@ou.edu.vn', 'C4'),
	('admin@oude.edu.vn', 'CA'),
	('duy.nguyen2@oude.edu.vn', 'CA'),
	('loc.nth@ou.edu.vn', 'CA'),
	('luat.pham@oude.edu.vn', 'CA'),
	('Van.vtm@ou.edu.vn', 'CA'),
	('admin@oude.edu.vn', 'CC'),
	('baotrongtcn@gmail.com', 'CC'),
	('duy.nguyen2@oude.edu.vn', 'CC'),
	('haiau2407@gmail.com', 'CC'),
	('huythong0872@gmail.com', 'CC'),
	('loc.nth@ou.edu.vn', 'CC'),
	('luat.pham@oude.edu.vn', 'CC'),
	('ngochieptcn@yahoo.com.vn', 'CC'),
	('Van.vtm@ou.edu.vn', 'CC'),
	('admin@oude.edu.vn', 'CD'),
	('duy.nguyen2@oude.edu.vn', 'CD'),
	('loc.nth@ou.edu.vn', 'CD'),
	('luat.pham@oude.edu.vn', 'CD'),
	('Van.vtm@ou.edu.vn', 'CD'),
	('admin@oude.edu.vn', 'CG'),
	('duy.nguyen2@oude.edu.vn', 'CG'),
	('loc.nth@ou.edu.vn', 'CG'),
	('luat.pham@oude.edu.vn', 'CG'),
	('Van.vtm@ou.edu.vn', 'CG'),
	('admin@oude.edu.vn', 'CH'),
	('duy.nguyen2@oude.edu.vn', 'CH'),
	('loc.nth@ou.edu.vn', 'CH'),
	('luat.pham@oude.edu.vn', 'CH'),
	('Van.vtm@ou.edu.vn', 'CH'),
	('admin@oude.edu.vn', 'CL'),
	('duy.nguyen2@oude.edu.vn', 'CL'),
	('huutrung@dtcc.edu.vn', 'CL'),
	('loc.nth@ou.edu.vn', 'CL'),
	('luat.pham@oude.edu.vn', 'CL'),
	('nnthao@dtcc.edu.vn', 'CL'),
	('ntknga@dtcc.edu.vn', 'CL'),
	('Van.vtm@ou.edu.vn', 'CL'),
	('admin@oude.edu.vn', 'CM'),
	('duongduongcm@yahoo.com', 'CM'),
	('duy.nguyen2@oude.edu.vn', 'CM'),
	('lehoangan.cmcc@gmail.com', 'CM'),
	('loc.nth@ou.edu.vn', 'CM'),
	('luat.pham@oude.edu.vn', 'CM'),
	('nguyennhuhuynh.cm@gmail.com', 'CM'),
	('Van.vtm@ou.edu.vn', 'CM'),
	('admin@oude.edu.vn', 'CN'),
	('duy.nguyen2@oude.edu.vn', 'CN'),
	('loc.nth@ou.edu.vn', 'CN'),
	('luat.pham@oude.edu.vn', 'CN'),
	('thuongttdntn@gmail.com', 'CN'),
	('Van.vtm@ou.edu.vn', 'CN'),
	('admin@oude.edu.vn', 'CQ'),
	('duy.nguyen2@oude.edu.vn', 'CQ'),
	('loc.nth@ou.edu.vn', 'CQ'),
	('luat.pham@oude.edu.vn', 'CQ'),
	('Van.vtm@ou.edu.vn', 'CQ'),
	('admin@oude.edu.vn', 'CR'),
	('duy.nguyen2@oude.edu.vn', 'CR'),
	('loc.nth@ou.edu.vn', 'CR'),
	('luat.pham@oude.edu.vn', 'CR'),
	('Van.vtm@ou.edu.vn', 'CR'),
	('admin@oude.edu.vn', 'CT'),
	('duy.nguyen2@oude.edu.vn', 'CT'),
	('loc.nth@ou.edu.vn', 'CT'),
	('luat.pham@oude.edu.vn', 'CT'),
	('Van.vtm@ou.edu.vn', 'CT'),
	('admin@oude.edu.vn', 'CV'),
	('duy.nguyen2@oude.edu.vn', 'CV'),
	('loc.nth@ou.edu.vn', 'CV'),
	('luat.pham@oude.edu.vn', 'CV'),
	('Van.vtm@ou.edu.vn', 'CV'),
	('admin@oude.edu.vn', 'DA'),
	('duy.nguyen2@oude.edu.vn', 'DA'),
	('loc.nth@ou.edu.vn', 'DA'),
	('luat.pham@oude.edu.vn', 'DA'),
	('Van.vtm@ou.edu.vn', 'DA'),
	('admin@oude.edu.vn', 'DB'),
	('duy.nguyen2@oude.edu.vn', 'DB'),
	('loc.nth@ou.edu.vn', 'DB'),
	('luat.pham@oude.edu.vn', 'DB'),
	('Van.vtm@ou.edu.vn', 'DB'),
	('admin@oude.edu.vn', 'DD'),
	('duy.nguyen2@oude.edu.vn', 'DD'),
	('loc.nth@ou.edu.vn', 'DD'),
	('luat.pham@oude.edu.vn', 'DD'),
	('Van.vtm@ou.edu.vn', 'DD'),
	('admin@oude.edu.vn', 'DG'),
	('duy.nguyen2@oude.edu.vn', 'DG'),
	('loc.nth@ou.edu.vn', 'DG'),
	('luat.pham@oude.edu.vn', 'DG'),
	('Van.vtm@ou.edu.vn', 'DG'),
	('admin@oude.edu.vn', 'DH'),
	('duy.nguyen2@oude.edu.vn', 'DH'),
	('hongcam36@gmail.com', 'DH'),
	('loc.nth@ou.edu.vn', 'DH'),
	('luat.pham@oude.edu.vn', 'DH'),
	('Van.vtm@ou.edu.vn', 'DH'),
	('xuyenphan611@gmail.com', 'DH'),
	('admin@oude.edu.vn', 'DK'),
	('duy.nguyen2@oude.edu.vn', 'DK'),
	('loc.nth@ou.edu.vn', 'DK'),
	('luat.pham@oude.edu.vn', 'DK'),
	('Van.vtm@ou.edu.vn', 'DK'),
	('admin@oude.edu.vn', 'DM'),
	('duy.nguyen2@oude.edu.vn', 'DM'),
	('loc.nth@ou.edu.vn', 'DM'),
	('luat.pham@oude.edu.vn', 'DM'),
	('Van.vtm@ou.edu.vn', 'DM'),
	('admin@oude.edu.vn', 'DN'),
	('duy.nguyen2@oude.edu.vn', 'DN'),
	('loc.nth@ou.edu.vn', 'DN'),
	('luat.pham@oude.edu.vn', 'DN'),
	('Van.vtm@ou.edu.vn', 'DN'),
	('admin@oude.edu.vn', 'DR'),
	('loc.nth@ou.edu.vn', 'DR'),
	('luat.pham@oude.edu.vn', 'DR'),
	('Van.vtm@ou.edu.vn', 'DR'),
	('admin@oude.edu.vn', 'DT'),
	('duy.nguyen2@oude.edu.vn', 'DT'),
	('loc.nth@ou.edu.vn', 'DT'),
	('luat.pham@oude.edu.vn', 'DT'),
	('Van.vtm@ou.edu.vn', 'DT'),
	('admin@oude.edu.vn', 'EA'),
	('loc.nth@ou.edu.vn', 'EA'),
	('luat.pham@oude.edu.vn', 'EA'),
	('Van.vtm@ou.edu.vn', 'EA'),
	('admin@oude.edu.vn', 'GC'),
	('duy.nguyen2@oude.edu.vn', 'GC'),
	('loc.nth@ou.edu.vn', 'GC'),
	('luat.pham@oude.edu.vn', 'GC'),
	('Van.vtm@ou.edu.vn', 'GC'),
	('admin@oude.edu.vn', 'GD'),
	('duy.nguyen2@oude.edu.vn', 'GD'),
	('loc.nth@ou.edu.vn', 'GD'),
	('luat.pham@oude.edu.vn', 'GD'),
	('Van.vtm@ou.edu.vn', 'GD'),
	('admin@oude.edu.vn', 'GI'),
	('duy.nguyen2@oude.edu.vn', 'GI'),
	('loc.nth@ou.edu.vn', 'GI'),
	('luat.pham@oude.edu.vn', 'GI'),
	('Van.vtm@ou.edu.vn', 'GI'),
	('admin@oude.edu.vn', 'GK'),
	('admin@oude.edu.vn', 'GL'),
	('buihuygiapgl@gmail.com', 'GL'),
	('duy.nguyen2@oude.edu.vn', 'GL'),
	('levanthuanpleiku@gmail.com', 'GL'),
	('loc.nth@ou.edu.vn', 'GL'),
	('luat.pham@oude.edu.vn', 'GL'),
	('Van.vtm@ou.edu.vn', 'GL'),
	('vothihangpk@gmail.com', 'GL'),
	('vovanthuygdtxgialai@gmail.com', 'GL'),
	('vovantienttgl@gmail.com', 'GL'),
	('admin@oude.edu.vn', 'GM'),
	('buihuygiapgl@gmail.com', 'GM'),
	('duy.nguyen2@oude.edu.vn', 'GM'),
	('levanthuanpleiku@gmail.com', 'GM'),
	('loc.nth@ou.edu.vn', 'GM'),
	('luat.pham@oude.edu.vn', 'GM'),
	('Van.vtm@ou.edu.vn', 'GM'),
	('vothihangpk@gmail.com', 'GM'),
	('vovanthuygdtxgialai@gmail.com', 'GM'),
	('vovantienttgl@gmail.com', 'GM'),
	('admin@oude.edu.vn', 'GN'),
	('duy.nguyen2@oude.edu.vn', 'GN'),
	('loc.nth@ou.edu.vn', 'GN'),
	('luat.pham@oude.edu.vn', 'GN'),
	('Van.vtm@ou.edu.vn', 'GN'),
	('admin@oude.edu.vn', 'GO'),
	('buihuygiapgl@gmail.com', 'GO'),
	('duy.nguyen2@oude.edu.vn', 'GO'),
	('levanthuanpleiku@gmail.com', 'GO'),
	('loc.nth@ou.edu.vn', 'GO'),
	('luat.pham@oude.edu.vn', 'GO'),
	('Van.vtm@ou.edu.vn', 'GO'),
	('vothihangpk@gmail.com', 'GO'),
	('vovanthuygdtxgialai@gmail.com', 'GO'),
	('vovantienttgl@gmail.com', 'GO'),
	('admin@oude.edu.vn', 'GP'),
	('buihuygiapgl@gmail.com', 'GP'),
	('duy.nguyen2@oude.edu.vn', 'GP'),
	('levannoi.chupah@gmail.com', 'GP'),
	('levanthuanpleiku@gmail.com', 'GP'),
	('loc.nth@ou.edu.vn', 'GP'),
	('luat.pham@oude.edu.vn', 'GP'),
	('phanlien818212@gmail.com', 'GP'),
	('Van.vtm@ou.edu.vn', 'GP'),
	('vothihangpk@gmail.com', 'GP'),
	('vovanthuygdtxgialai@gmail.com', 'GP'),
	('vovantienttgl@gmail.com', 'GP'),
	('xuantien.gdtxchupah@gmail.com', 'GP'),
	('admin@oude.edu.vn', 'GQ'),
	('duy.nguyen2@oude.edu.vn', 'GQ'),
	('loc.nth@ou.edu.vn', 'GQ'),
	('luat.pham@oude.edu.vn', 'GQ'),
	('Van.vtm@ou.edu.vn', 'GQ'),
	('admin@oude.edu.vn', 'GR'),
	('duy.nguyen2@oude.edu.vn', 'GR'),
	('loc.nth@ou.edu.vn', 'GR'),
	('luat.pham@oude.edu.vn', 'GR'),
	('Van.vtm@ou.edu.vn', 'GR'),
	('admin@oude.edu.vn', 'GS'),
	('buihuygiapgl@gmail.com', 'GS'),
	('duy.nguyen2@oude.edu.vn', 'GS'),
	('kimthanhcse@gmail.com', 'GS'),
	('levanthuanpleiku@gmail.com', 'GS'),
	('loc.nth@ou.edu.vn', 'GS'),
	('luat.pham@oude.edu.vn', 'GS'),
	('nguyenvanducgl@gmail.com', 'GS'),
	('rongdnchuse@gmail.com', 'GS'),
	('Van.vtm@ou.edu.vn', 'GS'),
	('vothihangpk@gmail.com', 'GS'),
	('vovanthuygdtxgialai@gmail.com', 'GS'),
	('vovantienttgl@gmail.com', 'GS'),
	('admin@oude.edu.vn', 'GU'),
	('duy.nguyen2@oude.edu.vn', 'GU'),
	('loc.nth@ou.edu.vn', 'GU'),
	('luat.pham@oude.edu.vn', 'GU'),
	('Van.vtm@ou.edu.vn', 'GU'),
	('admin@oude.edu.vn', 'GV'),
	('duy.nguyen2@oude.edu.vn', 'GV'),
	('loc.nth@ou.edu.vn', 'GV'),
	('luat.pham@oude.edu.vn', 'GV'),
	('Van.vtm@ou.edu.vn', 'GV'),
	('admin@oude.edu.vn', 'HB'),
	('duy.nguyen2@oude.edu.vn', 'HB'),
	('loc.nth@ou.edu.vn', 'HB'),
	('luat.pham@oude.edu.vn', 'HB'),
	('Van.vtm@ou.edu.vn', 'HB'),
	('admin@oude.edu.vn', 'HD'),
	('duy.nguyen2@oude.edu.vn', 'HD'),
	('loc.nth@ou.edu.vn', 'HD'),
	('luat.pham@oude.edu.vn', 'HD'),
	('Van.vtm@ou.edu.vn', 'HD'),
	('admin@oude.edu.vn', 'HG'),
	('duy.nguyen2@oude.edu.vn', 'HG'),
	('loc.nth@ou.edu.vn', 'HG'),
	('luat.pham@oude.edu.vn', 'HG'),
	('muoinv.gdtxtinh@haugiang.edu.vn', 'HG'),
	('Van.vtm@ou.edu.vn', 'HG'),
	('vokhoahg@gmail.com', 'HG'),
	('admin@oude.edu.vn', 'HM'),
	('duy.nguyen2@oude.edu.vn', 'HM'),
	('loc.nth@ou.edu.vn', 'HM'),
	('luat.pham@oude.edu.vn', 'HM'),
	('Van.vtm@ou.edu.vn', 'HM'),
	('admin@oude.edu.vn', 'HN'),
	('duy.nguyen2@oude.edu.vn', 'HN'),
	('loc.nth@ou.edu.vn', 'HN'),
	('luat.pham@oude.edu.vn', 'HN'),
	('Van.vtm@ou.edu.vn', 'HN'),
	('admin@oude.edu.vn', 'HT'),
	('admin@oude.edu.vn', 'HU'),
	('duy.nguyen2@oude.edu.vn', 'HU'),
	('loc.nth@ou.edu.vn', 'HU'),
	('luat.pham@oude.edu.vn', 'HU'),
	('Van.vtm@ou.edu.vn', 'HU'),
	('admin@oude.edu.vn', 'HV'),
	('duy.nguyen2@oude.edu.vn', 'HV'),
	('loc.nth@ou.edu.vn', 'HV'),
	('luat.pham@oude.edu.vn', 'HV'),
	('Van.vtm@ou.edu.vn', 'HV'),
	('admin@oude.edu.vn', 'HX'),
	('duy.nguyen2@oude.edu.vn', 'HX'),
	('loc.nth@ou.edu.vn', 'HX'),
	('luat.pham@oude.edu.vn', 'HX'),
	('Van.vtm@ou.edu.vn', 'HX'),
	('admin@oude.edu.vn', 'KG'),
	('duy.nguyen2@oude.edu.vn', 'KG'),
	('loc.nth@ou.edu.vn', 'KG'),
	('luat.pham@oude.edu.vn', 'KG'),
	('Van.vtm@ou.edu.vn', 'KG'),
	('admin@oude.edu.vn', 'KH'),
	('duy.nguyen2@oude.edu.vn', 'KH'),
	('loc.nth@ou.edu.vn', 'KH'),
	('luat.pham@oude.edu.vn', 'KH'),
	('Van.vtm@ou.edu.vn', 'KH'),
	('admin@oude.edu.vn', 'LA'),
	('duy.nguyen2@oude.edu.vn', 'LA'),
	('loc.nth@ou.edu.vn', 'LA'),
	('luat.pham@oude.edu.vn', 'LA'),
	('Van.vtm@ou.edu.vn', 'LA'),
	('admin@oude.edu.vn', 'LB'),
	('duy.nguyen2@oude.edu.vn', 'LB'),
	('loc.nth@ou.edu.vn', 'LB'),
	('luat.pham@oude.edu.vn', 'LB'),
	('Van.vtm@ou.edu.vn', 'LB'),
	('admin@oude.edu.vn', 'LC'),
	('duy.nguyen2@oude.edu.vn', 'LC'),
	('loc.nth@ou.edu.vn', 'LC'),
	('luat.pham@oude.edu.vn', 'LC'),
	('Van.vtm@ou.edu.vn', 'LC'),
	('admin@oude.edu.vn', 'LD'),
	('duy.nguyen2@oude.edu.vn', 'LD'),
	('loc.nth@ou.edu.vn', 'LD'),
	('luat.pham@oude.edu.vn', 'LD'),
	('Van.vtm@ou.edu.vn', 'LD'),
	('admin@oude.edu.vn', 'LG'),
	('duy.nguyen2@oude.edu.vn', 'LG'),
	('loc.nth@ou.edu.vn', 'LG'),
	('luat.pham@oude.edu.vn', 'LG'),
	('minhthu.bt955@gmail.com', 'LG'),
	('thanhhuyen091983@gmail.com', 'LG'),
	('thaoly19011978@gmail.com', 'LG'),
	('Van.vtm@ou.edu.vn', 'LG'),
	('admin@oude.edu.vn', 'LH'),
	('duy.nguyen2@oude.edu.vn', 'LH'),
	('loc.nth@ou.edu.vn', 'LH'),
	('luat.pham@oude.edu.vn', 'LH'),
	('Van.vtm@ou.edu.vn', 'LH'),
	('admin@oude.edu.vn', 'LN'),
	('duy.nguyen2@oude.edu.vn', 'LN'),
	('loc.nth@ou.edu.vn', 'LN'),
	('luat.pham@oude.edu.vn', 'LN'),
	('Van.vtm@ou.edu.vn', 'LN'),
	('admin@oude.edu.vn', 'LT'),
	('duy.nguyen2@oude.edu.vn', 'LT'),
	('loc.nth@ou.edu.vn', 'LT'),
	('luat.pham@oude.edu.vn', 'LT'),
	('Van.vtm@ou.edu.vn', 'LT'),
	('admin@oude.edu.vn', 'MC'),
	('duy.nguyen2@oude.edu.vn', 'MC'),
	('loc.nth@ou.edu.vn', 'MC'),
	('luat.pham@oude.edu.vn', 'MC'),
	('Van.vtm@ou.edu.vn', 'MC'),
	('admin@oude.edu.vn', 'MD'),
	('duy.nguyen2@oude.edu.vn', 'MD'),
	('loc.nth@ou.edu.vn', 'MD'),
	('luat.pham@oude.edu.vn', 'MD'),
	('Van.vtm@ou.edu.vn', 'MD'),
	('admin@oude.edu.vn', 'MR'),
	('loc.nth@ou.edu.vn', 'MR'),
	('luat.pham@oude.edu.vn', 'MR'),
	('Van.vtm@ou.edu.vn', 'MR'),
	('admin@oude.edu.vn', 'NA'),
	('duy.nguyen2@oude.edu.vn', 'NA'),
	('loc.nth@ou.edu.vn', 'NA'),
	('luat.pham@oude.edu.vn', 'NA'),
	('Van.vtm@ou.edu.vn', 'NA'),
	('admin@oude.edu.vn', 'NB'),
	('duy.nguyen2@oude.edu.vn', 'NB'),
	('loc.nth@ou.edu.vn', 'NB'),
	('luat.pham@oude.edu.vn', 'NB'),
	('Van.vtm@ou.edu.vn', 'NB'),
	('admin@oude.edu.vn', 'NH'),
	('duy.nguyen2@oude.edu.vn', 'NH'),
	('loc.nth@ou.edu.vn', 'NH'),
	('luat.pham@oude.edu.vn', 'NH'),
	('Van.vtm@ou.edu.vn', 'NH'),
	('admin@oude.edu.vn', 'NT'),
	('dong83otm@gmail.com', 'NT'),
	('dongchequoc6768@gmail.com', 'NT'),
	('duy.nguyen2@oude.edu.vn', 'NT'),
	('hoanguyenquynhgdtx@gmail.com', 'NT'),
	('hoangy.dtntpr@ninhthuan.edu.vn', 'NT'),
	('loc.nth@ou.edu.vn', 'NT'),
	('luat.pham@oude.edu.vn', 'NT'),
	('Nvs0103@gmail.com', 'NT'),
	('Van.vtm@ou.edu.vn', 'NT'),
	('admin@oude.edu.vn', 'NU'),
	('duy.nguyen2@oude.edu.vn', 'NU'),
	('loc.nth@ou.edu.vn', 'NU'),
	('luat.pham@oude.edu.vn', 'NU'),
	('Van.vtm@ou.edu.vn', 'NU'),
	('admin@oude.edu.vn', 'NV'),
	('duy.nguyen2@oude.edu.vn', 'NV'),
	('loc.nth@ou.edu.vn', 'NV'),
	('luat.pham@oude.edu.vn', 'NV'),
	('Van.vtm@ou.edu.vn', 'NV'),
	('admin@oude.edu.vn', 'NX'),
	('duy.nguyen2@oude.edu.vn', 'NX'),
	('loc.nth@ou.edu.vn', 'NX'),
	('luat.pham@oude.edu.vn', 'NX'),
	('pvrsing.tnxp@hcm.edu.vn', 'NX'),
	('rising_lathedo@yahoo.com', 'NX'),
	('Van.vtm@ou.edu.vn', 'NX'),
	('admin@oude.edu.vn', 'OM'),
	('duy.nguyen2@oude.edu.vn', 'OM'),
	('loc.nth@ou.edu.vn', 'OM'),
	('luat.pham@oude.edu.vn', 'OM'),
	('Van.vtm@ou.edu.vn', 'OM'),
	('admin@oude.edu.vn', 'PB'),
	('duy.nguyen2@oude.edu.vn', 'PB'),
	('loc.nth@ou.edu.vn', 'PB'),
	('luat.pham@oude.edu.vn', 'PB'),
	('Van.vtm@ou.edu.vn', 'PB'),
	('admin@oude.edu.vn', 'PD'),
	('duy.nguyen2@oude.edu.vn', 'PD'),
	('loc.nth@ou.edu.vn', 'PD'),
	('luat.pham@oude.edu.vn', 'PD'),
	('Van.vtm@ou.edu.vn', 'PD'),
	('admin@oude.edu.vn', 'PG'),
	('duy.nguyen2@oude.edu.vn', 'PG'),
	('loc.nth@ou.edu.vn', 'PG'),
	('luat.pham@oude.edu.vn', 'PG'),
	('Van.vtm@ou.edu.vn', 'PG'),
	('admin@oude.edu.vn', 'PL'),
	('duy.nguyen2@oude.edu.vn', 'PL'),
	('loc.nth@ou.edu.vn', 'PL'),
	('luat.pham@oude.edu.vn', 'PL'),
	('Van.vtm@ou.edu.vn', 'PL'),
	('admin@oude.edu.vn', 'PN'),
	('duy.nguyen2@oude.edu.vn', 'PN'),
	('loc.nth@ou.edu.vn', 'PN'),
	('luat.pham@oude.edu.vn', 'PN'),
	('Van.vtm@ou.edu.vn', 'PN'),
	('admin@oude.edu.vn', 'PQ'),
	('duy.nguyen2@oude.edu.vn', 'PQ'),
	('lehongpq@gmail.com', 'PQ'),
	('loc.nth@ou.edu.vn', 'PQ'),
	('luat.pham@oude.edu.vn', 'PQ'),
	('ngaphuai2000@gmail.com', 'PQ'),
	('sonthicdspst@gmail.com', 'PQ'),
	('Van.vtm@ou.edu.vn', 'PQ'),
	('admin@oude.edu.vn', 'PT'),
	('duy.nguyen2@oude.edu.vn', 'PT'),
	('loc.nth@ou.edu.vn', 'PT'),
	('luat.pham@oude.edu.vn', 'PT'),
	('Van.vtm@ou.edu.vn', 'PT'),
	('admin@oude.edu.vn', 'PV'),
	('duy.nguyen2@oude.edu.vn', 'PV'),
	('loc.nth@ou.edu.vn', 'PV'),
	('luat.pham@oude.edu.vn', 'PV'),
	('Van.vtm@ou.edu.vn', 'PV'),
	('admin@oude.edu.vn', 'PY'),
	('duy.nguyen2@oude.edu.vn', 'PY'),
	('loc.nth@ou.edu.vn', 'PY'),
	('luat.pham@oude.edu.vn', 'PY'),
	('Van.vtm@ou.edu.vn', 'PY'),
	('admin@oude.edu.vn', 'Q1'),
	('duy.nguyen2@oude.edu.vn', 'Q1'),
	('loc.nth@ou.edu.vn', 'Q1'),
	('luat.pham@oude.edu.vn', 'Q1'),
	('Van.vtm@ou.edu.vn', 'Q1'),
	('admin@oude.edu.vn', 'Q2'),
	('duy.nguyen2@oude.edu.vn', 'Q2'),
	('loc.nth@ou.edu.vn', 'Q2'),
	('luat.pham@oude.edu.vn', 'Q2'),
	('Van.vtm@ou.edu.vn', 'Q2'),
	('admin@oude.edu.vn', 'Q4'),
	('duy.nguyen2@oude.edu.vn', 'Q4'),
	('loc.nth@ou.edu.vn', 'Q4'),
	('luat.pham@oude.edu.vn', 'Q4'),
	('Van.vtm@ou.edu.vn', 'Q4'),
	('admin@oude.edu.vn', 'Q5'),
	('duy.nguyen2@oude.edu.vn', 'Q5'),
	('loc.nth@ou.edu.vn', 'Q5'),
	('luat.pham@oude.edu.vn', 'Q5'),
	('Van.vtm@ou.edu.vn', 'Q5'),
	('admin@oude.edu.vn', 'Q6'),
	('duy.nguyen2@oude.edu.vn', 'Q6'),
	('loc.nth@ou.edu.vn', 'Q6'),
	('luat.pham@oude.edu.vn', 'Q6'),
	('Van.vtm@ou.edu.vn', 'Q6'),
	('admin@oude.edu.vn', 'Q8'),
	('duy.nguyen2@oude.edu.vn', 'Q8'),
	('loc.nth@ou.edu.vn', 'Q8'),
	('luat.pham@oude.edu.vn', 'Q8'),
	('Van.vtm@ou.edu.vn', 'Q8'),
	('admin@oude.edu.vn', 'Q9'),
	('duy.nguyen2@oude.edu.vn', 'Q9'),
	('loc.nth@ou.edu.vn', 'Q9'),
	('luat.pham@oude.edu.vn', 'Q9'),
	('Van.vtm@ou.edu.vn', 'Q9'),
	('admin@oude.edu.vn', 'QB'),
	('admin@oude.edu.vn', 'QG'),
	('duy.nguyen2@oude.edu.vn', 'QG'),
	('loc.nth@ou.edu.vn', 'QG'),
	('luat.pham@oude.edu.vn', 'QG'),
	('Van.vtm@ou.edu.vn', 'QG'),
	('admin@oude.edu.vn', 'QH'),
	('duy.nguyen2@oude.edu.vn', 'QH'),
	('loc.nth@ou.edu.vn', 'QH'),
	('luat.pham@oude.edu.vn', 'QH'),
	('Van.vtm@ou.edu.vn', 'QH'),
	('admin@oude.edu.vn', 'QP'),
	('duy.nguyen2@oude.edu.vn', 'QP'),
	('loc.nth@ou.edu.vn', 'QP'),
	('luat.pham@oude.edu.vn', 'QP'),
	('Van.vtm@ou.edu.vn', 'QP'),
	('admin@oude.edu.vn', 'SB'),
	('duy.nguyen2@oude.edu.vn', 'SB'),
	('loc.nth@ou.edu.vn', 'SB'),
	('luat.pham@oude.edu.vn', 'SB'),
	('Van.vtm@ou.edu.vn', 'SB'),
	('admin@oude.edu.vn', 'SD'),
	('duy.nguyen2@oude.edu.vn', 'SD'),
	('loc.nth@ou.edu.vn', 'SD'),
	('luat.pham@oude.edu.vn', 'SD'),
	('Van.vtm@ou.edu.vn', 'SD'),
	('admin@oude.edu.vn', 'SG'),
	('duy.nguyen2@oude.edu.vn', 'SG'),
	('loc.nth@ou.edu.vn', 'SG'),
	('luat.pham@oude.edu.vn', 'SG'),
	('thanhdv@sthc.edu.vn', 'SG'),
	('thaontt@sthc.edu.vn', 'SG'),
	('Van.vtm@ou.edu.vn', 'SG'),
	('yennn@sthc.edu.vn', 'SG'),
	('admin@oude.edu.vn', 'ST'),
	('admin@oude.edu.vn', 'T1'),
	('duy.nguyen2@oude.edu.vn', 'T1'),
	('loc.nth@ou.edu.vn', 'T1'),
	('luat.pham@oude.edu.vn', 'T1'),
	('Van.vtm@ou.edu.vn', 'T1'),
	('admin@oude.edu.vn', 'T2'),
	('duy.nguyen2@oude.edu.vn', 'T2'),
	('loc.nth@ou.edu.vn', 'T2'),
	('luat.pham@oude.edu.vn', 'T2'),
	('Van.vtm@ou.edu.vn', 'T2'),
	('admin@oude.edu.vn', 'T3'),
	('duy.nguyen2@oude.edu.vn', 'T3'),
	('loc.nth@ou.edu.vn', 'T3'),
	('luat.pham@oude.edu.vn', 'T3'),
	('Van.vtm@ou.edu.vn', 'T3'),
	('admin@oude.edu.vn', 'T6'),
	('duy.nguyen2@oude.edu.vn', 'T6'),
	('loc.nth@ou.edu.vn', 'T6'),
	('luat.pham@oude.edu.vn', 'T6'),
	('Van.vtm@ou.edu.vn', 'T6'),
	('admin@oude.edu.vn', 'TA'),
	('duy.nguyen2@oude.edu.vn', 'TA'),
	('loc.nth@ou.edu.vn', 'TA'),
	('luat.pham@oude.edu.vn', 'TA'),
	('Van.vtm@ou.edu.vn', 'TA'),
	('admin@oude.edu.vn', 'TB'),
	('boconganhtt0511@gmail.com', 'TB'),
	('duy.nguyen2@oude.edu.vn', 'TB'),
	('loc.nth@ou.edu.vn', 'TB'),
	('luat.pham@oude.edu.vn', 'TB'),
	('Van.vtm@ou.edu.vn', 'TB'),
	('admin@oude.edu.vn', 'TC'),
	('duy.nguyen2@oude.edu.vn', 'TC'),
	('loc.nth@ou.edu.vn', 'TC'),
	('luat.pham@oude.edu.vn', 'TC'),
	('Van.vtm@ou.edu.vn', 'TC'),
	('admin@oude.edu.vn', 'TD'),
	('duy.nguyen2@oude.edu.vn', 'TD'),
	('loc.nth@ou.edu.vn', 'TD'),
	('luat.pham@oude.edu.vn', 'TD'),
	('Van.vtm@ou.edu.vn', 'TD'),
	('admin@oude.edu.vn', 'TE'),
	('caothigiang84@gmail.com', 'TE'),
	('duy.nguyen2@oude.edu.vn', 'TE'),
	('loc.nth@ou.edu.vn', 'TE'),
	('luat.pham@oude.edu.vn', 'TE'),
	('myng8388@gmail.com', 'TE'),
	('tuantcktcntn@gmail.com', 'TE'),
	('Van.vtm@ou.edu.vn', 'TE'),
	('admin@oude.edu.vn', 'TG'),
	('duy.nguyen2@oude.edu.vn', 'TG'),
	('loc.nth@ou.edu.vn', 'TG'),
	('luat.pham@oude.edu.vn', 'TG'),
	('Van.vtm@ou.edu.vn', 'TG'),
	('admin@oude.edu.vn', 'TH'),
	('duy.nguyen2@oude.edu.vn', 'TH'),
	('dvdong@btu.edu.vn', 'TH'),
	('loc.nth@ou.edu.vn', 'TH'),
	('luat.pham@oude.edu.vn', 'TH'),
	('ptdung@btu.edu.vn', 'TH'),
	('tqoanh@btu.edu.vn', 'TH'),
	('tvchinh@btu.edu.vn', 'TH'),
	('Van.vtm@ou.edu.vn', 'TH'),
	('admin@oude.edu.vn', 'TL'),
	('duy.nguyen2@oude.edu.vn', 'TL'),
	('loc.nth@ou.edu.vn', 'TL'),
	('luat.pham@oude.edu.vn', 'TL'),
	('Van.vtm@ou.edu.vn', 'TL'),
	('admin@oude.edu.vn', 'TM'),
	('duy.nguyen2@oude.edu.vn', 'TM'),
	('loc.nth@ou.edu.vn', 'TM'),
	('lthmay82.vn@gmail.com', 'TM'),
	('luat.pham@oude.edu.vn', 'TM'),
	('minhcsdn2005@gmail.com', 'TM'),
	('tanpham19@yahoo.com', 'TM'),
	('Van.vtm@ou.edu.vn', 'TM'),
	('admin@oude.edu.vn', 'TN'),
	('dung.pgdtanchau@gmail.com', 'TN'),
	('duy.nguyen2@oude.edu.vn', 'TN'),
	('loc.nth@ou.edu.vn', 'TN'),
	('luat.pham@oude.edu.vn', 'TN'),
	('ngovandang1977@gmail.com', 'TN'),
	('trantutayninh55@gmail.com', 'TN'),
	('tttlinh275@gmail.com', 'TN'),
	('Van.vtm@ou.edu.vn', 'TN'),
	('admin@oude.edu.vn', 'TP'),
	('duy.nguyen2@oude.edu.vn', 'TP'),
	('loc.nth@ou.edu.vn', 'TP'),
	('luat.pham@oude.edu.vn', 'TP'),
	('Van.vtm@ou.edu.vn', 'TP'),
	('admin@oude.edu.vn', 'TR'),
	('duy.nguyen2@oude.edu.vn', 'TR'),
	('gdtx.gdtxnhontrach@dongnai.edu.vn', 'TR'),
	('loc.nth@ou.edu.vn', 'TR'),
	('luat.pham@oude.edu.vn', 'TR'),
	('sanggdtx@gmail.com', 'TR'),
	('Van.vtm@ou.edu.vn', 'TR'),
	('admin@oude.edu.vn', 'TT'),
	('duy.nguyen2@oude.edu.vn', 'TT'),
	('loc.nth@ou.edu.vn', 'TT'),
	('luat.pham@oude.edu.vn', 'TT'),
	('Van.vtm@ou.edu.vn', 'TT'),
	('admin@oude.edu.vn', 'TU'),
	('duy.nguyen2@oude.edu.vn', 'TU'),
	('loc.nth@ou.edu.vn', 'TU'),
	('luat.pham@oude.edu.vn', 'TU'),
	('Van.vtm@ou.edu.vn', 'TU'),
	('admin@oude.edu.vn', 'TV'),
	('duy.nguyen2@oude.edu.vn', 'TV'),
	('loc.nth@ou.edu.vn', 'TV'),
	('luat.pham@oude.edu.vn', 'TV'),
	('Van.vtm@ou.edu.vn', 'TV'),
	('admin@oude.edu.vn', 'TW'),
	('duy.nguyen2@oude.edu.vn', 'TW'),
	('loc.nth@ou.edu.vn', 'TW'),
	('luat.pham@oude.edu.vn', 'TW'),
	('Van.vtm@ou.edu.vn', 'TW'),
	('admin@oude.edu.vn', 'UB'),
	('duy.nguyen2@oude.edu.vn', 'UB'),
	('loc.nth@ou.edu.vn', 'UB'),
	('luat.pham@oude.edu.vn', 'UB'),
	('Van.vtm@ou.edu.vn', 'UB'),
	('admin@oude.edu.vn', 'UT'),
	('duy.nguyen2@oude.edu.vn', 'UT'),
	('loc.nth@ou.edu.vn', 'UT'),
	('luat.pham@oude.edu.vn', 'UT'),
	('Van.vtm@ou.edu.vn', 'UT'),
	('admin@oude.edu.vn', 'VD'),
	('duy.nguyen2@oude.edu.vn', 'VD'),
	('loc.nth@ou.edu.vn', 'VD'),
	('luat.pham@oude.edu.vn', 'VD'),
	('Van.vtm@ou.edu.vn', 'VD'),
	('admin@oude.edu.vn', 'VL'),
	('duy.nguyen2@oude.edu.vn', 'VL'),
	('loc.nth@ou.edu.vn', 'VL'),
	('luat.pham@oude.edu.vn', 'VL'),
	('Van.vtm@ou.edu.vn', 'VL'),
	('admin@oude.edu.vn', 'VM'),
	('duy.nguyen2@oude.edu.vn', 'VM'),
	('khanh.nguyen@caodangvietmy.edu.vn', 'VM'),
	('loc.nth@ou.edu.vn', 'VM'),
	('luat.pham@oude.edu.vn', 'VM'),
	('mai.nguyen@caodangvietmy.edu.vn', 'VM'),
	('thua.nguyen@caodangvietmy.edu.vn', 'VM'),
	('Van.vtm@ou.edu.vn', 'VM'),
	('admin@oude.edu.vn', 'VS'),
	('letranvinhphu75@gmail.com', 'VS'),
	('locdian14@gmail.com', 'VS'),
	('nguyenthao.vsvc@gmail.com', 'VS'),
	('admin@oude.edu.vn', 'VT'),
	('duy.nguyen2@oude.edu.vn', 'VT'),
	('hongminhgdtx88@gmail.com', 'VT'),
	('loc.nth@ou.edu.vn', 'VT'),
	('luat.pham@oude.edu.vn', 'VT'),
	('minhtrivtau@yahoo.com.vn', 'VT'),
	('Van.vtm@ou.edu.vn', 'VT'),
	('vunggdtx.vt@gmail.com', 'VT'),
	('vynguyen090690@gmail.com', 'VT'),
	('admin@oude.edu.vn', 'WT'),
	('duy.nguyen2@oude.edu.vn', 'WT'),
	('loc.nth@ou.edu.vn', 'WT'),
	('luat.pham@oude.edu.vn', 'WT'),
	('Van.vtm@ou.edu.vn', 'WT'),
	('admin@oude.edu.vn', 'XL'),
	('hai6365@gmail.com', 'XL'),
	('huulocn6@gmail.com', 'XL'),
	('loc.nth@ou.edu.vn', 'XL'),
	('luat.pham@oude.edu.vn', 'XL'),
	('quynhpham.261190@gmail.com.com', 'XL'),
	('Van.vtm@ou.edu.vn', 'XL'),
	('admin@oude.edu.vn', 'XN'),
	('duy.nguyen2@oude.edu.vn', 'XN'),
	('loc.nth@ou.edu.vn', 'XN'),
	('luat.pham@oude.edu.vn', 'XN'),
	('Van.vtm@ou.edu.vn', 'XN'),
	('admin@oude.edu.vn', 'XO'),
	('duy.nguyen2@oude.edu.vn', 'XO'),
	('loc.nth@ou.edu.vn', 'XO'),
	('luat.pham@oude.edu.vn', 'XO'),
	('nguyenvanhieu759@gmail.com', 'XO'),
	('thanhhaittdntn@gmail.com', 'XO'),
	('trongthachng@gmail.com', 'XO'),
	('Van.vtm@ou.edu.vn', 'XO'),
	('admin@oude.edu.vn', 'XP'),
	('duy.nguyen2@oude.edu.vn', 'XP'),
	('loc.nth@ou.edu.vn', 'XP'),
	('luat.pham@oude.edu.vn', 'XP'),
	('Van.vtm@ou.edu.vn', 'XP'),
	('admin@oude.edu.vn', 'XT'),
	('duy.nguyen2@oude.edu.vn', 'XT'),
	('loc.nth@ou.edu.vn', 'XT'),
	('luat.pham@oude.edu.vn', 'XT'),
	('Van.vtm@ou.edu.vn', 'XT'),
	('admin@oude.edu.vn', 'YB'),
	('duy.nguyen2@oude.edu.vn', 'YB'),
	('loc.nth@ou.edu.vn', 'YB'),
	('luat.pham@oude.edu.vn', 'YB'),
	('Van.vtm@ou.edu.vn', 'YB'),
	('admin@oude.edu.vn', 'YK'),
	('duy.nguyen2@oude.edu.vn', 'YK'),
	('loc.nth@ou.edu.vn', 'YK'),
	('luat.pham@oude.edu.vn', 'YK'),
	('Van.vtm@ou.edu.vn', 'YK'),
	('admin@oude.edu.vn', 'YT'),
	('duy.nguyen2@oude.edu.vn', 'YT'),
	('loc.nth@ou.edu.vn', 'YT'),
	('luat.pham@oude.edu.vn', 'YT'),
	('Van.vtm@ou.edu.vn', 'YT');
/*!40000 ALTER TABLE `user_link_unit` ENABLE KEYS */;

-- Dumping structure for table theodoihocphi.user_permission
DROP TABLE IF EXISTS `user_permission`;
CREATE TABLE IF NOT EXISTS `user_permission` (
  `ID` int NOT NULL AUTO_INCREMENT,
  `mail` varchar(200) CHARACTER SET utf8 COLLATE utf8_unicode_ci NOT NULL,
  `permission` varchar(100) CHARACTER SET utf8 COLLATE utf8_unicode_ci NOT NULL,
  PRIMARY KEY (`ID`,`mail`,`permission`),
  KEY `fk_permission_user` (`permission`),
  KEY `fk_user_permission` (`mail`),
  CONSTRAINT `fk_permission_user` FOREIGN KEY (`permission`) REFERENCES `permission` (`permission`) ON DELETE CASCADE ON UPDATE CASCADE,
  CONSTRAINT `fk_user_permission` FOREIGN KEY (`mail`) REFERENCES `user` (`mail`) ON DELETE CASCADE ON UPDATE CASCADE
) ENGINE=InnoDB AUTO_INCREMENT=679 DEFAULT CHARSET=utf8mb3 COLLATE=utf8_unicode_ci;

-- Dumping data for table theodoihocphi.user_permission: ~107 rows (approximately)
/*!40000 ALTER TABLE `user_permission` DISABLE KEYS */;
INSERT INTO `user_permission` (`ID`, `mail`, `permission`) VALUES
	(189, 'luong.nt@ou.edu.vn', 'account'),
	(245, 'luan.mh@ou.edu.vn', 'account'),
	(246, 'van.ntm@ou.edu.vn', 'account'),
	(247, 'thang.nq@ou.edu.vn', 'account'),
	(248, 'vy.ttt@ou.edu.vn', 'account'),
	(292, 'dung.pgdtanchau@gmail.com', 'account'),
	(295, 'vinhtrungcapcongdoanbrvt@gmail.com', 'account'),
	(296, 'bentre_tranhongchau@bentre.edu.vn', 'account'),
	(298, 'loanketoan79@gmail.com', 'account'),
	(301, 'quynhpham.261190@gmail.com.com', 'account'),
	(304, 'tttlinh275@gmail.com', 'account'),
	(311, 'vynguyen090690@gmail.com', 'account'),
	(312, 'duy.nk@ou.edu.vn', 'account'),
	(453, 'duy.nk27021998@gmail.com', 'account'),
	(457, 'sang.pdp@ou.edu.vn', 'account'),
	(461, 'ngaphuai2000@gmail.com', 'account'),
	(467, 'ngochieptcn@yahoo.com.vn', 'account'),
	(608, 'loc.nth@ou.edu.vn', 'account'),
	(609, 'Van.vtm@ou.edu.vn', 'account'),
	(614, 'myng8388@gmail.com', 'account'),
	(619, 'hoangy.dtntpr@ninhthuan.edu.vn', 'account'),
	(620, 'thua.nguyen@caodangvietmy.edu.vn', 'account'),
	(626, 'ptdung@btu.edu.vn', 'account'),
	(627, 'ngocmai.nd208@gmail.com', 'account'),
	(630, 'phanlien818212@gmail.com', 'account'),
	(636, 'lehoangan.cmcc@gmail.com', 'account'),
	(639, 'rongdnchuse@gmail.com', 'account'),
	(640, 'minhthu.bt955@gmail.com', 'account'),
	(650, 'dodangnhan1969@gmail.com', 'account'),
	(653, 'vokhoahg@gmail.com', 'account'),
	(660, 'vothihangpk@gmail.com', 'account'),
	(665, 'nguyenvanhieu759@gmail.com', 'account'),
	(673, 'thaontt@sthc.edu.vn', 'account'),
	(675, 'nguyenthao.vsvc@gmail.com', 'account'),
	(676, 'boconganhtt0511@gmail.com', 'account'),
	(678, 'thuongttdntn@gmail.com', 'account'),
	(129, 'duy.nguyen2@oude.edu.vn', 'admin'),
	(195, 'admin@oude.edu.vn', 'admin'),
	(294, 'minhtrivtau@yahoo.com.vn', 'ADMIN_DVLK'),
	(297, 'thanhduy041975@gmail.com', 'ADMIN_DVLK'),
	(299, 'hai6365@gmail.com', 'ADMIN_DVLK'),
	(300, 'huulocn6@gmail.com', 'ADMIN_DVLK'),
	(302, 'trantutayninh55@gmail.com', 'ADMIN_DVLK'),
	(303, 'ngovandang1977@gmail.com', 'ADMIN_DVLK'),
	(306, 'lthmay82.vn@gmail.com', 'ADMIN_DVLK'),
	(307, 'tanpham19@yahoo.com', 'ADMIN_DVLK'),
	(309, 'vunggdtx.vt@gmail.com', 'ADMIN_DVLK'),
	(310, 'hongminhgdtx88@gmail.com', 'ADMIN_DVLK'),
	(455, 'sang.pdp@ou.edu.vn', 'ADMIN_DVLK'),
	(460, 'lehongpq@gmail.com', 'ADMIN_DVLK'),
	(462, 'sonthicdspst@gmail.com', 'ADMIN_DVLK'),
	(463, 'huythong0872@gmail.com', 'ADMIN_DVLK'),
	(464, 'baotrongtcn@gmail.com', 'ADMIN_DVLK'),
	(465, 'haiau2407@gmail.com', 'ADMIN_DVLK'),
	(610, 'sanggdtx@gmail.com', 'ADMIN_DVLK'),
	(611, 'gdtx.gdtxnhontrach@dongnai.edu.vn', 'ADMIN_DVLK'),
	(612, 'tuantcktcntn@gmail.com', 'ADMIN_DVLK'),
	(613, 'caothigiang84@gmail.com', 'ADMIN_DVLK'),
	(615, 'dong83otm@gmail.com', 'ADMIN_DVLK'),
	(616, 'dongchequoc6768@gmail.com', 'ADMIN_DVLK'),
	(617, 'hoanguyenquynhgdtx@gmail.com', 'ADMIN_DVLK'),
	(618, 'Nvs0103@gmail.com', 'ADMIN_DVLK'),
	(621, 'khanh.nguyen@caodangvietmy.edu.vn', 'ADMIN_DVLK'),
	(622, 'mai.nguyen@caodangvietmy.edu.vn', 'ADMIN_DVLK'),
	(623, 'tvchinh@btu.edu.vn', 'ADMIN_DVLK'),
	(624, 'tqoanh@btu.edu.vn', 'ADMIN_DVLK'),
	(625, 'dvdong@btu.edu.vn', 'ADMIN_DVLK'),
	(628, 'levannoi.chupah@gmail.com', 'ADMIN_DVLK'),
	(629, 'xuantien.gdtxchupah@gmail.com', 'ADMIN_DVLK'),
	(631, 'pvrsing.tnxp@hcm.edu.vn', 'ADMIN_DVLK'),
	(632, 'huutrung@dtcc.edu.vn', 'ADMIN_DVLK'),
	(633, 'nnthao@dtcc.edu.vn', 'ADMIN_DVLK'),
	(635, 'duongduongcm@yahoo.com', 'ADMIN_DVLK'),
	(637, 'nguyenvanducgl@gmail.com', 'ADMIN_DVLK'),
	(638, 'kimthanhcse@gmail.com', 'ADMIN_DVLK'),
	(641, 'thanhhuyen091983@gmail.com', 'ADMIN_DVLK'),
	(642, 'thaoly19011978@gmail.com', 'ADMIN_DVLK'),
	(643, 'vythaodnlg@gmail.com', 'ADMIN_DVLK'),
	(644, 'hongcam36@gmail.com', 'ADMIN_DVLK'),
	(645, 'minhcsdn2005@gmail.com', 'ADMIN_DVLK'),
	(646, 'xuyenphan611@gmail.com', 'ADMIN_DVLK'),
	(647, 'ntknga@dtcc.edu.vn', 'ADMIN_DVLK'),
	(648, 'thaodien23071981@gmail.com', 'ADMIN_DVLK'),
	(649, 'namhoang.qd4@gmail.com', 'ADMIN_DVLK'),
	(651, 'liemnh@haugiang.edu.vn', 'ADMIN_DVLK'),
	(652, 'muoinv.gdtxtinh@haugiang.edu.vn', 'ADMIN_DVLK'),
	(654, 'ntnha.gdtxbd@gmail.com', 'ADMIN_DVLK'),
	(655, 'tranducduoc1973@gmail.com', 'ADMIN_DVLK'),
	(656, 'danghanh0111@gmail.com', 'ADMIN_DVLK'),
	(657, 'vovantienttgl@gmail.com', 'ADMIN_DVLK'),
	(658, 'levanthuanpleiku@gmail.com', 'ADMIN_DVLK'),
	(659, 'vovanthuygdtxgialai@gmail.com', 'ADMIN_DVLK'),
	(661, 'buihuygiapgl@gmail.com', 'ADMIN_DVLK'),
	(662, 'thanhhaittdntn@gmail.com', 'ADMIN_DVLK'),
	(664, 'trongthachng@gmail.com', 'ADMIN_DVLK'),
	(666, 'misshonglinh02@gmail.com', 'ADMIN_DVLK'),
	(667, 'dangthitram989@gmail.com', 'ADMIN_DVLK'),
	(668, 'letranvinhphu75@gmail.com', 'ADMIN_DVLK'),
	(669, 'locdian14@gmail.com', 'ADMIN_DVLK'),
	(671, 'thanhdv@sthc.edu.vn', 'ADMIN_DVLK'),
	(672, 'yennn@sthc.edu.vn', 'ADMIN_DVLK'),
	(674, 'rising_lathedo@yahoo.com', 'ADMIN_DVLK'),
	(187, 'phuoc.nk@ou.edu.vn', 'hoc_lieu'),
	(186, 'khang.lnq@ou.edu.vn', 'leader'),
	(188, 'phuoc.nk@ou.edu.vn', 'leader'),
	(244, 'thao.nta@ou.edu.vn', 'leader'),
	(308, 'luat.pham@oude.edu.vn', 'QLV');
/*!40000 ALTER TABLE `user_permission` ENABLE KEYS */;

/*!40101 SET SQL_MODE=IFNULL(@OLD_SQL_MODE, '') */;
/*!40014 SET FOREIGN_KEY_CHECKS=IF(@OLD_FOREIGN_KEY_CHECKS IS NULL, 1, @OLD_FOREIGN_KEY_CHECKS) */;
/*!40101 SET CHARACTER_SET_CLIENT=@OLD_CHARACTER_SET_CLIENT */;
/*!40111 SET SQL_NOTES=@OLD_SQL_NOTES */;
