-- --------------------------------------------------------
-- Host:                         127.0.0.1
-- Server version:               5.7.13-log - MySQL Community Server (GPL)
-- Server OS:                    Win64
-- HeidiSQL Version:             12.6.0.6765
-- --------------------------------------------------------

/*!40101 SET @OLD_CHARACTER_SET_CLIENT=@@CHARACTER_SET_CLIENT */;
/*!40101 SET NAMES utf8 */;
/*!50503 SET NAMES utf8mb4 */;
/*!40103 SET @OLD_TIME_ZONE=@@TIME_ZONE */;
/*!40103 SET TIME_ZONE='+00:00' */;
/*!40014 SET @OLD_FOREIGN_KEY_CHECKS=@@FOREIGN_KEY_CHECKS, FOREIGN_KEY_CHECKS=0 */;
/*!40101 SET @OLD_SQL_MODE=@@SQL_MODE, SQL_MODE='NO_AUTO_VALUE_ON_ZERO' */;
/*!40111 SET @OLD_SQL_NOTES=@@SQL_NOTES, SQL_NOTES=0 */;


-- Dumping database structure for theodoihocphi
DROP DATABASE IF EXISTS `theodoihocphi`;
CREATE DATABASE IF NOT EXISTS `theodoihocphi` /*!40100 DEFAULT CHARACTER SET utf8 COLLATE utf8_unicode_ci */;
USE `theodoihocphi`;

-- Dumping structure for table theodoihocphi.accounting
DROP TABLE IF EXISTS `accounting`;
CREATE TABLE IF NOT EXISTS `accounting` (
  `ID_accounting` varchar(100) COLLATE utf8_unicode_ci NOT NULL DEFAULT '',
  `ma_dvlk` varchar(45) COLLATE utf8_unicode_ci DEFAULT NULL,
  `dvlk` varchar(255) COLLATE utf8_unicode_ci DEFAULT NULL,
  `tier` varchar(100) COLLATE utf8_unicode_ci DEFAULT NULL,
  `create_day` date DEFAULT NULL,
  `year` varchar(100) COLLATE utf8_unicode_ci DEFAULT NULL,
  `round` varchar(100) COLLATE utf8_unicode_ci DEFAULT NULL,
  `total` varchar(100) COLLATE utf8_unicode_ci NOT NULL,
  `total_discount` varchar(100) COLLATE utf8_unicode_ci DEFAULT NULL,
  `dvlk_confirm` tinyint(1) DEFAULT NULL,
  `ou_confirm` tinyint(1) DEFAULT NULL,
  `accounting_day` date DEFAULT NULL,
  `user_create` varchar(100) COLLATE utf8_unicode_ci DEFAULT NULL,
  `dateRange` varchar(45) COLLATE utf8_unicode_ci DEFAULT NULL,
  `status` tinyint(4) DEFAULT NULL,
  `percent_another` varchar(45) COLLATE utf8_unicode_ci DEFAULT NULL,
  `total_real` varchar(100) COLLATE utf8_unicode_ci DEFAULT NULL,
  `note` varchar(255) COLLATE utf8_unicode_ci DEFAULT NULL,
  PRIMARY KEY (`ID_accounting`)
) ENGINE=InnoDB DEFAULT CHARSET=utf8 COLLATE=utf8_unicode_ci;

-- Dumping data for table theodoihocphi.accounting: ~4 rows (approximately)
INSERT INTO `accounting` (`ID_accounting`, `ma_dvlk`, `dvlk`, `tier`, `create_day`, `year`, `round`, `total`, `total_discount`, `dvlk_confirm`, `ou_confirm`, `accounting_day`, `user_create`, `dateRange`, `status`, `percent_another`, `total_real`, `note`) VALUES
	('BB210101230303', 'BB', 'Trường Bồi dưỡng giáo dục Huyện Bình Chánh', NULL, '2023-03-03', NULL, NULL, '594810000', '148702500', 0, 0, NULL, 'admin@oude.edu.vn', NULL, 0, '25', NULL, NULL),
	('BH221001221031', 'BH', 'Trường TC KTKT Số 2 Biên Hòa', NULL, '2023-03-06', NULL, NULL, '95380000', '0', 0, 0, NULL, 'Van.vtm@ou.edu.vn', NULL, 0, '', NULL, NULL),
	('C4230401230731', 'C4', 'TT CT Quận 4', NULL, '2023-09-18', NULL, NULL, '227010000', '56752500', 0, 0, NULL, 'loc.nth@ou.edu.vn', NULL, 0, '25', NULL, NULL),
	('TB230401230731', 'TB', 'TT CT Quận Tân Bình', NULL, '2023-09-18', NULL, NULL, '537120000', '102052800', 0, 0, NULL, 'loc.nth@ou.edu.vn', NULL, 0, '19', NULL, NULL);

-- Dumping structure for table theodoihocphi.action
DROP TABLE IF EXISTS `action`;
CREATE TABLE IF NOT EXISTS `action` (
  `action` varchar(100) COLLATE utf8_unicode_ci NOT NULL,
  `descript` varchar(255) COLLATE utf8_unicode_ci DEFAULT NULL,
  PRIMARY KEY (`action`)
) ENGINE=InnoDB DEFAULT CHARSET=utf8 COLLATE=utf8_unicode_ci;

-- Dumping data for table theodoihocphi.action: ~12 rows (approximately)
INSERT INTO `action` (`action`, `descript`) VALUES
	('accounting', 'kế toán'),
	('course_ware', 'học liệu'),
	('get_class', 'Xem lớp'),
	('guide', 'hướng dẫn sử dụng'),
	('list_student', 'Chi tiết sinh viên'),
	('one_student', 'Thông tin 1 sinh viên'),
	('register', 'Tạo tài khoản'),
	('reset_password', 'thay đổi mật khẩu'),
	('revenue', 'Doanh thu'),
	('search', 'tìm kiếm'),
	('statistical', 'Thống kê'),
	('subject_register', 'Kết quả đăng ký môn học');

-- Dumping structure for table theodoihocphi.choice
DROP TABLE IF EXISTS `choice`;
CREATE TABLE IF NOT EXISTS `choice` (
  `ID` int(11) NOT NULL AUTO_INCREMENT,
  `value` varchar(255) COLLATE utf8_unicode_ci DEFAULT NULL,
  `descript` varchar(255) COLLATE utf8_unicode_ci DEFAULT NULL,
  `type` varchar(10) COLLATE utf8_unicode_ci DEFAULT NULL,
  PRIMARY KEY (`ID`)
) ENGINE=InnoDB AUTO_INCREMENT=21 DEFAULT CHARSET=utf8 COLLATE=utf8_unicode_ci;

-- Dumping data for table theodoihocphi.choice: ~20 rows (approximately)
INSERT INTO `choice` (`ID`, `value`, `descript`, `type`) VALUES
	(1, '1', 'Học kỳ 1', 'semester'),
	(2, '2', 'Học kỳ 2', 'semester'),
	(3, '3', 'Học kỳ 3', 'semester'),
	(4, '2015', 'Năm học 2015 - 2016', 'schoolyear'),
	(5, '2016', 'Năm học 2016 - 2017', 'schoolyear'),
	(6, '2017', 'Năm học 2017 - 2018', 'schoolyear'),
	(7, '2018', 'Năm học 2018 - 2019', 'schoolyear'),
	(8, '2019', 'Năm học 2019 - 2020', 'schoolyear'),
	(9, '2020', 'Năm học 2020 - 2021', 'schoolyear'),
	(10, '2021', 'Năm học 2021 - 2022', 'schoolyear'),
	(11, '2022', 'Năm học 2022 - 2023', 'schoolyear'),
	(12, '2023', 'Năm học 2023 - 2024', 'schoolyear'),
	(13, 'r1', 'Đợt 1 (01/12 - 31/03)', 'round'),
	(14, 'r2', 'Đợt 1 (01/04 - 31/07)', 'round'),
	(15, 'r3', 'Đợt 1 (01/08 - 30/11)', 'round'),
	(16, '2022-2023', 'Năm 2023', 'year'),
	(17, '2023-2024', 'Năm 2024', 'year'),
	(18, 'tx', 'Đào tạo từ xa (truyền thống)', 'tier'),
	(19, 'tt', 'Đào tạo từ xa (trực tuyến)', 'tier'),
	(20, 'vl', 'Vừa làm vừa học', 'tier');

-- Dumping structure for table theodoihocphi.guide
DROP TABLE IF EXISTS `guide`;
CREATE TABLE IF NOT EXISTS `guide` (
  `idGuide` int(11) NOT NULL AUTO_INCREMENT,
  `tieuDe` varchar(255) COLLATE utf8_unicode_ci DEFAULT NULL,
  `conTent` text COLLATE utf8_unicode_ci,
  `urlVideo` varchar(255) COLLATE utf8_unicode_ci DEFAULT NULL,
  `urlHinh` varchar(255) COLLATE utf8_unicode_ci DEFAULT NULL,
  PRIMARY KEY (`idGuide`)
) ENGINE=InnoDB AUTO_INCREMENT=10 DEFAULT CHARSET=utf8 COLLATE=utf8_unicode_ci;

-- Dumping data for table theodoihocphi.guide: ~9 rows (approximately)
INSERT INTO `guide` (`idGuide`, `tieuDe`, `conTent`, `urlVideo`, `urlHinh`) VALUES
	(1, 'Tổng quan', '\r <iframe src="dist/guide_txt/_tongQuan.pdf#toolbar=0" width="100%" height="600px">\r ', NULL, NULL),
	(2, 'Đăng nhập và Đăng xuất', '\n<iframe src="dist/guide_txt/_dangNhapdangXuat.pdf#toolbar=0" width="100%" height="600px">\n', NULL, NULL),
	(3, 'Thông tin lớp và sinh viên', '\n<iframe src="dist/guide_txt/_thongTinLopVaSinhVien.pdf#toolbar=0" width="100%" height="600px">\n', NULL, NULL),
	(4, 'Kết quả đăng ký môn học', '\n<iframe src="dist/guide_txt/_ketQuaDangKyMonHoc.pdf#toolbar=0" width="100%" height="600px">\n', NULL, NULL),
	(5, 'Doanh Thu', '\n<iframe src="dist/guide_txt/_xemDoanhThu.pdf#toolbar=0" width="100%" height="600px">\n', NULL, NULL),
	(6, 'Xem chi tiết 1 sinh viên', '\n<iframe src="dist/guide_txt/_timKiemMotSinhVien.pdf#toolbar=0" width="100%" height="600px">\n', NULL, NULL),
	(7, 'Thay đổi mật khẩu', '\n <iframe src="dist/guide_txt/_doiMatKhau.pdf#toolbar=0" width="100%" height="600px">\n', NULL, NULL),
	(8, 'Quyết toán', '\r <iframe src="dist/guide_txt/_quyetToan.pdf" width="100%" height="600px">\r ', NULL, NULL),
	(9, 'Tổng hợp', '\r\n <iframe src="dist/guide_txt/_guide_checkPayment.pdf" width="100%" height="600px">\r\n ', NULL, NULL);

-- Dumping structure for table theodoihocphi.link_unit
DROP TABLE IF EXISTS `link_unit`;
CREATE TABLE IF NOT EXISTS `link_unit` (
  `unit` varchar(100) COLLATE utf8_unicode_ci NOT NULL,
  `descript` varchar(255) COLLATE utf8_unicode_ci DEFAULT NULL,
  PRIMARY KEY (`unit`)
) ENGINE=InnoDB DEFAULT CHARSET=utf8 COLLATE=utf8_unicode_ci;

-- Dumping data for table theodoihocphi.link_unit: ~146 rows (approximately)
INSERT INTO `link_unit` (`unit`, `descript`) VALUES
	('_K', 'Mã địa phương tạm dùng bảo trì dữ liệu'),
	('_T', 'Đại học Mở Tp.HCM - VLVH'),
	('AG', 'TT GDTX An Giang'),
	('AP', 'An Phú - GDTX An Giang'),
	('BA', 'Ban Chỉ Huy Quân sự Huyện Bình Chánh'),
	('BB', 'Trường Bồi dưỡng giáo dục Huyện Bình Chánh'),
	('BC', 'Trường trung cấp nghề Trần Đại Nghĩa'),
	('BD', 'TT GDTX Bình Định'),
	('BE', 'TT GDNN - GDTX Huyện Nhà Bè'),
	('BH', 'Trường TC KTKT Số 2 Biên Hòa'),
	('BI', 'Ban Chỉ Huy Quân sự Quận Bình Tân'),
	('BL', 'TT GDTX Bạc Liêu'),
	('BO', 'TT GDTX Bình Long - BPhước'),
	('BP', 'TT GDTX Bình Phước'),
	('BR', 'Trường TC KT Kỹ thuật Công Đoàn BR VT'),
	('BT', 'TT GDTX Bến Tre'),
	('BV', 'TT CT Quận Gò Vấp'),
	('C3', 'Trung tâm chính trị Q3'),
	('C4', 'TT CT Quận 4'),
	('CA', 'Trường Cao đẳng Long An'),
	('CC', 'Trường trung cấp nghề Củ Chi'),
	('CD', 'Châu Đốc - GDTX An Giang'),
	('CG', 'TT KT TH HN Cần Giờ'),
	('CH', 'TT GDTX Chơn Thành-BPhước'),
	('CL', 'Trường CĐCĐ Đồng Tháp'),
	('CM', 'Trường CĐCĐ Cà Mau'),
	('CN', 'TT GDNN - GDTX Q.Thốt Nốt'),
	('CQ', 'ĐTTX - Các lớp chính quy chuyển qua'),
	('CR', 'TT GDTX Khánh Hòa - Cam ranh'),
	('CT', 'Trường ĐH KT Công Nghệ Cần Thơ'),
	('CV', 'TT GDTX và HN Côn Đảo'),
	('DA', 'Trường Trung cấp Nghề Dĩ An'),
	('DB', 'Trường Đại Học Bạc Liêu'),
	('DD', 'TT GDTX Đắk Nông - Tuy Đức'),
	('DG', 'TT GDTX Đắk Nông'),
	('DH', 'Cao đẳng Long An ( Cơ sở Đức Hòa )'),
	('DK', 'TT GDTX ĐAK LAK'),
	('DM', 'TT GDTX Đắk Nông - Đăk Mil'),
	('DN', 'TT NN-TH Phan Chu Trinh'),
	('DR', 'TT GDTX Đắk Nông - Đăk R\'Lấp'),
	('DT', 'TT CT -TP Cao Lãnh'),
	('EA', 'CTy Cao Su EaH\'Leo'),
	('GC', 'TT TH KT TH HN Cần Giờ'),
	('GD', 'TT GDTX Gia Định'),
	('GI', 'TT GDNN & GDTX H. Ia Grai - Gia Lai'),
	('GK', 'TT GDNN GDTX huyện K rông Pa'),
	('GL', 'TT GDTX Gia Lai'),
	('GM', 'TT GDNN -GDTX Huyện Mang Yang - Gia Lai'),
	('GN', 'TT GDTX Đắk Nông - Gia Nghĩa'),
	('GO', 'TT GDTX Huyện Đăk Pơ - Gia Lai'),
	('GP', 'TT GDTX Huyện Chư Păh - Gia Lai'),
	('GQ', 'Gò Quao-CĐ Kiên Giang'),
	('GR', 'TT GDTX Bạc Liêu-Giá Rai'),
	('GS', 'TT GDNN  GDTX Huyện Chư Sê - Gia Lai'),
	('GU', 'TT GDNN-GDTX Chư Pưh - Gia Lai'),
	('GV', 'Quận Đoàn Gò Vấp'),
	('HB', 'TT GDTX Bạc Liêu-Hồng Dân'),
	('HD', 'TT GDTX Bạc Liêu-Đông Hải'),
	('HG', 'TT GDTX Hậu Giang'),
	('HM', 'Trường Trung cấp Bách nghệ TP.HCM'),
	('HN', 'Trường CĐ CĐ Hà Nội'),
	('HT', 'Trường CĐ Thương Mại và Du Lịch Hà Nội'),
	('HU', 'Hội Liên Hiệp Phụ Nữ TPHCM'),
	('HV', 'Học viện chính trị khu vực 2'),
	('HX', 'Liên minh Hợp tác xã Tp.Hồ Chí Minh'),
	('KG', 'Trường CĐ Kiên Giang'),
	('KH', 'TT GDTX Khánh Hòa'),
	('LA', 'TT GDTX & KTTH Long An'),
	('LB', 'Cơ sở 2 Long Bình'),
	('LC', 'CĐ Long An - CS Cần giuộc'),
	('LD', 'Trường Chính trị Lâm Đồng'),
	('LG', 'TT GDTX - GDNN Tx. Lagi - Bình Thuận'),
	('LH', 'TT GDTX H. Đức Hòa - Long An'),
	('LN', 'TT GDTX Lộc Ninh-BPhước'),
	('LT', 'Trung Tâm GDTX Lâm Đồng'),
	('MC', 'Chợ Mới - GDTX An Giang'),
	('MD', 'TT BD CT H. Đầm Dơi - Cà mau'),
	('MR', 'TT GDNN - GDTX HUYỆN M\'ĐRĂK'),
	('NA', 'Cao đẳng lương thực thực phẩm Đà Nẵng'),
	('NB', 'TT GDTX Tỉnh Ninh Bình'),
	('NH', 'Cơ Sở 5 - Ninh Hoà'),
	('NT', 'TT GDTX - HN Tỉnh Ninh Thuận'),
	('NU', 'Phân hiệu Học viện Phụ Nữ Việt Nam'),
	('NV', 'TT BD CB CC-VC Vũng Tàu'),
	('NX', 'TT GDTX Thanh Niên Xung Phong'),
	('OM', 'TT GDTX Quận Ô Môn'),
	('PB', 'TT GDTX Bạc Liêu-Phước Long'),
	('PD', 'TT GD XHLĐ Phú Đức'),
	('PG', 'TT GDTX Huyện Cần Giờ'),
	('PL', 'TT GDTX Phước Long-BPhước'),
	('PN', 'TT CT Q.Phú Nhuận'),
	('PQ', 'Phú Quốc-CĐ Kiên Giang'),
	('PT', 'TT CT Quận Tân Phú'),
	('PV', 'Phú Văn - GDTX Gia Định'),
	('PY', 'TT GDTX Phú Yên'),
	('Q1', 'TT CT Quận 1'),
	('Q2', 'Trường CĐN Thủ Thiêm - TPHCM'),
	('Q4', 'Ban Chỉ Huy Quân sự Quận 4'),
	('Q5', 'TT CT Quận 5'),
	('Q6', 'TT GDNN - GDTX Quận 6'),
	('Q8', 'TT BDCT Quận 8'),
	('Q9', 'Vĩnh Long - QK9'),
	('QB', 'Ban Chỉ Huy Quân Sự Huyện Nhà Bè'),
	('QG', 'Ban Chỉ Huy Quân sự Quận Gò Vấp'),
	('QH', 'Ban Chỉ Huy Quân sự Huyện Hóc Môn'),
	('QP', 'Ban Chỉ Huy Quân sự Quận Phú Nhuận'),
	('SB', 'Cơ Sở 3 Bình Dương'),
	('SD', 'Trường CT Đồng Tháp'),
	('SG', 'Trường TC DL và KS Sài Gòn Tourist'),
	('ST', 'TRƯỜNG ĐH SP TDTT TPHCM'),
	('T1', 'Trường ĐT-GQVL Số 1'),
	('T2', 'Trường ĐT-GQVL Số 2'),
	('T3', 'Trường ĐT-GQVL Số 3'),
	('T6', 'Trường ĐT-GQVL Số 6'),
	('TA', 'TT DN H.Tánh Linh - B.Thuận'),
	('TB', 'TT CT Quận Tân Bình'),
	('TC', 'Tân Châu - GDTX An Giang'),
	('TD', 'Công Ty Cao Su Dau Tieng'),
	('TE', 'Trường Trung cấp Tây Nguyên'),
	('TG', 'TT GDTX Tiền Giang'),
	('TH', 'Tr.CĐCĐ Bình Thuận'),
	('TL', 'TT GDTX Q.Thới Lai - Cần Thơ'),
	('TM', 'Cao đẳng Long An ( Cơ sở Đồng Tháp Mười )'),
	('TN', 'TT GDTX Tây Ninh'),
	('TP', 'Trường Đại Học Mở TP.HCM'),
	('TR', 'TT GDTX Nhơn Trạch - ĐNai'),
	('TT', 'TT GDTX Tôn Đức Thắng, TP.HCM'),
	('TU', 'Trường ĐT-GQVL Số 4'),
	('TV', 'Trường ĐH Trà Vinh'),
	('TW', 'TT GDTX Quận 12'),
	('UB', 'UBDS BM & TE'),
	('UT', 'Trường TC Nghề Tân Uyên'),
	('VD', 'Trường Cao đẳng Viễn Đông'),
	('VL', 'Trường CĐCĐ Vĩnh Long'),
	('VM', 'Trường Cao đẳng Việt - Mỹ'),
	('VS', 'Trường Cao Đẳng Nghề Việt Nam - Singapore'),
	('VT', 'TT GDTX Vũng Tàu'),
	('WT', 'Trường DN Quận 12'),
	('XL', 'TT GDNN GDTX  H. Xuân Lộc (ĐN)'),
	('XN', 'Liên Minh HTX Đồng Nai'),
	('XO', 'TT GDNN GDTX H.Thống Nhất-ĐNai'),
	('XP', 'Trường ĐT Và GQVL Số 5'),
	('XT', 'Liên Minh HTX Đồng Tháp'),
	('YB', 'TT ĐTBDCBDS-Bộ Y Tế (B.Tre)'),
	('YK', 'TT ĐTBDCBDS-Bộ Y Tế (K.Giang)'),
	('YT', 'TT ĐTBDCB Dân Số - Y Tế');

-- Dumping structure for table theodoihocphi.link_unit_accounting
DROP TABLE IF EXISTS `link_unit_accounting`;
CREATE TABLE IF NOT EXISTS `link_unit_accounting` (
  `unit` varchar(100) COLLATE utf8_unicode_ci NOT NULL,
  `id_class` varchar(45) COLLATE utf8_unicode_ci DEFAULT NULL,
  `id_group` varchar(45) COLLATE utf8_unicode_ci DEFAULT NULL,
  `class_name` varchar(300) COLLATE utf8_unicode_ci DEFAULT NULL,
  `id_contract` varchar(45) COLLATE utf8_unicode_ci DEFAULT NULL,
  `year_contract` varchar(45) COLLATE utf8_unicode_ci DEFAULT NULL,
  `tier` varchar(255) COLLATE utf8_unicode_ci DEFAULT NULL,
  `full_tier` varchar(255) COLLATE utf8_unicode_ci DEFAULT NULL,
  `percent_accounting` varchar(45) COLLATE utf8_unicode_ci DEFAULT NULL,
  PRIMARY KEY (`unit`),
  CONSTRAINT `fk_link_account` FOREIGN KEY (`unit`) REFERENCES `link_unit` (`unit`)
) ENGINE=InnoDB DEFAULT CHARSET=utf8 COLLATE=utf8_unicode_ci;

-- Dumping data for table theodoihocphi.link_unit_accounting: ~90 rows (approximately)
INSERT INTO `link_unit_accounting` (`unit`, `id_class`, `id_group`, `class_name`, `id_contract`, `year_contract`, `tier`, `full_tier`, `percent_accounting`) VALUES
	('AG', 'AG110412', 'AG110', ' An Giang - Khóa  2011 - Quản trị kinh doanh', '42', '08/02/2012', 'tx', ' Đào tạo từ xa', '17'),
	('BA', 'BA119323', 'BA101', ' Bình Chánh - ĐTTX - Khóa 2020 - Luật Kinh Tế', '1624', '08/09/2020', 'tx', ' Đào tạo từ xa', '20'),
	('BB', '_TRANOTXBB', 'BB001', ' Trường BD GD H.Bình Chánh', '', '', 'tx', ' Đào tạo từ xa', '22'),
	('BC', 'BC11532', 'BC101', ' Trần Đại Nghĩa - ĐTTX - Khóa 2015 - Luật Kinh Tế', '', '', 'tx', ' Đào tạo từ xa', '0'),
	('BD', '_TRANOTXBD', 'BD001', ' Lớp có môn học tổ chức thi trả nợ hình thức Đào tạo từ xa', '', '', 'tx', ' Đào tạo từ xa', '24'),
	('BE', '_TRANOVLBE', 'BE003', ' Nhà Bè: tổ chức thi trả nợ hình thức VLVH', '', '', 'vl', ' Vừa làm vừa học', '0'),
	('BH', '_TRANOTXBH', 'BH001', ' Lớp có môn học tổ chức thi trả nợ hình thức Đào tạo từ xa', '', '', 'tx', ' Đào tạo từ xa', '27'),
	('BI', 'BI119322', 'BI101', ' BCHQS Bình Tân - Khóa 2020 - VB1 - Luật Kinh Tế', '272', '27/02/2020', 'tx', ' Đào tạo từ xa', '20'),
	('BL', 'BL110412', 'BL112', ' Bạc Liêu - Khóa 2011 - Quản Trị Kinh Doanh', '', '', 'tx', ' Đào tạo từ xa', '0'),
	('BP', 'BP116343', 'BP103', ' Bình Phước - Khóa 2017 - Luật', '1531', '21/12/2017', 'tx', ' Đào tạo từ xa', '24'),
	('BR', '_TRANOTXBR', 'BR001', ' Lớp có môn học tổ chức thi trả nợ hình thức Đào tạo từ xa', '', '', 'tx', ' Đào tạo từ xa', '28'),
	('BT', '_TRANOVLBT', 'BT003', ' Lớp có môn học tổ chức thi trả nợ hình thức Vừa làm vừa học', '', '', 'vl', ' Vừa làm vừa học', '19'),
	('BV', 'BV314322', 'BV301', ' Gò Vấp - TPHCM - Hệ VLVH - Khóa 2015 - Luật Kinh Tế', '', '', 'vl', ' Vừa làm vừa học', '0'),
	('C3', 'C3222703', 'C3201', ' TT CT Quận 3 - Khóa 2023 - VB2 - Ngôn Ngữ Anh', '', '', 'tx', ' Đào tạo từ xa', '0'),
	('C4', '_TRANOTXC4', 'C4001', ' Lớp có môn học tổ chức thi trả nợ hình thức Đào tạo từ xa', '', '', 'tx', ' Đào tạo từ xa', '22'),
	('CA', '_TRANOVLCA', 'CA003', ' Lớp có môn học tổ chức thi trả nợ hình thức Vừa làm vừa học', '', '', 'vl', ' Vừa làm vừa học', '25'),
	('CC', '_TRANOTXCC', 'CC001', ' Củ Chi: tổ chức thi trả nợ hình thức ĐTTX', '', '', 'tx', ' Đào tạo từ xa', '19'),
	('CL', '_TRANOTXCL', 'CL001', ' Lớp có môn học tổ chức thi trả nợ hình thức Đào tạo từ xa', '', '', 'tx', ' Đào tạo từ xa', '30'),
	('CM', '_TRANOTXCM', 'CM001', ' Lớp có môn học tổ chức thi trả nợ hình thức Đào tạo từ xa', '', '', 'tx', ' Đào tạo từ xa', '20'),
	('CN', '_TRANOTXCN', 'CN001', ' Lớp có môn học tổ chức thi trả nợ hình thức Đào tạo từ xa', '', '', 'tx', ' Đào tạo từ xa', '17'),
	('CT', 'CT108212', 'CT102', ' Cần Thơ - Khóa 2009 - Xây Dựng', '', '', 'tx', ' Đào tạo từ xa', '0'),
	('DA', 'DA11132', 'DA103', ' Dĩ An - Khóa 2011 - Luật Kinh Tế', '', '', 'tx', ' Đào tạo từ xa', '0'),
	('DG', 'DG314322D', 'DG305', ' Đắk Nông/Tuy Đức - VLVH - Khóa 2015 - Luật Kinh Tế', '1569', '31/12/2015', 'vl', ' Vừa làm vừa học', '32'),
	('DH', '_TRANOVLDH', 'DH003', ' Lớp có môn học tổ chức thi trả nợ hình thức Vừa làm vừa học', '', '', 'vl', ' Vừa làm vừa học', '25'),
	('GD', '_TRANOTXGD', 'GD001', ' Gia Định: tổ chức thi trả nợ hình thức ĐTTX', '', '', 'tx', ' Đào tạo từ xa', '22'),
	('GI', 'GL11634I', 'GL105', ' Ia Grai/Gia Lai - ĐTTX - Khóa 2016 - Luật', '', '', 'tx', ' Đào tạo từ xa', '0'),
	('GK', 'GL122343K', 'GL113', ' K  Rông Pa / Gia Lai - Khóa 2023 - ĐTTX - VB1 - Luật', '', '', 'tx', ' Đào tạo từ xa', '32'),
	('GL', '_TRANOTXGI', 'GI001', ' Lớp có môn học tổ chức thi trả nợ hình thức Đào tạo từ xa', '', '', 'tx', ' Đào tạo từ xa', '32'),
	('GM', '_TRANOTXGM', 'GM001', ' MANG YANG GIA LAI : tổ chức thi trả nợ hình thức ĐTTX', '', '', 'tx', ' Đào tạo từ xa', '32'),
	('GO', '_TRANOTXGO', 'GO001', ' Lớp có môn học tổ chức thi trả nợ hình thức Đào tạo từ xa', '', '', 'tx', ' Đào tạo từ xa', '32'),
	('GP', '_TRANOTXGP', 'GP001', ' Lớp có môn học tổ chức thi trả nợ hình thức Đào tạo từ xa', '', '', 'tx', ' Đào tạo từ xa', '32'),
	('GS', '_TRANOTXGS', 'GS001', ' Lớp có môn học tổ chức thi trả nợ hình thức Đào tạo từ xa', '', '', 'tx', ' Đào tạo từ xa', '32'),
	('GU', 'GL117341U', 'GL108', ' Chư Pư / Gia Lai - Khóa 2018 - ĐTTX - VB1 - Luật', '1305', '03/08/2018', 'tx', ' Đào tạo từ xa', '32'),
	('HG', '_TRANOVLHG', 'HG003', ' Lớp có môn học tổ chức thi trả nợ hình thức Vừa làm vừa học', '', '', 'vl', ' Vừa làm vừa học', '29'),
	('HM', '_TRANOTXHM', 'HM003', ' Hóc Môn: tổ chức thi trả nợ hình thức ĐTTX', '', '', 'tx', ' Đào tạo từ xa', '0'),
	('HV', '_TRANOTXHV', 'HV001', ' HV Chính trị khu vực 2: tổ chức thi trả nợ hình thức ĐTTX', '', '', 'tx', ' Đào tạo từ xa', '25'),
	('KG', 'KG111412', 'KG105', ' Kiên Giang - Khóa 2012 - Quản trị kinh doanh', '', '', 'tx', ' Đào tạo từ xa', '0'),
	('KH', '_TRANOTXKH', 'KH001', ' Lớp có môn học tổ chức thi trả nợ hình thức Đào tạo từ xa', '', '', 'tx', ' Đào tạo từ xa', '22'),
	('LA', 'LA11041', 'LA109', ' Long An - Khóa 2010 - Quản Trị Kinh Doanh', '', '', 'tx', ' Đào tạo từ xa', '0'),
	('LB', 'LB113322', 'LB101', ' Long Bình - Khóa 2014 - Luật Kinh Tế', '', '', 'tx', ' Đào tạo từ xa', '0'),
	('LC', '_TRANOVLLC', 'LC003', ' Lớp có môn học tổ chức thi trả nợ hình thức Vừa làm vừa học', '', '', 'vl', ' Vừa làm vừa học', '25'),
	('LD', '_TRANOVLLD', 'LD003', ' Lớp có môn học tổ chức thi trả nợ hình thức Vừa làm vừa học', '', '', 'vl', ' Vừa làm vừa học', '19'),
	('LG', 'TH11634L', 'TH124', ' Lagi / Bình Thuận - Khóa 2017 - ĐTTX - VB1 - Luật', '', '', 'tx', ' Đào tạo từ xa', '0'),
	('LH', 'LA11662H', 'LA126', ' Đức Hòa - ĐTTX - Khóa 2016 - Công Tác Xã Hội', '', '', 'tx', ' Đào tạo từ xa', '0'),
	('LT', '_TRANOVLLT', 'LT003', ' Lớp có môn học tổ chức thi trả nợ hình thức Vừa làm vừa học', '', '', 'vl', ' Vừa làm vừa học', '0'),
	('MD', 'CM21632D', 'CM202B', ' Cà Mau (H. Đầm Dơi) - Khóa 2016 - VB.2 - Luật KT', '', '', 'tx', ' Đào tạo từ xa', '0'),
	('MR', '_TRANOTXMR', 'MR001', ' Lớp có môn học tổ chức thi trả nợ hình thức Đào tạo từ xa', '', '', 'tx', ' Đào tạo từ xa', '0'),
	('NB', '_TRANOTXNB', 'NB001', ' Các môn thi trả nợ ( HTĐTTX)', '', '', 'tx', ' Đào tạo từ xa', '17'),
	('NH', '_TRANOTXNH', 'NH001', ' Lớp có môn học tổ chức thi trả nợ hình thức Đào tạo từ xa', '', '', 'tx', ' Đào tạo từ xa', '0'),
	('NT', '_TRANOTXNT', 'NT001', ' Lớp có môn học tổ chức thi trả nợ hình thức Đào tạo từ xa', '', '', 'tx', ' Đào tạo từ xa', '22'),
	('NU', 'NU31462', 'NU305', ' Trường CBPN - Hệ VLVH - Khóa 2014 - Công Tác Xã Hội', '', '', 'vl', ' Vừa làm vừa học', '0'),
	('NX', '_TRANOTXNX', 'NX001', ' Nhị Xuân-TNXP: tổ chức thi trả nợ hình thức ĐTTX', '', '', 'tx', ' Đào tạo từ xa', '22'),
	('OM', '_TRANOTXOM', 'CM001', ' Lớp có môn học tổ chức thi trả nợ hình thức Đào tạo từ xa', '', '', 'tx', ' Đào tạo từ xa', '0'),
	('PG', 'PG314322', 'PG301', ' Cần Giờ - TPHCM - Hệ VLVH - Khóa 2015 - Luật Kinh Tế', '', '', 'vl', ' Vừa làm vừa học', '0'),
	('PL', 'PL11231', 'PL102', ' Phước Long/Bình Phước - K 2012 - Kinh tế Luật', '', '', 'tx', ' Đào tạo từ xa', '0'),
	('PN', 'PN117321', 'PN101', ' Phú Nhuận/HCM - Khóa 2018- Luật Kinh Tế', '548', '26/03/2018', 'tx', ' Đào tạo từ xa', '24'),
	('PQ', 'PQ112322', 'PQ102', ' Phú Quốc (Kiên Giang) - Khóa 2013 - Luật Kinh Tế', '', '', 'tx', ' Đào tạo từ xa', '0'),
	('PT', 'PT111322', 'PT101', ' Tân Phú (TP.HCM) - Khóa 2012 - Luật Kinh Tế', '', '', 'tx', ' Đào tạo từ xa', '0'),
	('PY', '_TRANOVLPY', 'PY003', ' Lớp có môn học tổ chức thi trả nợ hình thức Vừa làm vừa học', '', '', 'vl', ' Vừa làm vừa học', '22'),
	('Q1', 'Q1115322', 'Q1101', ' Quận 1 - ĐTTX - Khóa 2016 - Luật Kinh Tế', '363', '01/03/2016', 'tx', ' Đào tạo từ xa', '22'),
	('Q2', '_TRANOTXQ2', 'Q2001', ' Quận 2: tổ chức thi trả nợ hình thức ĐTTX', '', '', 'tx', ' Đào tạo từ xa', '19'),
	('Q4', '_TRANOTXQ4', 'Q4001', ' BCH QS Quận 4: tổ chức thi trả nợ hình thức ĐTTX', '', '', 'tx', ' Đào tạo từ xa', '20'),
	('Q5', 'Q5314322', 'Q5301', ' Quận 5 - Hệ VLVH - Khóa 2015 - Luật Kinh Tế', '', '', 'vl', ' Vừa làm vừa học', '0'),
	('Q6', 'Q6219703', 'Q6201', ' Quận 6 - Khóa 2020 - VB2 - Ngôn Ngữ Anh', '245', '31/08/2020', 'tx', ' Đào tạo từ xa', '28'),
	('Q8', 'Q8113322', 'Q8102', ' Quận 8 - TP.HCM- Khóa 2014 - Luật Kinh Tế', '772', '11/08/2014', 'tx', ' Đào tạo từ xa', '19'),
	('QG', 'QG1203221', 'QG101', ' BCH QS Gò Vấp - ĐTTX - Khóa 2021 - Luật Kinh Tế', '969', '03/06/2023', 'tx', ' Đào tạo từ xa', '20'),
	('QH', 'QH119323', 'QH101', ' BCH QS Hóc môn - ĐTTX - Khóa 2020 - Luật Kinh Tế', '1612a', '04/09/2020', 'tx', ' Đào tạo từ xa', '20'),
	('QP', 'QP121322', 'QP101', ' ĐTTX VB1 LUẬT KINH TẾ  BCH QS PHÚ NHUẬN', '483', '24/03/2022', 'tx', ' Đào tạo từ xa', '20'),
	('SB', '_TRANOTXSB', 'SB001', ' Lớp có môn học tổ chức thi trả nợ hình thức Đào tạo từ xa', '', '', 'tx', ' Đào tạo từ xa', '0'),
	('SD', 'SD111322', 'SD108', ' Sa Đéc/Đồng Tháp (TCT) - Khóa 2012 - Luật Kinh tế', '', '', 'tx', ' Đào tạo từ xa', '0'),
	('SG', '_BOSUNGTXSG', 'SG002', ' Lớp học bổ sung các môn tại Sài Gòn Tourist', '', '', 'tx', ' Đào tạo từ xa', '0'),
	('ST', 'ST222703A', 'ST001', ' ĐTTX VB2 NGÔN NGỮ ANH ( LỚP A ) - ĐH SP TDTT K 2023', '', '', 'tx', ' Đào tạo từ xa', '0'),
	('T2', 'T2110312', 'T2101', ' Trường 2 - Lâm Đồng (TNXP) - Khóa 2011 - Kinh tế luật', '', '', 'tx', ' Đào tạo từ xa', '0'),
	('T3', 'T311332', 'T3101', ' Trường 3 (Phú Giáo) - Khóa 9/2013 - Luật Kinh tế', '', '', 'tx', ' Đào tạo từ xa', '0'),
	('TB', '_TRANOTXTB', 'TB001', ' Tân Bình: tổ chức thi trả nợ hình thức ĐTTX', '', '', 'tx', ' Đào tạo từ xa', '19'),
	('TE', '_TRANOTXTE', 'TE001', ' Lớp có môn học tổ chức thi trả nợ hình thức Đào tạo từ xa', '', '', 'tx', ' Đào tạo từ xa', '35'),
	('TG', 'TG108212', 'TG102', ' Tiền Giang - Khóa 1/2009 - Xây Dựng', '', '', 'tx', ' Đào tạo từ xa', '0'),
	('TH', '_TRANOTXLG', 'LG001', ' Lớp có môn học tổ chức thi trả nợ hình thức Đào tạo từ xa', '', '', 'tx', ' Đào tạo từ xa', '27'),
	('TM', '_TRANOVLTM', 'TM003', ' Lớp có môn học tổ chức thi trả nợ hình thức Vừa làm vừa học', '', '', 'vl', ' Vừa làm vừa học', '25'),
	('TN', '_TRANOTXTN', 'TN001', ' Lớp có môn học tổ chức thi trả nợ hình thức Đào tạo từ xa', '', '', 'tx', ' Đào tạo từ xa', '19'),
	('TR', '_TRANOTXTR', 'TR001', ' Lớp có môn học tổ chức thi trả nợ hình thức Đào tạo từ xa', '', '', 'tx', ' Đào tạo từ xa', '17'),
	('TT', 'TT112322', 'TT101', ' TT. GDTX Tôn Đức Thắng - K.2013 - Luật Kinh Tế', '', '', 'tx', ' Đào tạo từ xa', '0'),
	('TV', 'TV31432', 'TV301', ' Trà Vinh - Hệ VHVL - Khóa 2014 - Luật Kinh Tế', '12', '20/01/2015', 'vl', ' Vừa làm vừa học', '0'),
	('VD', 'VD517412', 'VD501', ' Tr CĐ Viễn Đông - Khóa 2018 - LT - ĐTTX -Quản Trị Kinh Doanh', '', '', 'tx', ' Đào tạo từ xa', '0'),
	('VM', '_TRANOTXVM', 'VM001', ' CĐ Việt-Mỹ: tổ chức thi trả nợ hình thức ĐTTX', '', '', 'tx', ' Đào tạo từ xa', '25'),
	('VS', 'VS222343', 'VS201', ' CĐ Việt SINGAPORE - ĐTTX - Khóa 2023 - VB2  LUẬT', '', '', 'tx', ' Đào tạo từ xa', '28'),
	('VT', '_TRANOTXVT', 'VT001', ' Lớp có môn học tổ chức thi trả nợ hình thức Đào tạo từ xa', '', '', 'tx', ' Đào tạo từ xa', '27'),
	('XL', '_TRANOTXXL', 'XL001', ' Lớp có môn học tổ chức thi trả nợ hình thức Đào tạo từ xa', '', '', 'tx', ' Đào tạo từ xa', '28'),
	('XO', '_TRANOTXXO', 'XO001', ' Lớp có môn học tổ chức thi trả nợ hình thức Đào tạo từ xa', '', '', 'tx', ' Đào tạo từ xa', '22'),
	('YK', 'YK11162', 'YT103', ' TT.ĐTBD CB DS - Bộ Y Tế/ Kiên Giang - Khóa 2011 - CTXH', '', '', 'tx', ' Đào tạo từ xa', '0');

-- Dumping structure for table theodoihocphi.permission
DROP TABLE IF EXISTS `permission`;
CREATE TABLE IF NOT EXISTS `permission` (
  `permission` varchar(100) COLLATE utf8_unicode_ci NOT NULL,
  `descript` varchar(500) COLLATE utf8_unicode_ci DEFAULT NULL,
  PRIMARY KEY (`permission`)
) ENGINE=InnoDB DEFAULT CHARSET=utf8 COLLATE=utf8_unicode_ci;

-- Dumping data for table theodoihocphi.permission: ~6 rows (approximately)
INSERT INTO `permission` (`permission`, `descript`) VALUES
	('account', 'Kế toán'),
	('admin', 'Administrator'),
	('ADMIN_DVLK', 'admin đơn vị liên kết'),
	('hoc_lieu', 'Học liệu'),
	('leader', 'Lãnh đạo'),
	('QLV', 'Quản lý vùng');

-- Dumping structure for table theodoihocphi.permission_action
DROP TABLE IF EXISTS `permission_action`;
CREATE TABLE IF NOT EXISTS `permission_action` (
  `ID` int(11) NOT NULL AUTO_INCREMENT,
  `permission` varchar(100) COLLATE utf8_unicode_ci NOT NULL,
  `action` varchar(100) COLLATE utf8_unicode_ci NOT NULL,
  PRIMARY KEY (`ID`,`permission`,`action`),
  KEY `fk_per_ac` (`permission`),
  KEY `fk_ac_per` (`action`),
  CONSTRAINT `fk_ac_per` FOREIGN KEY (`action`) REFERENCES `action` (`action`) ON DELETE CASCADE ON UPDATE CASCADE,
  CONSTRAINT `fk_per_ac` FOREIGN KEY (`permission`) REFERENCES `permission` (`permission`) ON DELETE CASCADE ON UPDATE CASCADE
) ENGINE=InnoDB AUTO_INCREMENT=1523 DEFAULT CHARSET=utf8 COLLATE=utf8_unicode_ci;

-- Dumping data for table theodoihocphi.permission_action: ~53 rows (approximately)
INSERT INTO `permission_action` (`ID`, `permission`, `action`) VALUES
	(114, 'account', 'accounting'),
	(144, 'account', 'reset_password'),
	(1117, 'account', 'guide'),
	(1359, 'account', 'revenue'),
	(1519, 'account', 'search'),
	(1521, 'account', 'list_student'),
	(1522, 'account', 'one_student'),
	(54, 'admin', 'course_ware'),
	(55, 'admin', 'list_student'),
	(57, 'admin', 'statistical'),
	(71, 'admin', 'accounting'),
	(74, 'admin', 'get_class'),
	(107, 'admin', 'search'),
	(142, 'admin', 'reset_password'),
	(1118, 'admin', 'guide'),
	(1226, 'admin', 'subject_register'),
	(1281, 'admin', 'one_student'),
	(1360, 'admin', 'revenue'),
	(1482, 'admin', 'register'),
	(1499, 'ADMIN_DVLK', 'accounting'),
	(1500, 'ADMIN_DVLK', 'course_ware'),
	(1501, 'ADMIN_DVLK', 'get_class'),
	(1502, 'ADMIN_DVLK', 'guide'),
	(1503, 'ADMIN_DVLK', 'list_student'),
	(1504, 'ADMIN_DVLK', 'one_student'),
	(1505, 'ADMIN_DVLK', 'reset_password'),
	(1506, 'ADMIN_DVLK', 'revenue'),
	(1507, 'ADMIN_DVLK', 'search'),
	(1508, 'ADMIN_DVLK', 'statistical'),
	(1509, 'ADMIN_DVLK', 'subject_register'),
	(109, 'hoc_lieu', 'course_ware'),
	(1119, 'hoc_lieu', 'guide'),
	(1227, 'hoc_lieu', 'subject_register'),
	(1282, 'hoc_lieu', 'one_student'),
	(1361, 'hoc_lieu', 'revenue'),
	(100, 'leader', 'list_student'),
	(101, 'leader', 'get_class'),
	(103, 'leader', 'search'),
	(104, 'leader', 'statistical'),
	(1006, 'leader', 'reset_password'),
	(1120, 'leader', 'guide'),
	(1228, 'leader', 'subject_register'),
	(1283, 'leader', 'one_student'),
	(1362, 'leader', 'revenue'),
	(1510, 'QLV', 'get_class'),
	(1511, 'QLV', 'guide'),
	(1512, 'QLV', 'list_student'),
	(1513, 'QLV', 'one_student'),
	(1514, 'QLV', 'reset_password'),
	(1515, 'QLV', 'revenue'),
	(1516, 'QLV', 'search'),
	(1517, 'QLV', 'statistical'),
	(1518, 'QLV', 'subject_register');

-- Dumping structure for table theodoihocphi.receipt_book
DROP TABLE IF EXISTS `receipt_book`;
CREATE TABLE IF NOT EXISTS `receipt_book` (
  `ID_receipt` varchar(100) COLLATE utf8_unicode_ci NOT NULL,
  `ID_dvlk` varchar(5) COLLATE utf8_unicode_ci DEFAULT NULL,
  `dvlk` varchar(255) COLLATE utf8_unicode_ci DEFAULT NULL,
  `ID_semester` varchar(45) COLLATE utf8_unicode_ci DEFAULT NULL,
  `semester` varchar(100) COLLATE utf8_unicode_ci DEFAULT NULL,
  `start_day` date DEFAULT NULL,
  `end_day` date DEFAULT NULL,
  `create_day` date DEFAULT NULL,
  `status` varchar(45) COLLATE utf8_unicode_ci DEFAULT NULL,
  PRIMARY KEY (`ID_receipt`)
) ENGINE=InnoDB DEFAULT CHARSET=utf8 COLLATE=utf8_unicode_ci;

-- Dumping data for table theodoihocphi.receipt_book: ~0 rows (approximately)

-- Dumping structure for table theodoihocphi.student_accounting
DROP TABLE IF EXISTS `student_accounting`;
CREATE TABLE IF NOT EXISTS `student_accounting` (
  `mssv` varchar(45) COLLATE utf8_unicode_ci NOT NULL,
  `first_name` varchar(100) COLLATE utf8_unicode_ci DEFAULT NULL,
  `last_name` varchar(100) COLLATE utf8_unicode_ci DEFAULT NULL,
  `id_group` varchar(100) COLLATE utf8_unicode_ci DEFAULT NULL,
  `id_bill` varchar(100) COLLATE utf8_unicode_ci NOT NULL,
  `fee_bill` varchar(100) COLLATE utf8_unicode_ci DEFAULT NULL,
  `pay_date` varchar(100) COLLATE utf8_unicode_ci DEFAULT NULL,
  `ghiChu` varchar(500) COLLATE utf8_unicode_ci DEFAULT NULL,
  `ID_accounting` varchar(100) COLLATE utf8_unicode_ci DEFAULT NULL,
  PRIMARY KEY (`id_bill`),
  KEY `fk_accounting` (`ID_accounting`),
  CONSTRAINT `fk_accounting` FOREIGN KEY (`ID_accounting`) REFERENCES `accounting` (`ID_accounting`) ON DELETE CASCADE ON UPDATE CASCADE
) ENGINE=InnoDB DEFAULT CHARSET=utf8 COLLATE=utf8_unicode_ci;

-- Dumping data for table theodoihocphi.student_accounting: ~349 rows (approximately)
INSERT INTO `student_accounting` (`mssv`, `first_name`, `last_name`, `id_group`, `id_bill`, `fee_bill`, `pay_date`, `ghiChu`, `ID_accounting`) VALUES
	('34193016BH2', 'Nguyễn Văn', 'Hiếu', NULL, '00206184', '2320000', '2022-10-23 09:08:34.000', NULL, 'BH221001221031'),
	('34202005BH2', 'Nguyễn Minh', 'Sang', NULL, '00206198', '580000', '2022-10-28 12:20:13.000', NULL, 'BH221001221031'),
	('34202006BH2', 'Nguyễn Thanh', 'Loan', NULL, '00206200', '580000', '2022-10-27 20:10:35.000', NULL, 'BH221001221031'),
	('34202007BH2', 'Lê Thị Hồng', 'Phương', NULL, '00206201', '580000', '2022-10-29 08:20:12.000', NULL, 'BH221001221031'),
	('34202005BH2', 'Nguyễn Minh', 'Sang', NULL, '00206309', '870000', '2022-10-28 12:21:13.000', NULL, 'BH221001221031'),
	('34202006BH2', 'Nguyễn Thanh', 'Loan', NULL, '00206310', '870000', '2022-10-28 12:14:41.000', NULL, 'BH221001221031'),
	('34202007BH2', 'Lê Thị Hồng', 'Phương', NULL, '00206311', '870000', '2022-10-29 08:22:23.000', NULL, 'BH221001221031'),
	('34202008BH2', 'Bùi Viết', 'Trình', NULL, '00206312', '870000', '2022-10-29 09:14:58.000', NULL, 'BH221001221031'),
	('34202035BH2', 'Dương Hồng', 'Nam', NULL, '00206319', '1740000', '2022-10-28 09:21:23.090', NULL, 'BH221001221031'),
	('34193016BH2', 'Nguyễn Văn', 'Hiếu', NULL, '00206636', '1450000', '2022-10-19 14:39:17.000', NULL, 'BH221001221031'),
	('41201007TPE2', 'Vũ Minh', 'Hùng', NULL, '00212061', '4800000', '2022-10-06 15:05:44.377', NULL, 'BH221001221031'),
	('43202024TPE2', 'Lê', 'Lợi', NULL, '00212133', '7680000', '2022-10-21 15:36:41.000', NULL, 'BH221001221031'),
	('342120008BH', 'Lê Kim', 'Ngân', NULL, '00213924', '1740000', '2022-10-17 06:56:21.960', NULL, 'BH221001221031'),
	('341930008BH', 'Hoàng Trung', 'Kiên', NULL, '00213929', '1740000', '2022-10-28 09:20:50.657', NULL, 'BH221001221031'),
	('341930050BH', 'Nguyễn Thị', 'Liên', NULL, '00213932', '2320000', '2022-10-28 16:17:24.630', NULL, 'BH221001221031'),
	('34202028BH2', 'Nguyễn Thị', 'Phượng', NULL, '00213965', '1740000', '2022-10-24 11:36:17.000', NULL, 'BH221001221031'),
	('34202014BH2', 'Nguyễn Hoàng', 'Long', NULL, '00213973', '1740000', '2022-10-28 08:00:43.000', NULL, 'BH221001221031'),
	('70212028C42', 'Trần Mai', 'Chí', NULL, '00215011', '3960000', '2023-07-07 14:07:28.000', NULL, 'C4230401230731'),
	('70212028C42', 'Trần Mai', 'Chí', NULL, '00215034', '4620000', '2023-07-07 14:07:02.000', NULL, 'C4230401230731'),
	('70212013C42', 'Hà Thị Thanh', 'Nam', NULL, '00215040', '4620000', '2023-07-02 19:31:21.000', NULL, 'C4230401230731'),
	('70212023C42', 'Trần Thị Thanh', 'Thảo', NULL, '00215043', '4620000', '2023-07-28 08:50:41.223', NULL, 'C4230401230731'),
	('70212029C42', 'Nguyễn Thị Hà', 'Nam', NULL, '00215044', '4620000', '2023-07-16 08:32:06.000', NULL, 'C4230401230731'),
	('70212002C42', 'Huỳnh Mỹ', 'Duyên', NULL, '00215045', '4620000', '2023-07-06 15:32:30.000', NULL, 'C4230401230731'),
	('70212024C42', 'Nguyễn Đức', 'Thắng', NULL, '00215056', '4620000', '2023-07-12 14:08:06.957', NULL, 'C4230401230731'),
	('341930033BH', 'Lê Thị Ngọc', 'Bích', NULL, '00215540', '580000', '2022-10-18 15:34:19.403', NULL, 'BH221001221031'),
	('341930033BH', 'Lê Thị Ngọc', 'Bích', NULL, '00215541', '580000', '2022-10-18 15:34:16.930', NULL, 'BH221001221031'),
	('341930037BH', 'Nguyễn Thị Thảo', 'Linh', NULL, '00215548', '580000', '2022-10-18 15:37:26.190', NULL, 'BH221001221031'),
	('34202003BH2', 'Trần Thị Giai', 'Duyên', NULL, '00215557', '1740000', '2022-10-25 07:18:47.000', NULL, 'BH221001221031'),
	('34202005BH2', 'Nguyễn Minh', 'Sang', NULL, '00215558', '1160000', '2022-10-28 12:23:57.000', NULL, 'BH221001221031'),
	('34202010BH2', 'Nguyễn Ngọc', 'Thái', NULL, '00215559', '580000', '2022-10-29 08:58:47.477', NULL, 'BH221001221031'),
	('34212013BH2', 'Vũ Thị Thu', 'Trang', NULL, '00215561', '580000', '2022-10-28 11:49:07.000', NULL, 'BH221001221031'),
	('34202009BH2', 'Ung Ngọc Thủy', 'Tiên', NULL, '00215562', '580000', '2022-10-24 10:06:05.393', NULL, 'BH221001221031'),
	('34202006BH2', 'Nguyễn Thanh', 'Loan', NULL, '00215564', '1160000', '2022-10-28 12:16:21.000', NULL, 'BH221001221031'),
	('34202044BH2', 'Trần Thị', 'Nhu', NULL, '00215565', '1740000', '2022-10-29 10:27:35.000', NULL, 'BH221001221031'),
	('34212023BH2', 'Nguyễn Thị Ngọc', 'Trinh', NULL, '00215567', '2610000', '2022-10-29 08:56:43.127', NULL, 'BH221001221031'),
	('34202038BH2', 'Trần Trung', 'Tín', NULL, '00215568', '1740000', '2022-10-24 07:22:44.000', NULL, 'BH221001221031'),
	('34202029BH2', 'Phạm Trường', 'Ân', NULL, '00215570', '1740000', '2022-10-27 09:22:48.000', NULL, 'BH221001221031'),
	('34202007BH2', 'Lê Thị Hồng', 'Phương', NULL, '00215572', '1160000', '2022-10-29 08:23:01.000', NULL, 'BH221001221031'),
	('34212032BH2', 'Lê Thị Thu', 'Thảo', NULL, '00215578', '2610000', '2022-10-29 09:03:06.640', NULL, 'BH221001221031'),
	('341920004XO', 'Đoàn Tiến', 'Doanh', NULL, '00215873', '1740000', '2022-10-14 16:14:22.797', NULL, 'BH221001221031'),
	('70202030BB2', 'Lê Minh', 'Bình', NULL, '00217590', '5940000', '2023-02-02 15:24:38.000', NULL, 'BB210101230303'),
	('70202002BB2', 'Nguyễn Thị Ngọc', 'Diễm', NULL, '00217591', '5940000', '2023-02-02 15:00:28.000', NULL, 'BB210101230303'),
	('70202023BB2', 'Phan Thành', 'Đồng', NULL, '00217592', '5940000', '2023-02-02 15:18:52.000', NULL, 'BB210101230303'),
	('70202051BB2', 'Lê Tuấn', 'Dũng', NULL, '00217593', '5940000', '2023-02-02 15:38:28.000', NULL, 'BB210101230303'),
	('70202007BB2', 'Võ Vinh', 'Hiền', NULL, '00217594', '5940000', '2023-02-02 15:04:52.000', NULL, 'BB210101230303'),
	('70202006BB2', 'Trần Văn', 'Hiệp', NULL, '00217595', '5940000', '2023-02-02 15:02:33.000', NULL, 'BB210101230303'),
	('70202056BB2', 'Nguyễn Thanh', 'Hoàng', NULL, '00217596', '5940000', '2023-02-02 15:45:45.000', NULL, 'BB210101230303'),
	('70202029BB2', 'Hứa Thị Phương', 'Hồng', NULL, '00217597', '5940000', '2023-02-02 15:23:10.000', NULL, 'BB210101230303'),
	('70202045BB2', 'Lê Hoàng Quốc', 'Hưng', NULL, '00217598', '5940000', '2023-02-02 15:32:55.000', NULL, 'BB210101230303'),
	('70202052BB2', 'Nguyễn Thị Mỹ', 'Linh', NULL, '00217599', '5940000', '2023-02-02 15:40:05.000', NULL, 'BB210101230303'),
	('70202037BB2', 'Huỳnh Thị', 'Út', NULL, '00217600', '5940000', '2023-02-02 15:28:03.000', NULL, 'BB210101230303'),
	('70202034BB2', 'Trần Thị', 'Hương', NULL, '00217601', '5940000', '2023-02-02 15:26:46.000', NULL, 'BB210101230303'),
	('70202010BB2', 'Võ Phi', 'Long', NULL, '00217602', '5940000', '2023-02-02 15:08:55.000', NULL, 'BB210101230303'),
	('70202016BB2', 'Võ Thị Kiều', 'Oanh', NULL, '00217603', '5940000', '2023-02-02 15:12:19.000', NULL, 'BB210101230303'),
	('70202053BB2', 'Huỳnh Thanh', 'Long', NULL, '00217604', '5940000', '2023-02-02 15:42:15.000', NULL, 'BB210101230303'),
	('70202038BB2', 'Nguyễn Thị Bé', 'Hương', NULL, '00217605', '5940000', '2023-02-02 15:29:23.000', NULL, 'BB210101230303'),
	('70202027BB2', 'Trương Ngọc Thanh', 'Nhân', NULL, '00217606', '5940000', '2023-02-02 15:21:31.000', NULL, 'BB210101230303'),
	('70202044BB2', 'Nguyễn Thị Thanh', 'Nga', NULL, '00217607', '5940000', '2023-02-02 15:30:58.000', NULL, 'BB210101230303'),
	('70202047BB2', 'Phạm Thị', 'Hường', NULL, '00217608', '5940000', '2023-02-02 15:34:37.000', NULL, 'BB210101230303'),
	('70202050BB2', 'Lê Hoàng Nguyên', 'Trúc', NULL, '00217609', '5940000', '2023-02-02 15:37:09.000', NULL, 'BB210101230303'),
	('70202013BB2', 'Phạm Thị Ngọc', 'Mai', NULL, '00217610', '5940000', '2023-02-02 15:10:39.000', NULL, 'BB210101230303'),
	('70202008BB2', 'Trần Thanh', 'Huy', NULL, '00217611', '5940000', '2023-02-02 15:07:15.000', NULL, 'BB210101230303'),
	('70202055BB2', 'Võ Minh', 'Thành', NULL, '00217612', '5940000', '2023-02-02 15:43:46.000', NULL, 'BB210101230303'),
	('342020010BH', 'Lê Du', 'Long', NULL, '00217949', '2320000', '2022-10-27 15:27:18.757', NULL, 'BH221001221031'),
	('342020024BH', 'Lê Thị Kiều', 'Oanh', NULL, '00217956', '2320000', '2022-10-28 09:33:46.303', NULL, 'BH221001221031'),
	('342020007BH', 'Đỗ Thị Bích', 'Quyên', NULL, '00217961', '3190000', '2022-10-29 09:25:45.000', NULL, 'BH221001221031'),
	('34202034BH2', 'Nguyễn Thị', 'Na', NULL, '00217962', '1740000', '2022-10-28 10:16:57.000', NULL, 'BH221001221031'),
	('34202008BH2', 'Bùi Viết', 'Trình', NULL, '00217966', '1740000', '2022-10-29 09:15:30.000', NULL, 'BH221001221031'),
	('34202017BH2', 'Trương Văn', 'Dũng', NULL, '00217967', '1740000', '2022-10-28 09:35:35.590', NULL, 'BH221001221031'),
	('34202033BH2', 'Nguyễn Văn', 'Mạnh', NULL, '00217970', '1740000', '2022-10-27 09:50:30.000', NULL, 'BH221001221031'),
	('34202043BH2', 'Ngô Trương Thanh', 'Dũng', NULL, '00218584', '1740000', '2022-10-28 15:09:50.000', NULL, 'BH221001221031'),
	('34202004BH2', 'Nguyễn Thị', 'Diễm', NULL, '00218585', '1740000', '2022-10-28 15:46:34.000', NULL, 'BH221001221031'),
	('34202046BH2', 'Vương Tấn', 'Vinh', NULL, '00218587', '1740000', '2022-10-28 15:01:08.000', NULL, 'BH221001221031'),
	('34202030BH2', 'Nguyễn Thị Thanh', 'Huyền', NULL, '00218589', '1740000', '2022-10-24 15:11:14.000', NULL, 'BH221001221031'),
	('342020007BH', 'Đỗ Thị Bích', 'Quyên', NULL, '00223300', '2610000', '2022-10-29 09:25:10.000', NULL, 'BH221001221031'),
	('70202048BB2', 'Võ Kim', 'Quyên', NULL, '00225533', '2970000', '2022-11-18 10:24:20.000', NULL, 'BB210101230303'),
	('70202046BB2', 'Lại Ngọc', 'Phượng', NULL, '00225534', '2970000', '2022-11-18 10:22:49.000', NULL, 'BB210101230303'),
	('70202037BB2', 'Huỳnh Thị', 'Út', NULL, '00225535', '2970000', '2022-11-18 10:15:08.000', NULL, 'BB210101230303'),
	('70202054BB2', 'Huỳnh Thị Ngọc', 'Phê', NULL, '00225536', '2970000', '2022-11-18 10:30:47.000', NULL, 'BB210101230303'),
	('70202045BB2', 'Lê Hoàng Quốc', 'Hưng', NULL, '00225537', '2970000', '2022-11-18 10:21:17.000', NULL, 'BB210101230303'),
	('70202040BB2', 'Lê Thị Cẩm', 'Liên', NULL, '00225538', '2970000', '2022-11-18 10:17:38.000', NULL, 'BB210101230303'),
	('70202044BB2', 'Nguyễn Thị Thanh', 'Nga', NULL, '00225539', '2970000', '2022-11-18 10:20:54.000', NULL, 'BB210101230303'),
	('70202052BB2', 'Nguyễn Thị Mỹ', 'Linh', NULL, '00225540', '2970000', '2022-11-18 10:28:46.000', NULL, 'BB210101230303'),
	('70202041BB2', 'Trần Thị Ngọc', 'Nữ', NULL, '00225541', '2970000', '2022-11-18 10:18:12.000', NULL, 'BB210101230303'),
	('70202053BB2', 'Huỳnh Thanh', 'Long', NULL, '00225542', '2970000', '2022-11-18 10:30:20.000', NULL, 'BB210101230303'),
	('70202049BB2', 'Trương Thị', 'Trâm', NULL, '00225543', '2970000', '2022-11-18 10:25:10.000', NULL, 'BB210101230303'),
	('70202039BB2', 'Nguyễn Thị Lệ', 'Tuyền', NULL, '00225544', '2970000', '2022-11-18 10:15:48.000', NULL, 'BB210101230303'),
	('70202038BB2', 'Nguyễn Thị Bé', 'Hương', NULL, '00225545', '2970000', '2022-11-18 10:15:31.000', NULL, 'BB210101230303'),
	('70202043BB2', 'Nguyễn Thị Hồng', 'Nhung', NULL, '00225546', '2970000', '2022-11-18 10:20:35.000', NULL, 'BB210101230303'),
	('70202047BB2', 'Phạm Thị', 'Hường', NULL, '00225547', '2970000', '2022-11-18 10:23:58.000', NULL, 'BB210101230303'),
	('70202035BB2', 'Quách Thụy Kiều', 'Mai', NULL, '00225548', '2970000', '2022-11-18 10:06:40.000', NULL, 'BB210101230303'),
	('70202050BB2', 'Lê Hoàng Nguyên', 'Trúc', NULL, '00225549', '2970000', '2022-11-18 10:26:44.000', NULL, 'BB210101230303'),
	('70202055BB2', 'Võ Minh', 'Thành', NULL, '00225550', '2970000', '2022-11-18 10:32:14.000', NULL, 'BB210101230303'),
	('70202036BB2', 'Nguyễn Hồng Thúy', 'Hằng', NULL, '00225551', '2970000', '2022-11-18 10:14:27.000', NULL, 'BB210101230303'),
	('70202042BB2', 'Trần Thị Ngọc', 'Trinh', NULL, '00225552', '2970000', '2022-11-18 10:18:50.000', NULL, 'BB210101230303'),
	('70202051BB2', 'Lê Tuấn', 'Dũng', NULL, '00225553', '2970000', '2022-11-18 10:27:59.000', NULL, 'BB210101230303'),
	('70202006BB2', 'Trần Văn', 'Hiệp', NULL, '00225555', '3960000', '2022-11-16 11:05:47.000', NULL, 'BB210101230303'),
	('70202016BB2', 'Võ Thị Kiều', 'Oanh', NULL, '00225556', '3960000', '2022-11-16 11:19:44.000', NULL, 'BB210101230303'),
	('70202052BB2', 'Nguyễn Thị Mỹ', 'Linh', NULL, '00225558', '3960000', '2022-11-16 11:35:05.000', NULL, 'BB210101230303'),
	('70202008BB2', 'Trần Thanh', 'Huy', NULL, '00225560', '3960000', '2022-11-16 11:10:45.000', NULL, 'BB210101230303'),
	('70202030BB2', 'Lê Minh', 'Bình', NULL, '00225566', '3960000', '2022-11-16 11:26:16.000', NULL, 'BB210101230303'),
	('70202023BB2', 'Phan Thành', 'Đồng', NULL, '00225569', '3960000', '2022-11-16 11:21:07.000', NULL, 'BB210101230303'),
	('70202029BB2', 'Hứa Thị Phương', 'Hồng', NULL, '00225573', '3960000', '2022-11-16 11:25:07.000', NULL, 'BB210101230303'),
	('70202010BB2', 'Võ Phi', 'Long', NULL, '00225575', '3960000', '2022-11-16 11:11:30.000', NULL, 'BB210101230303'),
	('70202002BB2', 'Nguyễn Thị Ngọc', 'Diễm', NULL, '00225579', '3960000', '2022-11-16 11:04:23.000', NULL, 'BB210101230303'),
	('70202047BB2', 'Phạm Thị', 'Hường', NULL, '00225580', '3960000', '2022-11-16 11:30:38.000', NULL, 'BB210101230303'),
	('70202007BB2', 'Võ Vinh', 'Hiền', NULL, '00225586', '3960000', '2022-11-16 11:10:03.000', NULL, 'BB210101230303'),
	('70202044BB2', 'Nguyễn Thị Thanh', 'Nga', NULL, '00225587', '3960000', '2022-11-16 11:29:40.000', NULL, 'BB210101230303'),
	('70202056BB2', 'Nguyễn Thanh', 'Hoàng', NULL, '00225589', '3960000', '2022-11-16 11:37:36.000', NULL, 'BB210101230303'),
	('70202055BB2', 'Võ Minh', 'Thành', NULL, '00225592', '3960000', '2022-11-16 11:36:20.000', NULL, 'BB210101230303'),
	('70202038BB2', 'Nguyễn Thị Bé', 'Hương', NULL, '00225593', '3960000', '2022-11-16 11:28:48.000', NULL, 'BB210101230303'),
	('70202051BB2', 'Lê Tuấn', 'Dũng', NULL, '00225596', '3960000', '2022-11-16 11:33:30.000', NULL, 'BB210101230303'),
	('70202045BB2', 'Lê Hoàng Quốc', 'Hưng', NULL, '00225599', '3960000', '2022-11-16 11:30:12.000', NULL, 'BB210101230303'),
	('70202037BB2', 'Huỳnh Thị', 'Út', NULL, '00225601', '3960000', '2022-11-16 11:28:26.000', NULL, 'BB210101230303'),
	('70202034BB2', 'Trần Thị', 'Hương', NULL, '00225604', '3960000', '2022-11-16 11:27:26.000', NULL, 'BB210101230303'),
	('70202050BB2', 'Lê Hoàng Nguyên', 'Trúc', NULL, '00225605', '3960000', '2022-11-16 11:31:30.000', NULL, 'BB210101230303'),
	('70202053BB2', 'Huỳnh Thanh', 'Long', NULL, '00225606', '3960000', '2022-11-16 11:35:37.000', NULL, 'BB210101230303'),
	('70202027BB2', 'Trương Ngọc Thanh', 'Nhân', NULL, '00225608', '3960000', '2022-11-16 11:21:49.000', NULL, 'BB210101230303'),
	('70202013BB2', 'Phạm Thị Ngọc', 'Mai', NULL, '00225609', '3960000', '2022-11-16 11:12:23.000', NULL, 'BB210101230303'),
	('70202037BB2', 'Huỳnh Thị', 'Út', NULL, '00225614', '3960000', '2022-12-22 16:28:32.000', NULL, 'BB210101230303'),
	('70202038BB2', 'Nguyễn Thị Bé', 'Hương', NULL, '00225615', '3960000', '2022-12-22 16:30:13.000', NULL, 'BB210101230303'),
	('70202034BB2', 'Trần Thị', 'Hương', NULL, '00225616', '3960000', '2022-12-22 16:28:01.000', NULL, 'BB210101230303'),
	('70202016BB2', 'Võ Thị Kiều', 'Oanh', NULL, '00225617', '3960000', '2022-12-22 16:14:12.000', NULL, 'BB210101230303'),
	('70202047BB2', 'Phạm Thị', 'Hường', NULL, '00225618', '3960000', '2022-12-22 16:33:09.000', NULL, 'BB210101230303'),
	('70202006BB2', 'Trần Văn', 'Hiệp', NULL, '00225620', '3960000', '2022-12-22 16:07:50.000', NULL, 'BB210101230303'),
	('70202053BB2', 'Huỳnh Thanh', 'Long', NULL, '00225623', '3960000', '2022-12-22 16:39:28.000', NULL, 'BB210101230303'),
	('70202055BB2', 'Võ Minh', 'Thành', NULL, '00225625', '3960000', '2022-12-22 16:40:09.000', NULL, 'BB210101230303'),
	('70202013BB2', 'Phạm Thị Ngọc', 'Mai', NULL, '00225626', '3960000', '2022-12-22 16:11:57.000', NULL, 'BB210101230303'),
	('70202056BB2', 'Nguyễn Thanh', 'Hoàng', NULL, '00225631', '3960000', '2022-12-22 16:40:45.000', NULL, 'BB210101230303'),
	('70202007BB2', 'Võ Vinh', 'Hiền', NULL, '00225632', '3960000', '2022-12-22 16:08:45.000', NULL, 'BB210101230303'),
	('70202051BB2', 'Lê Tuấn', 'Dũng', NULL, '00225634', '3960000', '2022-12-22 16:37:57.000', NULL, 'BB210101230303'),
	('70202029BB2', 'Hứa Thị Phương', 'Hồng', NULL, '00225636', '3960000', '2022-12-22 16:21:42.000', NULL, 'BB210101230303'),
	('70202010BB2', 'Võ Phi', 'Long', NULL, '00225637', '3960000', '2022-12-22 16:10:48.000', NULL, 'BB210101230303'),
	('70202027BB2', 'Trương Ngọc Thanh', 'Nhân', NULL, '00225639', '3960000', '2022-12-22 16:17:34.000', NULL, 'BB210101230303'),
	('70202002BB2', 'Nguyễn Thị Ngọc', 'Diễm', NULL, '00225643', '3960000', '2022-12-22 16:03:03.000', NULL, 'BB210101230303'),
	('70202044BB2', 'Nguyễn Thị Thanh', 'Nga', NULL, '00225646', '3960000', '2022-12-22 16:31:02.000', NULL, 'BB210101230303'),
	('70202045BB2', 'Lê Hoàng Quốc', 'Hưng', NULL, '00225647', '3960000', '2022-12-22 16:31:58.000', NULL, 'BB210101230303'),
	('70202052BB2', 'Nguyễn Thị Mỹ', 'Linh', NULL, '00225649', '3960000', '2022-12-22 16:38:32.000', NULL, 'BB210101230303'),
	('70202008BB2', 'Trần Thanh', 'Huy', NULL, '00225656', '3960000', '2022-12-22 16:10:02.000', NULL, 'BB210101230303'),
	('70202023BB2', 'Phan Thành', 'Đồng', NULL, '00225663', '3960000', '2022-12-22 16:16:11.000', NULL, 'BB210101230303'),
	('70202050BB2', 'Lê Hoàng Nguyên', 'Trúc', NULL, '00225664', '3960000', '2022-12-22 16:37:28.000', NULL, 'BB210101230303'),
	('70202030BB2', 'Lê Minh', 'Bình', NULL, '00225665', '3960000', '2022-12-22 16:26:19.000', NULL, 'BB210101230303'),
	('45211014TPE1', 'Nguyễn Thị', 'Kiều', NULL, '00241504', '480000', '2022-10-12 00:00:00.000', NULL, 'BH221001221031'),
	('701710008TP', 'Võ Ánh', 'Minh', NULL, '00241688', '2640000', '2022-11-10 10:38:59.000', NULL, 'BB210101230303'),
	('342020010BH', 'Lê Du', 'Long', NULL, '00290104', '580000', '2022-10-27 15:26:37.340', NULL, 'BH221001221031'),
	('342020020BH', 'Nguyễn Thị Hồng', 'Liên', NULL, '00290105', '580000', '2022-10-22 00:00:00.000', NULL, 'BH221001221031'),
	('342020007BH', 'Đỗ Thị Bích', 'Quyên', NULL, '00290115', '580000', '2022-10-29 09:27:14.000', NULL, 'BH221001221031'),
	('34193014BH2', 'Phan Duy', 'Tân', NULL, '00290123', '290000', '2022-10-19 00:00:00.000', NULL, 'BH221001221031'),
	('34193011BH2', 'Trần Minh', 'Quang', NULL, '00290128', '290000', '2022-10-18 15:36:10.607', NULL, 'BH221001221031'),
	('34212020BH2', 'Nguyễn Thị', 'Thính', NULL, '00290524', '1160000', '2022-10-27 10:43:58.010', NULL, 'BH221001221031'),
	('34202003BH2', 'Trần Thị Giai', 'Duyên', NULL, '00291309', '580000', '2022-10-25 07:18:47.000', NULL, 'BH221001221031'),
	('70201034BI2', 'Trương Minh', 'Tuấn', NULL, '00291316', '330000', '2022-10-26 16:52:32.997', NULL, 'BB210101230303'),
	('34193015BH2', 'Nguyễn Minh', 'Thảo', NULL, '00291327', '290000', '2022-10-28 08:38:44.810', NULL, 'BH221001221031'),
	('341810022TB', 'Nguyễn Lâm', 'Sung', NULL, '00291401', '330000', '2023-05-29 17:10:22.000', NULL, 'TB230401230731'),
	('70193041TP2', 'Hồ Thị Thanh', 'Hương', NULL, '00291431', '330000', '2022-10-31 21:22:53.000', NULL, 'BB210101230303'),
	('70202042TPE5', 'Nguyễn Thị Thu', 'Huệ', NULL, '00295245', '2600000', '2022-10-27 10:55:58.000', NULL, 'BH221001221031'),
	('70202054TPE5', 'Lê Thị Yến', 'Nhi', NULL, '00295271', '3120000', '2022-10-27 11:10:19.000', NULL, 'BH221001221031'),
	('70202041TPE5', 'Phan Thị Thu', 'Dung', NULL, '00295273', '2600000', '2022-10-27 11:12:32.000', NULL, 'BH221001221031'),
	('81212059TPE5', 'Phan Thị Thùy', 'Trang', NULL, '00295415', '4500000', '2022-10-30 21:38:31.000', NULL, 'BH221001221031'),
	('70212002C42', 'Huỳnh Mỹ', 'Duyên', NULL, '00305873', '5040000', '2023-07-21 19:50:23.000', NULL, 'C4230401230731'),
	('70212004C42', 'Nguyễn Thụy', 'Hải', NULL, '00305887', '5040000', '2023-04-08 10:31:29.000', NULL, 'C4230401230731'),
	('70212013C42', 'Hà Thị Thanh', 'Nam', NULL, '00305888', '5040000', '2023-07-02 19:32:37.000', NULL, 'C4230401230731'),
	('70212029C42', 'Nguyễn Thị Hà', 'Nam', NULL, '00305895', '5040000', '2023-07-16 08:32:42.000', NULL, 'C4230401230731'),
	('70212024C42', 'Nguyễn Đức', 'Thắng', NULL, '00305897', '5040000', '2023-07-12 14:07:40.377', NULL, 'C4230401230731'),
	('70212028C42', 'Trần Mai', 'Chí', NULL, '00305898', '5040000', '2023-07-07 14:06:37.000', NULL, 'C4230401230731'),
	('322010028TB', 'Dương Minh', 'Phương', NULL, '00307675', '4680000', '2023-07-25 18:42:13.000', NULL, 'TB230401230731'),
	('70202030BB2', 'Lê Minh', 'Bình', NULL, '00308875', '6120000', '2023-02-02 15:58:48.000', NULL, 'BB210101230303'),
	('70202002BB2', 'Nguyễn Thị Ngọc', 'Diễm', NULL, '00308876', '6120000', '2023-02-02 15:52:36.000', NULL, 'BB210101230303'),
	('70202007BB2', 'Võ Vinh', 'Hiền', NULL, '00308879', '6120000', '2023-02-18 16:05:05.000', NULL, 'BB210101230303'),
	('70202006BB2', 'Trần Văn', 'Hiệp', NULL, '00308880', '6120000', '2023-02-02 15:54:32.000', NULL, 'BB210101230303'),
	('70202034BB2', 'Trần Thị', 'Hương', NULL, '00308884', '6120000', '2023-02-02 16:00:57.000', NULL, 'BB210101230303'),
	('70202045BB2', 'Lê Hoàng Quốc', 'Hưng', NULL, '00308885', '6120000', '2023-02-02 14:24:13.000', NULL, 'BB210101230303'),
	('70202038BB2', 'Nguyễn Thị Bé', 'Hương', NULL, '00308886', '6120000', '2023-02-18 15:29:07.000', NULL, 'BB210101230303'),
	('70202044BB2', 'Nguyễn Thị Thanh', 'Nga', NULL, '00308887', '6120000', '2023-02-02 16:03:08.000', NULL, 'BB210101230303'),
	('70202010BB2', 'Võ Phi', 'Long', NULL, '00308888', '6120000', '2023-02-18 16:17:42.000', NULL, 'BB210101230303'),
	('70202027BB2', 'Trương Ngọc Thanh', 'Nhân', NULL, '00308889', '6120000', '2023-02-02 15:57:56.000', NULL, 'BB210101230303'),
	('70202053BB2', 'Huỳnh Thanh', 'Long', NULL, '00308890', '6120000', '2023-02-02 16:05:28.000', NULL, 'BB210101230303'),
	('70202008BB2', 'Trần Thanh', 'Huy', NULL, '00308891', '6120000', '2023-02-02 15:56:28.000', NULL, 'BB210101230303'),
	('70202016BB2', 'Võ Thị Kiều', 'Oanh', NULL, '00308892', '6120000', '2023-02-18 15:26:10.000', NULL, 'BB210101230303'),
	('70202055BB2', 'Võ Minh', 'Thành', NULL, '00308893', '6120000', '2023-02-21 16:22:19.000', NULL, 'BB210101230303'),
	('70202047BB2', 'Phạm Thị', 'Hường', NULL, '00308894', '6120000', '2023-02-02 16:04:28.000', NULL, 'BB210101230303'),
	('70202013BB2', 'Phạm Thị Ngọc', 'Mai', NULL, '00308895', '6120000', '2023-02-18 13:33:31.000', NULL, 'BB210101230303'),
	('70202050BB2', 'Lê Hoàng Nguyên', 'Trúc', NULL, '00308896', '6120000', '2023-02-02 14:20:33.000', NULL, 'BB210101230303'),
	('70202037BB2', 'Huỳnh Thị', 'Út', NULL, '00308897', '6120000', '2023-02-18 15:28:05.000', NULL, 'BB210101230303'),
	('70212023C42', 'Trần Thị Thanh', 'Thảo', NULL, '00309687', '5040000', '2023-07-28 08:50:44.157', NULL, 'C4230401230731'),
	('70212008C42', 'Võ Phương', 'Khanh', NULL, '00309689', '5040000', '2023-04-07 11:16:54.870', NULL, 'C4230401230731'),
	('70212010C42', 'Đỗ Thị', 'Liên', NULL, '00309691', '5040000', '2023-04-07 11:14:40.627', NULL, 'C4230401230731'),
	('70203020VM5', 'Nguyễn Thị Hằng', 'My', NULL, '00311018', '1200000', '2022-12-31 10:46:36.000', NULL, 'BB210101230303'),
	('70221009C42', 'Nguyễn Văn', 'Long', NULL, '00337606', '2160000', '2023-04-03 09:25:36.547', NULL, 'C4230401230731'),
	('70221022C42', 'Nguyễn Hoàng Yến', 'Vi', NULL, '00337608', '2160000', '2023-04-03 09:36:15.963', NULL, 'C4230401230731'),
	('70221020C42', 'Hoàng Thị Thanh', 'Tuyết', NULL, '00337610', '2160000', '2023-04-03 09:32:44.157', NULL, 'C4230401230731'),
	('70221016C42', 'Nguyễn Thị Minh', 'Châu', NULL, '00337611', '2160000', '2023-04-03 09:30:01.953', NULL, 'C4230401230731'),
	('70221010C42', 'Hoàng Thu', 'Nam', NULL, '00337612', '2160000', '2023-04-03 09:27:27.467', NULL, 'C4230401230731'),
	('70221017C42', 'Nguyễn Thị Thu', 'Thủy', NULL, '00337613', '2160000', '2023-04-03 09:31:17.230', NULL, 'C4230401230731'),
	('70221021C42', 'Nguyễn Thị Kim', 'Loan', NULL, '00337616', '2160000', '2023-04-03 09:34:05.040', NULL, 'C4230401230731'),
	('70221008C42', 'Phan Anh', 'Khoa', NULL, '00337621', '2160000', '2023-04-03 09:24:02.623', NULL, 'C4230401230731'),
	('70221011C42', 'Nguyễn Thị Thanh', 'Tâm', NULL, '00337625', '2160000', '2023-04-03 09:28:46.787', NULL, 'C4230401230731'),
	('321920055BI', 'Nguyễn Hồng', 'Lĩnh', NULL, '00343353', '1080000', '2023-04-22 16:59:04.000', NULL, 'TB230401230731'),
	('70212015C42', 'Đinh Thị Ngọc', 'Tâm', NULL, '00343391', '5040000', '2023-06-28 22:11:09.000', NULL, 'C4230401230731'),
	('70221007C42', 'Trần Anh', 'Huy', NULL, '00343392', '1800000', '2023-04-28 09:44:26.127', NULL, 'C4230401230731'),
	('70212001C42', 'Võ Hữu Duy', 'An', NULL, '00343400', '5040000', '2023-06-06 00:00:00.000', NULL, 'C4230401230731'),
	('70212002C42', 'Huỳnh Mỹ', 'Duyên', NULL, '00343401', '5040000', '2023-07-09 12:03:09.000', NULL, 'C4230401230731'),
	('70212013C42', 'Hà Thị Thanh', 'Nam', NULL, '00343404', '5040000', '2023-07-02 19:33:29.000', NULL, 'C4230401230731'),
	('70212021C42', 'Phạm Thị Thu', 'Thanh', NULL, '00343408', '5040000', '2023-05-23 14:23:57.000', NULL, 'C4230401230731'),
	('34202002QG2', 'Phạm Đỗ Thanh', 'Dũng', NULL, '00343629', '1080000', '2023-04-07 14:38:15.517', NULL, 'TB230401230731'),
	('322020038QG', 'Mai Nguyễn Dạ', 'Uyên', NULL, '00343639', '3600000', '2023-04-07 00:00:00.000', NULL, 'TB230401230731'),
	('342120025TB', 'Nguyễn Thái', 'Long', NULL, '00343687', '5040000', '2023-04-14 10:32:09.000', NULL, 'TB230401230731'),
	('342120033TB', 'Nguyễn Thụy Khánh', 'Ngọc', NULL, '00343689', '5040000', '2023-04-21 13:58:25.577', NULL, 'TB230401230731'),
	('322010017TB', 'Trần Thị Phương', 'Nga', NULL, '00343690', '3600000', '2023-06-16 07:55:10.000', NULL, 'TB230401230731'),
	('342120024TB', 'Nguyễn Hoàng Gia', 'Hân', NULL, '00343692', '5040000', '2023-07-08 15:40:59.000', NULL, 'TB230401230731'),
	('342120012TB', 'Lâm Đại', 'Phát', NULL, '00343693', '5040000', '2023-05-08 08:36:47.000', NULL, 'TB230401230731'),
	('322010005TB', 'Ngô Việt', 'Cường', NULL, '00343695', '720000', '2023-06-12 17:41:11.000', NULL, 'TB230401230731'),
	('34212007TB2', 'Trần Thị Diễm', 'Thu', NULL, '00343696', '5040000', '2023-04-26 14:29:27.000', NULL, 'TB230401230731'),
	('34212016TB2', 'Lê Quốc', 'Vũ', NULL, '00343698', '5040000', '2023-06-27 10:56:04.000', NULL, 'TB230401230731'),
	('322010015TB', 'Lê Quốc', 'Huy', NULL, '00343699', '3600000', '2023-06-20 21:07:23.000', NULL, 'TB230401230731'),
	('322010034TB', 'Dương Hiếu', 'Thảo', NULL, '00343700', '3600000', '2023-05-19 10:50:13.887', NULL, 'TB230401230731'),
	('34212027TB2', 'Phan Thị Thanh', 'Hằng', NULL, '00343701', '5040000', '2023-04-04 13:28:06.000', NULL, 'TB230401230731'),
	('34212019TB2', 'Dương Thị Tuyết', 'Linh', NULL, '00343703', '5040000', '2023-04-20 11:12:06.000', NULL, 'TB230401230731'),
	('342120006TB', 'Nguyễn Hoàng Hồng', 'Hân', NULL, '00343705', '5040000', '2023-07-14 13:15:52.000', NULL, 'TB230401230731'),
	('322010008TB', 'Lưu Thị Thu', 'Hà', NULL, '00343709', '3600000', '2023-04-03 09:41:58.000', NULL, 'TB230401230731'),
	('322010044TB', 'Trần Thanh', 'Sơn', NULL, '00343710', '3600000', '2023-04-29 14:28:27.000', NULL, 'TB230401230731'),
	('34212023TB2', 'Nguyễn Thị Thu', 'Thủy', NULL, '00343712', '5040000', '2023-04-07 16:38:25.000', NULL, 'TB230401230731'),
	('34212003TB2', 'Huỳnh Thị Kim', 'Hoa', NULL, '00343713', '5040000', '2023-04-07 17:45:16.000', NULL, 'TB230401230731'),
	('322010045TB', 'Nguyễn Thùy', 'Vân', NULL, '00343714', '3600000', '2023-04-08 08:20:34.000', NULL, 'TB230401230731'),
	('322010033TB', 'Đào Vũ', 'Thành', NULL, '00343715', '3600000', '2023-06-06 00:00:00.000', NULL, 'TB230401230731'),
	('342120028TB', 'Văn Minh', 'Trực', NULL, '00343717', '5040000', '2023-04-11 21:02:19.000', NULL, 'TB230401230731'),
	('322010020TB', 'Trần Mai Thanh', 'Ngân', NULL, '00343719', '3600000', '2023-06-06 00:00:00.000', NULL, 'TB230401230731'),
	('34212013TB2', 'Trương Ngọc Phương', 'Quỳnh', NULL, '00343721', '5040000', '2023-05-10 13:44:58.000', NULL, 'TB230401230731'),
	('322010054TB', 'Nguyễn Thụy Thúy', 'Nga', NULL, '00343722', '3600000', '2023-04-10 14:02:13.000', NULL, 'TB230401230731'),
	('342120007TB', 'Nguyễn Tuấn', 'Khanh', NULL, '00343723', '5040000', '2023-04-07 10:39:39.860', NULL, 'TB230401230731'),
	('322010046TB', 'Nguyễn Hoàng', 'Long', NULL, '00343724', '3600000', '2023-04-07 16:16:28.000', NULL, 'TB230401230731'),
	('322010030TB', 'Nguyễn Thanh', 'Phương', NULL, '00343725', '3600000', '2023-04-06 14:58:18.000', NULL, 'TB230401230731'),
	('34212021TB2', 'Nguyễn Xuân', 'Ngọc', NULL, '00343726', '5040000', '2023-06-07 18:04:30.000', NULL, 'TB230401230731'),
	('34212014TB2', 'Từ Thanh', 'Thảo', NULL, '00343727', '5040000', '2023-06-28 11:20:14.840', NULL, 'TB230401230731'),
	('34212001TB2', 'Trần Thị Bích', 'Dân', NULL, '00343728', '5040000', '2023-04-10 09:10:18.000', NULL, 'TB230401230731'),
	('322010035TB', 'Nguyễn Hoàng Anh', 'Thư', NULL, '00343729', '3600000', '2023-04-06 00:00:00.000', NULL, 'TB230401230731'),
	('342120005TB', 'Đào Văn Hồ', 'Hải', NULL, '00343730', '5040000', '2023-06-11 10:12:05.000', NULL, 'TB230401230731'),
	('342120038TB', 'Nguyễn Trung', 'Nguyên', NULL, '00343731', '5040000', '2023-04-04 16:07:18.797', NULL, 'TB230401230731'),
	('322010043TB', 'Nguyễn Duy', 'Thái', NULL, '00343732', '3600000', '2023-04-10 16:42:06.100', NULL, 'TB230401230731'),
	('342120001TB', 'Lê Mỹ Tú', 'Anh', NULL, '00343733', '5040000', '2023-04-08 15:58:20.000', NULL, 'TB230401230731'),
	('34212011TB2', 'Trịnh Thị Kim', 'Ngân', NULL, '00343735', '5040000', '2023-06-29 13:41:43.727', NULL, 'TB230401230731'),
	('34212008TB2', 'Trần Ngọc Tường', 'Vân', NULL, '00343736', '5040000', '2023-04-04 15:10:39.743', NULL, 'TB230401230731'),
	('322010009TB', 'Vũ Thị Thu', 'Hà', NULL, '00343737', '3600000', '2023-04-06 15:44:20.000', NULL, 'TB230401230731'),
	('322010002TB', 'Nguyễn Tất Minh', 'Anh', NULL, '00343738', '3600000', '2023-04-06 08:35:38.000', NULL, 'TB230401230731'),
	('342120008TB', 'Trương Thái An', 'Lộc', NULL, '00343742', '5040000', '2023-06-30 19:12:44.000', NULL, 'TB230401230731'),
	('322010039TB', 'Nguyễn Hữu Anh', 'Tuấn', NULL, '00343743', '3600000', '2023-06-23 12:23:44.000', NULL, 'TB230401230731'),
	('322010057TB', 'Trần Tôn Thái', 'Hòa', NULL, '00343744', '3600000', '2023-04-07 15:51:46.347', NULL, 'TB230401230731'),
	('34212020TB2', 'Nguyễn Khắc', 'Hùng', NULL, '00343745', '5040000', '2023-07-01 07:56:04.000', NULL, 'TB230401230731'),
	('342120034TB', 'Nguyễn Ảnh', 'Nguyên', NULL, '00343747', '5040000', '2023-05-19 08:07:33.000', NULL, 'TB230401230731'),
	('34212009TB2', 'Huỳnh Ngọc Vân', 'Anh', NULL, '00343751', '5040000', '2023-05-19 10:18:23.000', NULL, 'TB230401230731'),
	('322010049TB', 'Nguyễn Hoàng Trúc', 'Phương', NULL, '00343752', '3600000', '2023-06-26 20:02:20.000', NULL, 'TB230401230731'),
	('621730028TP', 'Hoàng Chí', 'Chung', NULL, '00343849', '1080000', '2023-06-20 15:12:57.000', NULL, 'TB230401230731'),
	('70221016C42', 'Nguyễn Thị Minh', 'Châu', NULL, '00344684', '5040000', '2023-05-12 22:58:34.340', NULL, 'C4230401230731'),
	('34212025TB2', 'Nguyễn Hữu', 'Phong', NULL, '00345026', '5040000', '2023-04-07 18:21:33.000', NULL, 'TB230401230731'),
	('34212010TB2', 'Lê Đình Vũ', 'Hoàng', NULL, '00345027', '5040000', '2023-04-26 16:52:29.000', NULL, 'TB230401230731'),
	('34212006TB2', 'Nguyễn Anh', 'Tuấn', NULL, '00345028', '5040000', '2023-05-20 13:45:20.000', NULL, 'TB230401230731'),
	('34212012TB2', 'Lê', 'Nguyên', NULL, '00345029', '5040000', '2023-07-01 09:18:25.957', NULL, 'TB230401230731'),
	('322010004TB', 'Bùi Thị Tâm', 'Châu', NULL, '00345033', '3600000', '2023-05-31 00:00:00.000', NULL, 'TB230401230731'),
	('341620076TB', 'Lê', 'Văn', NULL, '00345034', '1080000', '2023-04-07 10:31:07.103', NULL, 'TB230401230731'),
	('342120016TB', 'Trần Thị Thu', 'Thảo', NULL, '00345036', '5040000', '2023-04-07 15:33:13.000', NULL, 'TB230401230731'),
	('341810014TB', 'Phan Trọng', 'Sang', NULL, '00345038', '2160000', '2023-04-01 20:45:58.297', NULL, 'TB230401230731'),
	('34212002TB2', 'Hồ Thị', 'Hiền', NULL, '00345039', '5040000', '2023-05-31 16:25:42.000', NULL, 'TB230401230731'),
	('70212012C42', 'Trương Thùy', 'My', NULL, '00346206', '5040000', '2023-07-09 19:19:53.000', NULL, 'C4230401230731'),
	('70212022C42', 'Tô Phương', 'Thảo', NULL, '00346215', '5040000', '2023-05-15 09:52:53.000', NULL, 'C4230401230731'),
	('70221020C42', 'Hoàng Thị Thanh', 'Tuyết', NULL, '00346218', '5040000', '2023-06-20 10:31:29.000', NULL, 'C4230401230731'),
	('70221017C42', 'Nguyễn Thị Thu', 'Thủy', NULL, '00346220', '5040000', '2023-05-01 21:25:50.000', NULL, 'C4230401230731'),
	('70212004C42', 'Nguyễn Thụy', 'Hải', NULL, '00346222', '5040000', '2023-07-09 19:23:30.000', NULL, 'C4230401230731'),
	('321910029Q4', 'Đỗ Dương Tuấn', 'Ngọc', NULL, '00346418', '360000', '2023-04-03 00:00:00.000', NULL, 'TB230401230731'),
	('34212017TB2', 'Lê Ngọc', 'Quyền', NULL, '00346426', '5040000', '2023-05-05 14:01:56.000', NULL, 'TB230401230731'),
	('34212005TB2', 'Thái Anh', 'Tuấn', NULL, '00346428', '5040000', '2023-04-26 15:31:58.000', NULL, 'TB230401230731'),
	('34212015TB2', 'Ngô Ngọc', 'Tuấn', NULL, '00346437', '5040000', '2023-04-13 09:51:18.950', NULL, 'TB230401230731'),
	('342120032TB', 'Nguyễn Quang', 'Duy', NULL, '00346441', '5040000', '2023-06-30 15:08:20.713', NULL, 'TB230401230731'),
	('341810014TB', 'Phan Trọng', 'Sang', NULL, '00346447', '1080000', '2023-04-01 20:47:15.510', NULL, 'TB230401230731'),
	('34212018TB2', 'Nguyễn Sĩ', 'Phong', NULL, '00346449', '5040000', '2023-07-01 10:51:03.000', NULL, 'TB230401230731'),
	('32160061TH', 'Nguyễn Thị Thùy', 'My', NULL, '00346450', '320000', '2023-05-18 10:50:13.000', NULL, 'TB230401230731'),
	('321920055BI', 'Nguyễn Hồng', 'Lĩnh', NULL, '00356895', '1440000', '2023-04-22 16:58:22.000', NULL, 'TB230401230731'),
	('70212030C42', 'Thái Thị Bích', 'Liên', NULL, '00356902', '5040000', '2023-07-18 20:23:43.000', NULL, 'C4230401230731'),
	('70221021C42', 'Nguyễn Thị Kim', 'Loan', NULL, '00356903', '5040000', '2023-06-09 14:45:37.000', NULL, 'C4230401230731'),
	('70212023C42', 'Trần Thị Thanh', 'Thảo', NULL, '00356909', '5040000', '2023-07-29 18:22:48.000', NULL, 'C4230401230731'),
	('70212031C42', 'Đỗ Đức', 'Toàn', NULL, '00356913', '5040000', '2023-07-18 20:30:03.000', NULL, 'C4230401230731'),
	('70221008C42', 'Phan Anh', 'Khoa', NULL, '00356914', '5040000', '2023-04-26 11:58:30.000', NULL, 'C4230401230731'),
	('70221007C42', 'Trần Anh', 'Huy', NULL, '00356917', '3240000', '2023-04-28 09:44:32.400', NULL, 'C4230401230731'),
	('34202038QG2', 'Phạm Minh', 'Tuân', NULL, '00357130', '360000', '2023-05-15 10:21:07.000', NULL, 'TB230401230731'),
	('342120035TB', 'Huỳnh Anh', 'Siêu', NULL, '00357140', '720000', '2023-06-30 14:59:38.000', NULL, 'TB230401230731'),
	('342120035TB', 'Huỳnh Anh', 'Siêu', NULL, '00357141', '4320000', '2023-06-30 14:59:02.000', NULL, 'TB230401230731'),
	('322010025TB', 'Nguyễn Quốc', 'Phong', NULL, '00357143', '3600000', '2023-04-05 15:43:52.000', NULL, 'TB230401230731'),
	('341620076TB', 'Lê', 'Văn', NULL, '00357146', '1080000', '2023-04-07 10:30:50.410', NULL, 'TB230401230731'),
	('70192079HV2', 'Huỳnh Phúc Nguyên', 'Thịnh', NULL, '00357771', '1320000', '2023-04-11 08:31:04.000', NULL, 'C4230401230731'),
	('70221010C42', 'Hoàng Thu', 'Nam', NULL, '00358181', '5040000', '2023-07-06 08:39:56.000', NULL, 'C4230401230731'),
	('70212026C42', 'Trần Thị Hoàng', 'Vân', NULL, '00358185', '5040000', '2023-06-12 19:10:02.000', NULL, 'C4230401230731'),
	('70212024C42', 'Nguyễn Đức', 'Thắng', NULL, '00358186', '5040000', '2023-07-12 14:07:56.167', NULL, 'C4230401230731'),
	('70191085TP4', 'Nguyễn Thanh', 'Hương', NULL, '00358238', '1080000', '2023-04-04 08:44:22.283', NULL, 'C4230401230731'),
	('342120031TB', 'Nguyễn Công', 'Phước', NULL, '00358265', '5040000', '2023-05-08 09:15:06.000', NULL, 'TB230401230731'),
	('322010051TB', 'Hoàng Ngọc', 'Minh', NULL, '00358267', '3600000', '2023-05-05 11:29:03.000', NULL, 'TB230401230731'),
	('322010058TB', 'Đàm Hải', 'Thanh', NULL, '00358271', '3600000', '2023-06-23 15:38:33.267', NULL, 'TB230401230731'),
	('322010021TB', 'Hồ Thái', 'Nguyên', NULL, '00358272', '3600000', '2023-04-09 09:04:17.000', NULL, 'TB230401230731'),
	('322010032TB', 'Nguyễn Thị Hồng', 'Thắm', NULL, '00358273', '3600000', '2023-04-09 07:42:23.000', NULL, 'TB230401230731'),
	('342120026TB', 'Nguyễn Hoàng', 'Phúc', NULL, '00358275', '5040000', '2023-06-21 16:20:00.923', NULL, 'TB230401230731'),
	('322010050TB', 'Phạm Minh', 'Sơn', NULL, '00358276', '3600000', '2023-04-28 16:28:32.000', NULL, 'TB230401230731'),
	('322010007TB', 'Phạm Tiến', 'Đạt', NULL, '00358277', '3600000', '2023-06-08 13:59:12.000', NULL, 'TB230401230731'),
	('342120036TB', 'Hồ Phạm Hoàng', 'Tâm', NULL, '00358279', '5040000', '2023-06-30 21:05:00.000', NULL, 'TB230401230731'),
	('341810016TB', 'Nguyễn Lý', 'Thanh', NULL, '00358280', '3600000', '2023-06-23 13:22:16.950', NULL, 'TB230401230731'),
	('34212028TB2', 'Lâm Phước', 'Bình', NULL, '00358317', '5040000', '2023-06-29 22:26:04.000', NULL, 'TB230401230731'),
	('341730024TP', 'Nguyễn Nhật', 'Hân', NULL, '00358648', '2160000', '2023-04-04 12:53:14.000', NULL, 'TB230401230731'),
	('70201025Q42', 'Trần Ngọc', 'Bình', NULL, '00359177', '1080000', '2023-04-05 14:14:12.000', NULL, 'C4230401230731'),
	('70212028C42', 'Trần Mai', 'Chí', NULL, '00359193', '5040000', '2023-07-07 14:05:53.000', NULL, 'C4230401230731'),
	('70221009C42', 'Nguyễn Văn', 'Long', NULL, '00359206', '5040000', '2023-07-05 17:13:44.000', NULL, 'C4230401230731'),
	('341620012TP', 'Nguyễn Thị Bé', 'Thảo', NULL, '00360233', '1800000', '2023-05-06 18:14:59.000', NULL, 'TB230401230731'),
	('342120023TB', 'Võ Thành', 'Duy', NULL, '00360764', '1080000', '2023-05-18 16:32:08.027', NULL, 'TB230401230731'),
	('322010005TB', 'Ngô Việt', 'Cường', NULL, '00361245', '720000', '2023-05-10 17:54:08.000', NULL, 'TB230401230731'),
	('341710032VT', 'Phạm Phát Thành', 'Đạt', NULL, '00362544', '640000', '2023-06-08 15:44:33.913', NULL, 'TB230401230731'),
	('322020038QG', 'Mai Nguyễn Dạ', 'Uyên', NULL, '00363000', '1080000', '2023-06-06 00:00:00.000', NULL, 'TB230401230731'),
	('321920055BI', 'Nguyễn Hồng', 'Lĩnh', NULL, '00363002', '1080000', '2023-06-23 11:19:36.000', NULL, 'TB230401230731'),
	('34222001TB2', 'Nguyễn Lê Hoàng', 'Nam', NULL, '00385918', '2160000', '2023-07-10 11:06:35.000', NULL, 'TB230401230731'),
	('342220001TB', 'Trần Thị Vân', 'Anh', NULL, '00385919', '3240000', '2023-07-10 09:19:33.000', NULL, 'TB230401230731'),
	('342220007TB', 'Lưu Đình', 'Hưng', NULL, '00385921', '3240000', '2023-07-10 09:39:25.000', NULL, 'TB230401230731'),
	('34222008TB2', 'Trịnh Công', 'Hoan', NULL, '00385922', '2160000', '2023-07-10 11:13:45.000', NULL, 'TB230401230731'),
	('34222004TB2', 'Võ Thành', 'Trưởng', NULL, '00385923', '2160000', '2023-07-10 11:09:43.000', NULL, 'TB230401230731'),
	('342220012TB', 'Lê Đồng', 'Phương', NULL, '00385924', '3240000', '2023-07-10 09:47:42.000', NULL, 'TB230401230731'),
	('342220006TB', 'Trần Công', 'Hùng', NULL, '00385926', '3240000', '2023-07-10 09:37:58.000', NULL, 'TB230401230731'),
	('342220019TB', 'Bùi Phạm Minh', 'Thương', NULL, '00385927', '3240000', '2023-07-10 10:50:38.000', NULL, 'TB230401230731'),
	('342220002TB', 'Đỗ Nguyễn Mỹ', 'Duyên', NULL, '00385929', '3240000', '2023-07-10 09:21:29.000', NULL, 'TB230401230731'),
	('342220016TB', 'Kiều Văn', 'Tuấn', NULL, '00385930', '3240000', '2023-07-11 09:21:53.000', NULL, 'TB230401230731'),
	('342220004TB', 'Trần Hoàng Thu', 'Hòa', NULL, '00385931', '3240000', '2023-07-10 09:34:30.000', NULL, 'TB230401230731'),
	('342220014TB', 'Mai Hữu', 'Tài', NULL, '00385932', '3240000', '2023-07-10 09:52:19.000', NULL, 'TB230401230731'),
	('34222006TB2', 'Phạm Minh', 'Hậu', NULL, '00385933', '2160000', '2023-07-10 11:11:52.000', NULL, 'TB230401230731'),
	('34222003TB2', 'Phan Hoàng Hiếu', 'Thảo', NULL, '00385934', '2160000', '2023-07-10 11:08:37.000', NULL, 'TB230401230731'),
	('342220017TB', 'Nguyễn Hữu', 'Tự', NULL, '00385937', '3240000', '2023-07-10 10:47:02.000', NULL, 'TB230401230731'),
	('342220013TB', 'Thái Tuấn', 'Sang', NULL, '00385938', '3240000', '2023-07-10 09:48:50.000', NULL, 'TB230401230731'),
	('342220010TB', 'Trần Nguyệt', 'Lan', NULL, '00385941', '3240000', '2023-07-10 09:43:43.000', NULL, 'TB230401230731'),
	('342220011TB', 'Huỳnh Lê Xuân', 'Ngọc', NULL, '00385942', '3240000', '2023-07-10 09:44:55.000', NULL, 'TB230401230731'),
	('342220018TB', 'Hồ Tấn', 'Vũ', NULL, '00385943', '3240000', '2023-07-10 10:49:37.000', NULL, 'TB230401230731'),
	('342220009TB', 'Trần Hoàng Mai', 'Lan', NULL, '00385944', '3240000', '2023-07-10 09:42:05.000', NULL, 'TB230401230731'),
	('34222002TB2', 'Nguyễn Thiện', 'Thành', NULL, '00385945', '2160000', '2023-07-10 11:07:45.000', NULL, 'TB230401230731'),
	('342220008TB', 'Lê Minh Anh', 'Khoa', NULL, '00385946', '3240000', '2023-07-10 09:40:54.000', NULL, 'TB230401230731'),
	('342220015TB', 'Đinh Lê Minh', 'Tuấn', NULL, '00385947', '3240000', '2023-07-10 15:05:54.000', NULL, 'TB230401230731'),
	('342220005TB', 'Nguyễn Huy', 'Hoàng', NULL, '00385952', '3240000', '2023-07-10 09:35:51.000', NULL, 'TB230401230731'),
	('342220003TB', 'Nguyễn Thị Mỹ', 'Hạnh', NULL, '00385953', '3240000', '2023-07-10 09:33:21.000', NULL, 'TB230401230731'),
	('34222005TB2', 'Đoàn Phước', 'An', NULL, '00385954', '2160000', '2023-07-10 11:10:51.000', NULL, 'TB230401230731'),
	('34222007TB2', 'Nguyễn Quang', 'Hiếu', NULL, '00385955', '2160000', '2023-07-10 11:12:52.000', NULL, 'TB230401230731'),
	('342220020TB', 'Hoàng Thị Thu', 'Hằng', NULL, '00385956', '3240000', '2023-07-10 10:51:36.000', NULL, 'TB230401230731'),
	('342220024TB', 'Nguyễn Lê Hoài', 'Thương', NULL, '00385957', '3240000', '2023-07-10 10:57:33.000', NULL, 'TB230401230731'),
	('34222014TB2', 'Trần Thiện', 'Tâm', NULL, '00385958', '2160000', '2023-07-10 11:22:06.000', NULL, 'TB230401230731'),
	('342220026TB', 'Phạm Như', 'Hảo', NULL, '00385959', '3240000', '2023-07-10 10:59:32.000', NULL, 'TB230401230731'),
	('342220021TB', 'Trần Mạnh', 'Phúc', NULL, '00385960', '3240000', '2023-07-10 10:52:47.000', NULL, 'TB230401230731'),
	('342220023TB', 'Trần Đăng', 'Công', NULL, '00385961', '3240000', '2023-07-10 10:56:29.000', NULL, 'TB230401230731'),
	('34222012TB2', 'Trần Đình', 'Vinh', NULL, '00385962', '2160000', '2023-07-10 11:20:16.000', NULL, 'TB230401230731'),
	('342220025TB', 'Nguyễn Văn', 'Khoa', NULL, '00385963', '3240000', '2023-07-10 10:58:41.000', NULL, 'TB230401230731'),
	('34222011TB2', 'Nguyễn Thị Thùy', 'Trang', NULL, '00385964', '2160000', '2023-07-10 11:18:59.000', NULL, 'TB230401230731'),
	('34222010TB2', 'Nguyễn Hoài', 'Thương', NULL, '00385965', '2160000', '2023-07-10 11:18:09.000', NULL, 'TB230401230731'),
	('342220022TB', 'Trần Nguyễn Uyên', 'Vy', NULL, '00385966', '3240000', '2023-07-10 10:55:21.000', NULL, 'TB230401230731'),
	('34222009TB2', 'Phạm Duy', 'Khiêm', NULL, '00385967', '2160000', '2023-07-10 11:14:43.000', NULL, 'TB230401230731'),
	('34222013TB2', 'Phạm Anh', 'Tuấn', NULL, '00385968', '2160000', '2023-07-10 11:21:04.000', NULL, 'TB230401230731'),
	('322010005TB', 'Ngô Việt', 'Cường', NULL, '00390959', '1080000', '2023-06-12 17:40:24.000', NULL, 'TB230401230731'),
	('34222015TB2', 'Nguyễn Nhật', 'Huy', NULL, '00392264', '2160000', '2023-07-10 11:23:26.000', NULL, 'TB230401230731'),
	('342220027TB', 'Trần Ngọc Bích', 'Hằng', NULL, '00392265', '3240000', '2023-07-11 09:20:38.000', NULL, 'TB230401230731'),
	('342220028TB', 'Nguyễn Đình', 'Phú', NULL, '00392266', '3240000', '2023-07-10 11:01:27.000', NULL, 'TB230401230731'),
	('342220029TB', 'Cao Thanh', 'Tuấn', NULL, '00392267', '3240000', '2023-07-10 11:03:52.000', NULL, 'TB230401230731'),
	('34222016TB2', 'Nguyễn Anh', 'Khoa', NULL, '00392268', '2160000', '2023-07-07 09:32:20.000', NULL, 'TB230401230731'),
	('70212037C42', 'Nguyễn Tuấn', 'An', NULL, '00404763', '4290000', '2023-07-12 14:04:48.420', NULL, 'C4230401230731'),
	('322020038QG', 'Mai Nguyễn Dạ', 'Uyên', NULL, '00405525', '3630000', '2023-07-12 17:40:40.000', NULL, 'TB230401230731'),
	('322010024TB', 'Lê Bùi Minh', 'Phát', NULL, '00405578', '3630000', '2023-07-21 10:26:51.000', NULL, 'TB230401230731'),
	('322010006TB', 'Phạm Anh', 'Duy', NULL, '00405582', '3630000', '2023-07-13 17:39:29.000', NULL, 'TB230401230731'),
	('322010008TB', 'Lưu Thị Thu', 'Hà', NULL, '00405600', '3630000', '2023-07-28 09:20:13.000', NULL, 'TB230401230731'),
	('322010002TB', 'Nguyễn Tất Minh', 'Anh', NULL, '00405616', '3630000', '2023-07-13 10:47:36.000', NULL, 'TB230401230731'),
	('341810014TB', 'Phan Trọng', 'Sang', NULL, '00405624', '1650000', '2023-07-26 14:02:41.283', NULL, 'TB230401230731'),
	('322010009TB', 'Vũ Thị Thu', 'Hà', NULL, '00405630', '3630000', '2023-07-24 14:42:33.000', NULL, 'TB230401230731'),
	('342220012TB', 'Lê Đồng', 'Phương', NULL, '00405643', '3300000', '2023-07-29 07:10:04.000', NULL, 'TB230401230731'),
	('34222013TB2', 'Phạm Anh', 'Tuấn', NULL, '00405652', '3300000', '2023-07-23 12:13:16.713', NULL, 'TB230401230731'),
	('342220016TB', 'Kiều Văn', 'Tuấn', NULL, '00405659', '3300000', '2023-07-19 11:23:42.087', NULL, 'TB230401230731'),
	('342220027TB', 'Trần Ngọc Bích', 'Hằng', NULL, '00405660', '3300000', '2023-07-23 14:25:29.120', NULL, 'TB230401230731'),
	('34212010TB2', 'Lê Đình Vũ', 'Hoàng', NULL, '00405668', '4290000', '2023-07-20 18:02:18.000', NULL, 'TB230401230731'),
	('34212027TB2', 'Phan Thị Thanh', 'Hằng', NULL, '00405681', '3300000', '2023-07-28 09:22:54.000', NULL, 'TB230401230731'),
	('34222001TB2', 'Nguyễn Lê Hoàng', 'Nam', NULL, '00405690', '3300000', '2023-07-25 14:29:56.000', NULL, 'TB230401230731'),
	('342220004TB', 'Trần Hoàng Thu', 'Hòa', NULL, '00405691', '3300000', '2023-07-29 13:19:44.000', NULL, 'TB230401230731'),
	('34222008TB2', 'Trịnh Công', 'Hoan', NULL, '00405694', '3300000', '2023-07-28 07:40:41.000', NULL, 'TB230401230731'),
	('342220015TB', 'Đinh Lê Minh', 'Tuấn', NULL, '00405700', '3300000', '2023-07-24 07:56:55.163', NULL, 'TB230401230731'),
	('70163016TPT', 'Văn Nhất', 'Duy', NULL, '00405965', '660000', '2023-07-14 09:56:43.000', NULL, 'C4230401230731'),
	('70160043TP', 'Nguyễn Duy', 'Hoàng', NULL, '00405969', '990000', '2023-07-12 16:10:55.037', NULL, 'TB230401230731'),
	('701730032TP', 'Nguyễn Thị Hồng', 'Gấm', NULL, '00405982', '990000', '2023-07-12 21:54:25.000', NULL, 'C4230401230731'),
	('70203005TP2', 'Trần Thị Phương', 'Thảo', NULL, '00405995', '990000', '2023-07-30 11:05:29.850', NULL, 'C4230401230731'),
	('70212024C42', 'Nguyễn Đức', 'Thắng', NULL, '00406575', '4290000', '2023-07-21 16:30:47.207', NULL, 'C4230401230731'),
	('342220009TB', 'Trần Hoàng Mai', 'Lan', NULL, '00406736', '3300000', '2023-07-27 20:39:28.000', NULL, 'TB230401230731'),
	('342220024TB', 'Nguyễn Lê Hoài', 'Thương', NULL, '00406739', '3300000', '2023-07-30 13:20:02.000', NULL, 'TB230401230731'),
	('341730024TP', 'Nguyễn Nhật', 'Hân', NULL, '00406932', '990000', '2023-07-28 09:32:15.000', NULL, 'TB230401230731'),
	('70160316TP', 'Lê Văn', 'Thuận', NULL, '00407798', '990000', '2023-07-26 22:18:20.000', NULL, 'C4230401230731'),
	('322010035TB', 'Nguyễn Hoàng Anh', 'Thư', NULL, '00408497', '3630000', '2023-07-30 18:29:39.000', NULL, 'TB230401230731'),
	('70202001BB2', 'Nguyễn Công', 'Chánh', NULL, '1070284', '2610000', '2022-11-17 11:16:30.000', NULL, 'BB210101230303'),
	('70202002BB2', 'Nguyễn Thị Ngọc', 'Diễm', NULL, '1070285', '2610000', '2022-11-17 11:17:51.000', NULL, 'BB210101230303'),
	('70202003BB2', 'Trịnh Anh', 'Hào', NULL, '1070286', '2610000', '2022-11-17 11:19:25.000', NULL, 'BB210101230303'),
	('70202004BB2', 'Phan Thị Tuyết', 'Hằng', NULL, '1070287', '2610000', '2022-11-17 11:28:21.000', NULL, 'BB210101230303'),
	('70202005BB2', 'Trần Thị Hồng', 'Hiền', NULL, '1070288', '2610000', '2022-11-17 11:29:13.000', NULL, 'BB210101230303'),
	('70202006BB2', 'Trần Văn', 'Hiệp', NULL, '1070289', '2610000', '2022-11-17 11:30:04.000', NULL, 'BB210101230303'),
	('70202007BB2', 'Võ Vinh', 'Hiền', NULL, '1070290', '2610000', '2022-11-17 11:31:25.000', NULL, 'BB210101230303'),
	('70202008BB2', 'Trần Thanh', 'Huy', NULL, '1070291', '2610000', '2022-11-17 11:14:24.000', NULL, 'BB210101230303'),
	('70202009BB2', 'Huỳnh Hoàng', 'Hưng', NULL, '1070292', '2610000', '2022-11-17 11:33:27.000', NULL, 'BB210101230303'),
	('70202010BB2', 'Võ Phi', 'Long', NULL, '1070293', '2610000', '2022-11-17 11:34:25.000', NULL, 'BB210101230303'),
	('70202011BB2', 'Phan Thành', 'Luận', NULL, '1070294', '2610000', '2022-11-17 11:35:32.000', NULL, 'BB210101230303'),
	('70202012BB2', 'Nguyễn Phan Thanh', 'Thủy', NULL, '1070295', '2610000', '2022-11-17 11:36:27.000', NULL, 'BB210101230303'),
	('70202013BB2', 'Phạm Thị Ngọc', 'Mai', NULL, '1070296', '2610000', '2022-11-17 11:37:21.000', NULL, 'BB210101230303'),
	('70202014BB2', 'Hồ Thị Hoàng', 'Mai', NULL, '1070297', '2610000', '2022-11-17 11:55:08.000', NULL, 'BB210101230303'),
	('70202015BB2', 'Lương Nguyễn Nhật', 'Nam', NULL, '1070298', '2610000', '2022-11-17 11:55:46.000', NULL, 'BB210101230303'),
	('70202016BB2', 'Võ Thị Kiều', 'Oanh', NULL, '1070299', '2610000', '2022-11-17 16:22:48.000', NULL, 'BB210101230303'),
	('70202017BB2', 'Nguyễn Thị Mỹ', 'Thanh', NULL, '1070300', '2610000', '2022-11-17 16:23:12.000', NULL, 'BB210101230303'),
	('70202018BB2', 'Nguyễn Lương Kim', 'Thoa', NULL, '1070301', '2610000', '2022-11-17 16:24:09.000', NULL, 'BB210101230303'),
	('70202019BB2', 'Phạm Thị', 'Thúy', NULL, '1070302', '2610000', '2022-11-17 16:24:34.000', NULL, 'BB210101230303'),
	('70202020BB2', 'Huỳnh Thị Thu', 'Trang', NULL, '1070303', '2610000', '2022-11-17 16:26:58.000', NULL, 'BB210101230303'),
	('70202022BB2', 'Nguyễn Minh', 'Đảo', NULL, '1070305', '2610000', '2022-11-17 16:28:13.000', NULL, 'BB210101230303'),
	('70202023BB2', 'Phan Thành', 'Đồng', NULL, '1070306', '2610000', '2022-11-17 16:28:44.000', NULL, 'BB210101230303'),
	('70202025BB2', 'Nguyễn Thị Minh', 'Thu', NULL, '1070308', '2610000', '2022-11-17 16:31:03.000', NULL, 'BB210101230303'),
	('70202026BB2', 'Phạm Đỗ', 'Thành', NULL, '1070309', '2610000', '2022-11-17 16:31:44.000', NULL, 'BB210101230303'),
	('70202027BB2', 'Trương Ngọc Thanh', 'Nhân', NULL, '1070310', '2610000', '2022-11-17 16:33:14.000', NULL, 'BB210101230303'),
	('70202028BB2', 'Nguyễn Hồng', 'Phượng', NULL, '1070311', '2610000', '2022-11-17 16:34:06.000', NULL, 'BB210101230303'),
	('70202029BB2', 'Hứa Thị Phương', 'Hồng', NULL, '1070312', '2610000', '2022-11-17 16:35:19.000', NULL, 'BB210101230303'),
	('70202030BB2', 'Lê Minh', 'Bình', NULL, '1070313', '2610000', '2022-11-17 16:40:39.000', NULL, 'BB210101230303'),
	('70202031BB2', 'Phan Thị Cẩm', 'Hồng', NULL, '1070314', '2610000', '2022-11-17 16:42:02.000', NULL, 'BB210101230303'),
	('70202032BB2', 'Phan Thanh Như', 'Tuyến', NULL, '1070315', '2610000', '2022-11-17 16:42:56.000', NULL, 'BB210101230303'),
	('70202033BB2', 'Nguyễn Thị Mỹ', 'Hương', NULL, '1070316', '2610000', '2022-11-18 10:03:52.000', NULL, 'BB210101230303'),
	('70202034BB2', 'Trần Thị', 'Hương', NULL, '1070317', '2610000', '2022-11-18 10:05:25.000', NULL, 'BB210101230303'),
	('70202001BB2', 'Nguyễn Công', 'Chánh', NULL, '1072020', '360000', '2022-11-17 11:16:45.000', NULL, 'BB210101230303'),
	('70202002BB2', 'Nguyễn Thị Ngọc', 'Diễm', NULL, '1072021', '360000', '2022-11-17 11:17:32.000', NULL, 'BB210101230303'),
	('70202003BB2', 'Trịnh Anh', 'Hào', NULL, '1072022', '360000', '2022-11-17 11:19:43.000', NULL, 'BB210101230303'),
	('70202004BB2', 'Phan Thị Tuyết', 'Hằng', NULL, '1072023', '360000', '2022-11-17 11:27:56.000', NULL, 'BB210101230303'),
	('70202005BB2', 'Trần Thị Hồng', 'Hiền', NULL, '1072024', '360000', '2022-11-17 11:29:33.000', NULL, 'BB210101230303'),
	('70202006BB2', 'Trần Văn', 'Hiệp', NULL, '1072025', '360000', '2022-11-17 11:30:25.000', NULL, 'BB210101230303'),
	('70202007BB2', 'Võ Vinh', 'Hiền', NULL, '1072026', '360000', '2022-11-17 11:31:46.000', NULL, 'BB210101230303'),
	('70202008BB2', 'Trần Thanh', 'Huy', NULL, '1072027', '360000', '2022-11-17 11:14:41.000', NULL, 'BB210101230303'),
	('70202009BB2', 'Huỳnh Hoàng', 'Hưng', NULL, '1072028', '360000', '2022-11-17 11:32:29.000', NULL, 'BB210101230303'),
	('70202010BB2', 'Võ Phi', 'Long', NULL, '1072029', '360000', '2022-11-17 11:34:07.000', NULL, 'BB210101230303'),
	('70202056BB2', 'Nguyễn Thanh', 'Hoàng', NULL, '1082456', '2970000', '2022-11-18 10:32:59.000', NULL, 'BB210101230303'),
	('70141004TP', 'Đinh Công', 'Khương', NULL, '1101579', '990000', '2022-01-17 00:00:00.000', NULL, 'BB210101230303'),
	('70212018C42', 'Trần Văn', 'Tiếp', NULL, '1111816', '3960000', '2023-04-03 09:15:31.890', NULL, 'C4230401230731'),
	('70202011BB2', 'Phan Thành', 'Luận', NULL, '572030', '360000', '2022-11-17 11:35:13.000', NULL, 'BB210101230303'),
	('70202012BB2', 'Nguyễn Phan Thanh', 'Thủy', NULL, '572031', '360000', '2022-11-17 11:36:03.000', NULL, 'BB210101230303'),
	('70202013BB2', 'Phạm Thị Ngọc', 'Mai', NULL, '572032', '360000', '2022-11-17 11:36:59.000', NULL, 'BB210101230303'),
	('70202014BB2', 'Hồ Thị Hoàng', 'Mai', NULL, '572033', '360000', '2022-11-17 11:55:25.000', NULL, 'BB210101230303'),
	('70202015BB2', 'Lương Nguyễn Nhật', 'Nam', NULL, '572034', '360000', '2022-11-17 11:56:03.000', NULL, 'BB210101230303'),
	('70202016BB2', 'Võ Thị Kiều', 'Oanh', NULL, '572035', '360000', '2022-11-17 16:21:51.000', NULL, 'BB210101230303'),
	('70202017BB2', 'Nguyễn Thị Mỹ', 'Thanh', NULL, '572036', '360000', '2022-11-17 16:23:27.000', NULL, 'BB210101230303'),
	('70202018BB2', 'Nguyễn Lương Kim', 'Thoa', NULL, '572037', '360000', '2022-11-17 16:23:53.000', NULL, 'BB210101230303'),
	('70202019BB2', 'Phạm Thị', 'Thúy', NULL, '572038', '360000', '2022-11-17 16:24:58.000', NULL, 'BB210101230303'),
	('70202020BB2', 'Huỳnh Thị Thu', 'Trang', NULL, '572039', '360000', '2022-11-17 16:27:19.000', NULL, 'BB210101230303'),
	('70202022BB2', 'Nguyễn Minh', 'Đảo', NULL, '572041', '360000', '2022-11-17 16:27:57.000', NULL, 'BB210101230303'),
	('70202023BB2', 'Phan Thành', 'Đồng', NULL, '572042', '360000', '2022-11-17 16:29:02.000', NULL, 'BB210101230303'),
	('70202025BB2', 'Nguyễn Thị Minh', 'Thu', NULL, '572044', '360000', '2022-11-17 16:30:43.000', NULL, 'BB210101230303'),
	('70202026BB2', 'Phạm Đỗ', 'Thành', NULL, '572045', '360000', '2022-11-17 16:32:04.000', NULL, 'BB210101230303'),
	('70202027BB2', 'Trương Ngọc Thanh', 'Nhân', NULL, '572046', '360000', '2022-11-17 16:32:49.000', NULL, 'BB210101230303'),
	('70202028BB2', 'Nguyễn Hồng', 'Phượng', NULL, '572047', '360000', '2022-11-17 16:34:25.000', NULL, 'BB210101230303'),
	('70202029BB2', 'Hứa Thị Phương', 'Hồng', NULL, '572048', '360000', '2022-11-17 16:35:01.000', NULL, 'BB210101230303'),
	('70202030BB2', 'Lê Minh', 'Bình', NULL, '572049', '360000', '2022-11-17 16:41:07.000', NULL, 'BB210101230303'),
	('70202031BB2', 'Phan Thị Cẩm', 'Hồng', NULL, '572050', '360000', '2022-11-17 16:41:40.000', NULL, 'BB210101230303'),
	('70202032BB2', 'Phan Thanh Như', 'Tuyến', NULL, '572051', '360000', '2022-11-17 16:42:36.000', NULL, 'BB210101230303'),
	('70202033BB2', 'Nguyễn Thị Mỹ', 'Hương', NULL, '572052', '360000', '2022-11-18 10:04:20.000', NULL, 'BB210101230303'),
	('70202034BB2', 'Trần Thị', 'Hương', NULL, '572053', '360000', '2022-11-18 10:05:10.000', NULL, 'BB210101230303');

-- Dumping structure for table theodoihocphi.student_receipt_book
DROP TABLE IF EXISTS `student_receipt_book`;
CREATE TABLE IF NOT EXISTS `student_receipt_book` (
  `mssv` varchar(50) COLLATE utf8_unicode_ci NOT NULL,
  `first_name` varchar(200) COLLATE utf8_unicode_ci DEFAULT NULL,
  `last_name` varchar(200) COLLATE utf8_unicode_ci DEFAULT NULL,
  `birth_day` varchar(50) COLLATE utf8_unicode_ci DEFAULT NULL,
  `class` varchar(50) COLLATE utf8_unicode_ci DEFAULT NULL,
  `ID_subject` varchar(50) COLLATE utf8_unicode_ci NOT NULL,
  `subject` varchar(255) COLLATE utf8_unicode_ci DEFAULT NULL,
  `day_pay` varchar(50) COLLATE utf8_unicode_ci DEFAULT NULL,
  `email` varchar(255) COLLATE utf8_unicode_ci DEFAULT NULL,
  `phone1` varchar(20) COLLATE utf8_unicode_ci DEFAULT NULL,
  `phone2` varchar(20) COLLATE utf8_unicode_ci DEFAULT NULL,
  `receiver` varchar(255) COLLATE utf8_unicode_ci DEFAULT NULL,
  `room` varchar(255) COLLATE utf8_unicode_ci DEFAULT NULL,
  `building` varchar(255) COLLATE utf8_unicode_ci DEFAULT NULL,
  `house_number` varchar(255) COLLATE utf8_unicode_ci DEFAULT NULL,
  `street_name` varchar(255) COLLATE utf8_unicode_ci DEFAULT NULL,
  `town` varchar(255) COLLATE utf8_unicode_ci DEFAULT NULL,
  `ward` varchar(255) COLLATE utf8_unicode_ci DEFAULT NULL,
  `district` varchar(255) COLLATE utf8_unicode_ci DEFAULT NULL,
  `city` varchar(255) COLLATE utf8_unicode_ci DEFAULT NULL,
  `receive_day` date DEFAULT NULL,
  `ID_receipt` varchar(100) COLLATE utf8_unicode_ci DEFAULT NULL,
  PRIMARY KEY (`mssv`,`ID_subject`),
  KEY `fk_receipt` (`ID_receipt`),
  CONSTRAINT `fk_receipt` FOREIGN KEY (`ID_receipt`) REFERENCES `receipt_book` (`ID_receipt`) ON DELETE CASCADE ON UPDATE CASCADE
) ENGINE=InnoDB DEFAULT CHARSET=utf8 COLLATE=utf8_unicode_ci;

-- Dumping data for table theodoihocphi.student_receipt_book: ~0 rows (approximately)

-- Dumping structure for table theodoihocphi.user
DROP TABLE IF EXISTS `user`;
CREATE TABLE IF NOT EXISTS `user` (
  `mail` varchar(200) COLLATE utf8_unicode_ci NOT NULL,
  `password1` varchar(500) COLLATE utf8_unicode_ci DEFAULT NULL,
  `password2` varchar(500) COLLATE utf8_unicode_ci DEFAULT NULL,
  `full_name` varchar(200) COLLATE utf8_unicode_ci DEFAULT NULL,
  `phone` varchar(20) COLLATE utf8_unicode_ci DEFAULT NULL,
  `group_user` tinyint(1) DEFAULT NULL COMMENT '1: admin\\\\\\\\n2: dvlk\\\\\\\\n3: qlv \\\\\\\\n4: leader\\\\\\\\n5: account',
  `super_user` tinyint(1) DEFAULT NULL,
  PRIMARY KEY (`mail`)
) ENGINE=InnoDB DEFAULT CHARSET=utf8 COLLATE=utf8_unicode_ci;

-- Dumping data for table theodoihocphi.user: ~147 rows (approximately)
INSERT INTO `user` (`mail`, `password1`, `password2`, `full_name`, `phone`, `group_user`, `super_user`) VALUES
	('admin@oude.edu.vn', '172fea0e97c05cfdcf1e01daecbaf4d3b6b1cd0c11c0f3635c43a7a01a753616', 'cbc5293941e6404b933b12e8ca2595ac2f4f809492d85f8d6d9fd83783292986', 'super admin', '0393887272', 1, 1),
	('bahoangtg01@gmail.com', 'cf21b69ffbb745ca77f5f95713cfa18ac5009eb57c5e900f537cef965d22cc7b', '089fbe916148d2bd7439ea614b0e26fbd52b8ff1163ee2f384ad627bd3d0660f', NULL, NULL, 2, NULL),
	('baotrongtcn@gmail.com', '28320bc0b74236e27fcf0d4b9307b0ec8d18e423fa9b527f8d808fed21bdefc7', '6cc9bf3bdcc58f81ba446623f34388ce8ad3deec862e28e1cd78ea7987f42b69', 'Nguyễn Bảo Trọng', ' ', 2, NULL),
	('bentre_tranhongchau@bentre.edu.vn', '3e7f2e0d9f6b625a6d4d2d2b305397c8d15e97e21bdb9ae38fd490499bb21f2a', '7db105e7bd8a212dc7c6100ed9d17ddef411d362b2fa19c2c3a5d60fb99a3839', 'Trần Hồng Châu', '0393887272', 2, NULL),
	('boconganhtt0511@gmail.com', '8136dc2c7e7176f10a0a19c63fea4805fd7ebf34ad9886937c764fe56abf7fb4', '4ad2f91d5afdf6c8fb141cfe51741adb827726fcebd0d7f6fe6f9d61ffcfe642', 'Bồ Công Anh', '0393887272', 2, NULL),
	('buiducchuong74@gmail.com', '46efdf20fd1d32de21272ae62fbeb7a085848ecfaf4d45056d037a3d1ba1b0b2', 'f43055d9c0902848b893a0faed49a3467dd951be43dab9b17e26ecbca86d9dca', 'Bùi Đức Chương', '0393887272', 2, NULL),
	('buihuygiapgl@gmail.com', 'e4630d1caa848f1276f1cdf24893ae6aa8b68861a49592de3952727227896a3d', '3287a13b3e9b263a4feaa5b6888b35b141cecc685ef918db27395a39a5436ec0', 'Bùi Huy Giáp', ' ', 2, NULL),
	('buixuancuong2000@gmail.com', '354e0795a0bfa3f760715157e3d86a561b43b2f25e6ae51ec505baee3bdb125a', '3f91c61c14383ecda6b795fa13c7ae49268b95423c15b90401f10cea4a3d546b', NULL, NULL, 2, NULL),
	('buixuantruong2000@gmail.com', 'e89c6a4bb21f29dcad0ed41020cc185fca892a411c4a0057277a2d12502fc8bf', '094bfb03effdc5795c2b88252c3cb09bbd3cc1008b683cd8b5ae0b04ee49dc79', 'Bùi Xuân Cường', '0393887272', 2, NULL),
	('caothigiang84@gmail.com', '3c94ee8e537bc747f1822a80f8a68a45f804feb85040857f454855688db1b51d', '6e097ce0c08a44dc90f9513ca4d75ee97b8d13a4c579c3b14364d216b4647f8a', 'Cao Thị Giang', ' ', 2, NULL),
	('chiendh.gdtxchauthanh@haugiang.edu.vn', 'b30c1c17b29afdbecd76dd3bead85c05b88e24147be3c3a6d47e36c69758ff2d', '3ab99f06dee55b43832f5fe6966a44e2b575d224ae0a0f1d305432a7d2217721', NULL, NULL, 2, NULL),
	('cong.nt@ou.edu.vn', '927ea5ab01d35177742987a0a5bf9b1e864ee376c74fb21521e2b73b374d45d8', '1b5f5a1bff256bdce998ea50266733d99149caacb3c4eed940d1bab2cacecdf0', NULL, NULL, 2, NULL),
	('congthu78@gmail.com', '0e64c300c6b8f311a7ec6774fe67f1a25ee9d237ac8243abfc5e278d3ce260d1', '1a94e8021ee7d550c938b9f0131ce53c8dd953cdbecdad52f1b50db56ae39625', NULL, NULL, 2, NULL),
	('danghanh0111@gmail.com', '4e2e3247e34dd3b6d352965d0faa2eb7ccfdb6ea7abe8ee763b3e4305de72679', '5ab33a2438a5c60a4d60b8f8a4a20904cf1b3c2aded875a2c530e04c619f597b', 'Đặng Lê Hồng Hạnh', ' ', 2, NULL),
	('dangthitram989@gmail.com', '0444a6464147953736e0c40bf6926c4b5975ef38d2e32b723186cf9a091bd70e', '90a1f533d1b98529d29d8bdfea41e3c46155838361437e48506547ceea74f233', 'Đặng Thị Trâm', 'null', 2, NULL),
	('dhhhanh@btu.edu.vn', 'afa3c9ab287998bb2ac577a5f64adbdb1f431d4139ea0df0a648082095524b58', '0de6f4a99df7298a03c4e0e6c20d3120203cde1306acf30492ee66e99900d5d9', NULL, NULL, 2, NULL),
	('dinhhabinh29@gmail.com', '5caf966e1ccf14e96f9dce38166b194313967552f9d11efd53f5b2c77928a514', 'aa19d134dde4440f9a2ab8c1fb64c41b6f5a133c24dc275a10ff1bac066b60c8', 'Đinh Thị Hà Bình', '0393887272', 2, NULL),
	('dodangnhan1969@gmail.com', '516d14b34b2b785347422e78b03428bddb48b203f9ac1fd9ab4b083b40e5e37f', 'd39cac4b11f3efc6d160f26ed08d89f610f3c02ec41aaaaff95fd5fbfdcfcdd0', 'Đỗ Đăng Nhân', ' ', 2, NULL),
	('dong83otm@gmail.com', '722de0fdd2f7bcdfd402520dfe9a698518f99a6192a6ad79ad3b0943a17da0e9', '0a9737cf84cbefa5e8d32c3ce3f3283c09356d387c6955c889c24a58f23d065c', 'Nguyễn Văn Đông', ' ', 2, NULL),
	('dongchequoc6768@gmail.com', 'c12efa65bbe953215ea709b6333896e8ec068a81eceee6e3fc9b22a6c56dca5c', 'e7d85ff58e4c0112b3f6706b3651a2dbef5b0696e492602374040250212ab852', 'Đồng Chế Quốc', ' ', 2, NULL),
	('dtgdtx@gmail.com', '0161d06faa2614ef3c77e7945b0709ec2fd0494166a951b06afe0c4da7cec77c', '9091e7e537c0ff55b86e9ca846a911518e3f1788d3adbe1789571d23eadbcdb8', NULL, NULL, 2, NULL),
	('dtpha@btu.edu.vn', 'a693f21ef5aae2c1c93f947275bdac237b7809415e613289f68d23b593bc8cfa', 'cd9818615cf7f3608d71a2b0ebcef8c27c933ec8892eb49b7a31be493c4ea70d', NULL, NULL, 2, NULL),
	('ducduoc73@yahoo.com.vn', '91631434c219255b6d8f6ccff346b1953ad5b33dba903dbf2dbcded0bed0751f', 'c2ced3f32ed5fe6315fc320199f202691f36d693cf4e3b840d50cbda0cb6372f', NULL, NULL, 2, NULL),
	('dung.pgdtanchau@gmail.com', '553ad194714570da460e5af08a0ad72663453ee4119469600b1338bc7fadf189', '60d881dae5a9da79063e9437e2199cb0dd76900480ca1f56ecd56ae6e92cacd2', 'Phan Anh Dũng', ' ', 2, NULL),
	('duongduongcm@yahoo.com', '8674d7a1f58a837ddc030deba178321523368e61e6722c19f3aee5849bb52484', 'a51577e1aeb62f41d06dc57f23af35cd63a8cb56c06b512b48660dfd48c6a3b4', 'Dương Thùy Dương', '0918786976', 2, NULL),
	('duy.nguyen2@oude.edu.vn', '78db77d7c6946d6cce786ef340970c2bfc138d793a55e4a3a30df3518a8327cc', '78db77d7c6946d6cce786ef340970c2bfc138d793a55e4a3a30df3518a8327cc', 'Nguyễn Kim Duy', '0393887272', 1, NULL),
	('duy.nk@ou.edu.vn', '6035eba7da655fe33883f2c9fe68e863098761bfd5f85c3405579a35077e3b8f', 'd87ee9587522f71c9d022198d1d343a477d899d8844851e5fb9b7835fe34ac04', 'Duy Kế Toán trường', '0968884644', 5, NULL),
	('duy.nk27021998@gmail.com', 'a0880d5f6f3608ab592a354638b0e155560a135b0bf49f627cc3e5ad5a845eda', '8dff87b678651f23208d117fb92415ed5b51ccab7053dba3bf096c400717dd16', 'Duy KT DVLK', '0968884644', 2, NULL),
	('dvdong@btu.edu.vn', '02cf988dde7c4bcf381484e805d2974d3d17e146041735337c5856d45c5f1bb8', 'eee66163b2db69ece7927cfc9270204988ac908bf6288c2e1ddc51f8bbc88a99', 'null', 'null', 2, NULL),
	('gdtx.gdtxnhontrach@dongnai.edu.vn', '8cb0c3b384d5899b94826304078073b52b4178fe3f0c4caa24689f60e0e689d3', '554ddd370283e6477749ab6219d5092d491bd29e2a1632eac314fb65154c4aff', 'null', 'null', 2, NULL),
	('hai6365@gmail.com', '124dff1eaa02a2d46c26bea9b8e56b9b63891811c9e4b0f0961912d34f290650', '82444f3d5f1a25499d460e56651aff099c936ba34026d1dc0987e1f0bcb4479c', 'Phạm Hoàng Hải', ' ', 3, NULL),
	('haiau2407@gmail.com', '5455a9c0ba2d9a6095e5b677373ef2edd916d935d2217322e3b31f0002955aa9', '965f24895630a29d7c7391c7563255b824d4a1dc5d8d9909bc276bd1692b1cc4', 'Nguyễn Hoàng Nam', ' ', 2, NULL),
	('hathinga@gdtxgiadinh.edu.vn', 'de00e4f87347d187306d511a8cd7b79fdf5afaee230fdbeb05dfaf85b40aa96c', '8ce5f546584ac75cd1f3e5a3eebb2fe18682ea79472b839e829e383a18d6adb1', NULL, NULL, 2, NULL),
	('hoanan2013@gmail.com', '4beec755bd6aba902fff9f095633b3c2b759abc6ad9068f81ce8cefebf370528', 'df05d5aef7a353ec0f4f10482834ee3ade24d74b8747fee404e83739687ccab2', NULL, NULL, 2, NULL),
	('hoanguyenquynhgdtx@gmail.com', '5399e005393c464ac74a920b28894bd409d0fac7394a75a1e49e1e4bd1985ea8', '5ae1a6b4e5b8317e24ada1aa205022dfffe2766649a10c6238c57c328341868b', 'Nguyễn Quỳnh Hoa', ' ', 2, NULL),
	('hoangy.dtntpr@ninhthuan.edu.vn', 'd3fb5349c97f1a3af00b0a9e8d376bbfc9f606d01d4df483af3e21cbe60d5e79', 'd3e3c15d8c4a2ff4f69bb84807cd6b4c1971bdb53d8f375463c9771d592da5c2', 'Đặng Hoàng Ý', ' ', 2, NULL),
	('hongcam36@gmail.com', '17fd31bcdb4ad1a9e43b792ec7302a1d1224b81ba420de6e48219f753a125523', 'c1fd0b241a65753b85420ea41584cfabe193d5c5862306295930065251ffbe58', 'Nguyễn Thị Hồng Cẩm', '0903334836', 2, NULL),
	('hongminhgdtx88@gmail.com', '51dec9c54327943e5670d7e2b8cfb9dccd5fce9a8a50c60a50419d2a8ad81a5a', 'c3750d5415cae37137c449e5c9ef70e5c7f3f96ba46077ea7cfe05c03d544b37', 'Lê Thị Hồng Minh', ' ', 3, NULL),
	('hophilong2011@yahoo.com', '26b9e45f6a5aa865feacf9d29fc804b9061f242c72f18faf7bf0ac368c59cc9f', '39fa821a311e54f001807e592b8523a7a2a41e41510fdd703c2e41e3c2454f60', 'Hồ Phi Long', '0961327337', 2, NULL),
	('huulocn6@gmail.com', 'a149dcb993dab397dd4a71bcdaf4dfeb230cfcb86b41eb53f0f3eed74e655f5b', 'e2284edbaf1a441ecd1af7bf99f43f8bcaf5198768da8ab00a982b58f5d86ac3', 'Nguyễn Hữu Lộc', ' ', 3, NULL),
	('huutrung@dtcc.edu.vn', 'd879a4c9a7b54ccabb50bd3ee7556dc85586c79d4fb87ba4e120b68540ba5580', 'a25a05fb435e7b90b876df948169ea80bb81366f137b643db019e50f1d11dd12', 'Trần Hữu Trung', ' ', 2, NULL),
	('huythong0872@gmail.com', '0ba155a4e09dcf629a9fdc96fefd19513d8e76c35ddb6d0003423eb71aa5fd32', 'b1cc6ff8de032bfb1b035ceb6f48a28763b600b5463df6c58bcbc2cf91c0a103', 'Phan Đỗ Huy Thông', ' ', 2, NULL),
	('khang.lnq@ou.edu.vn', 'e69b2ffc15c2d1fd348a63a8f70ac117578b97c97c2637fcc8f7bed8e64fca22', '064156911c5e15f1ce4c0fe40be38cedf290aa7b6be53e1819dd8495962986e5', 'Lê Nguyễn Quốc Khang', '0979798332', 4, NULL),
	('khanh.nguyen@caodangvietmy.edu.vn', 'c1ecb1eab980a18a15216db07d0b9f747dd2c195e5b4cdc58cb5b2f4ef37d2f1', '6c896b99da99bdf8ce56f9633145419d724046c41c879fbfd3f5c4048bb50cca', 'Nguyễn Văn Khanh', ' ', 2, NULL),
	('kimngango88@gmail.com', '927c29a0b835aa488585cb3a3af2e735e0b1bcef0191f0c20d9549a9b16ecee2', 'e61b7b5e53bb72a0b389ec09fc14fcca93e4c3586ce354e1babc26bb82051e5e', NULL, NULL, 2, NULL),
	('kimthanhcse@gmail.com', 'ef90ef8bd7eefe278c44607b90b3161c1355cbd7b1d36dc59ad25f8416f5e191', '0698c26286657e57bc4e736a2981f1a705480d01de3cb93ba16cb5eed9c4706e', 'Ngô Thị Kim Thanh', ' ', 2, NULL),
	('lananhgdtxpy@gmail.com', '668494bff7a3346f6bcb17258e08d986589d62301785221f1aca38b4e2ca3959', 'ad892b115f32170e7eaa75ce32d177c0526db29fa992a48ea4c7771f81d1099e', NULL, NULL, 2, NULL),
	('lehoangan.cmcc@gmail.com', 'c565a6f60a6cb037676d35b0fae0721955a22bb09d28acbef76291b5d26bd866', '9b650b705dffdaeb43df3b6068a080dfd2f26c5657dfcb7092f088a9626d2486', 'Lê Hoàng Ân', '0919449936', 2, NULL),
	('lehongpq@gmail.com', 'ee98c8ddfd3b0f3ca79a0a8a0901ffb195dd1cf681ed8ed97ab8a9d0c2102994', '9b673f64bf3581ea7e986e5f95009debb167a84d3effb0484334b63dec5c43a2', 'Lê Thị Hồng', ' ', 2, NULL),
	('lekhanhtoanlkt@gmail.com', '41c44bad49273e3ade9588cdd10e314af399c23cc03429e59eb844f098641baa', '88cae70b9b2ee0e544d2e0ceebb2a4d2ca30d90a3be01e69713b96bcaabbea3f', NULL, NULL, 2, NULL),
	('lequocmongbao.gdtxag@gmail.com', 'c61d0c6ddcfe2a3c96cdd30eac8ea7876b6c09033753929d4dc4b7e7c9003084', '6b9b79b463daf8dcdff105057e4ca2e7e3b73475da80379cb0cdf616796122c3', NULL, NULL, 2, NULL),
	('letranvinhphu75@gmail.com', '6d650b0b44d3bbfc37223e2d0b7343d8058411bf44365096e67b1515127ea1d0', '9be60f133754b20d2da2905346899c84850f2f81ec78485f0fc88f0f2ae5b845', 'Lê Trần Vĩnh Phú', ' ', 2, NULL),
	('levannoi.chupah@gmail.com', '7f801ba6d24f6fd0815ffa1e79ccae67d8e2c04f0b6c04bf73fc7705abc5ce6f', 'bdad7fbcb15405412efacc876da98c898896d06e920505512dc660832cf6df71', 'Lê Văn Nội', ' ', 2, NULL),
	('levanthuanpleiku@gmail.com', '98509a25d7b52ee5693e0a294c76849e6218ecb088dd8b762ee296f4e60364b3', 'a662e4f18724583197a79241ccf2ee23a34799c5dd4a716fda162d9918c9c837', 'Lê Văn Thuận', ' ', 2, NULL),
	('liemnh@haugiang.edu.vn', 'ef3470e0550accee9a4b32714e38663d911a94cd7d43343f5d7dac47ab0d74ae', 'ecf4cded0518db0d713bea9112f324214929025afdaf7ed1bf4a590377298e6e', 'Nguyễn Hoàng Liêm', ' ', 2, NULL),
	('loanketoan79@gmail.com', 'e594c338081f826475cbac95b976d87e74b43b3d55e232cfffed8100e29d0aa0', 'ece47abc22f10ffeead211c4841a02d22d3bfcba911e2e309ffee564ad145993', 'Phạm Thị Loan', '0393887272', 2, NULL),
	('loc.nth@ou.edu.vn', '537e95ac45f68fd18a5bf2fab00969c227720151623bd4ace662d5c095ee2124', '346f25c5100c97b0d3f6e372d2244550210e983b992f3b21f64e6d9b659bf678', 'Nguyễn Thành Lộc', ' ', 5, NULL),
	('locdian14@gmail.com', '33926ffeedabe55dece62e46f4c62dba46202a2eba2906c292476fe1b168c306', 'e2601332da6aea3c0410ffe6a48b1345a922a653e137bd89cd6d830581d0ddd9', 'Phan Trần Phú Lộc', ' ', 2, NULL),
	('lplinh1987@gmail.com', 'bdbc15cccd2c6c30f092f785289fbf10e9d96fe3186f6093a8931e4165c76efb', '1c3d1cf9a4199f7656aa3ab40886f5aa8a7b8634657baef121ce8c7f0e2eda86', 'Lê Phan Linh', '0393887272', 2, NULL),
	('lthmay82.vn@gmail.com', '0b2c1f923fd0bab173421c27c5b17760dbb78f72d96134e925bd54fad996438c', 'b49e8c2dff155d9cfd5cad4bc3106b2c72d873e8c18d59329272731105262977', 'Lâm Thanh Máy', '0393887272', 2, NULL),
	('luan.mh@ou.edu.vn', 'e0312895417eb09499a03aacdefdb268937c6ca8d5de656b4ca4e54340db9a0b', '27537eeb64df5135acc0b62f20dff914a2f9b7d3e0e354065faa5d91a5d3e5ce', 'Mạc Hoàng Luân', '0393887272', 5, NULL),
	('luat.pham@oude.edu.vn', '58db86f6d8e3bcf8e4b66b56960d05608017578ec39164b1f86e902ae28fd469', '623daa609d8dd81eebb44120e9e208969203fa3462bbab0fbc46b64cdec5094c', 'phạm Viết Luật', '0393887272', 3, NULL),
	('luong.nt@ou.edu.vn', '3d471de92e8f6a8e14d1f76dbd6ffe8244746d2a1dda93ac46c4ea18c4577b12', '02084e89ea94792a01660bcbcd4893491b057769296119b06cb3547df931f5af', 'Nguyễn Tấn Lượng', NULL, 5, NULL),
	('luongvinhthuyhien007@gmail.com', '96918f86d999535a837053033eedd23ee636f400af26c2450c34d1416f262395', '7c0093edb708c443344bd4d4f60e69286cc8c98c6ef40060600347517849e158', NULL, NULL, 2, NULL),
	('mai.nguyen@caodangvietmy.edu.vn', '77e36779f068e094cf0380beae39a47e5e24c57e5badfdda1061135fa3ea198f', 'f3f224ff1628e003f2ffab41b040888e6c0e725ebbc8de23db4aac2919c41453', 'Nguyễn Thị Tuyết Mai', ' ', 2, NULL),
	('minhcsdn2005@gmail.com', 'c2731d2a344a79120dad11fe1fdecb7b6f2e9a165359f7503efb3c941cbcb8be', '7668096395c25ddb015b14ee274bf2171027a47d1e2a02ff397347e6e6a1a20b', 'Nguyễn Thị Nguyệt Minh', ' ', 2, NULL),
	('minhthu.bt955@gmail.com', '3549e1bb7cdb13425afe8001a5698a0d47288c73cee33510776c0547dcce484d', 'a1ed70e4c2346471be68f2dae487f84801ed171b271b002ac65139b5d0642636', 'Lê Vũ Minh Thư', '0988955123', 2, NULL),
	('minhtrivtau@yahoo.com.vn', 'b9402e08231dd40de34654c74e0f6b9b758a7b014f3c43c23a2c17623e074222', '5bd3ee529b31e7fa2a37be04c35aa0d55e201705431e0b5bd69aa2f04ed59d9a', 'Nguyễn Minh Trí', '0393887272', 3, NULL),
	('misshonglinh02@gmail.com', '31e9c1b83c48918b04033a9a77644232b62381ca0f9ef31ccd73451b87b3901a', '244cc298a3f600bd3eb9de5d55e9dddd4aad8bc3209eafc4ea8fde871924fb5b', 'Nguyễn Hồng Lĩnh', ' ', 2, NULL),
	('muoinv.gdtxtinh@haugiang.edu.vn', 'c20f49a7e67096b93b01c7c69f8bb3fb30179e6b518d8e598d9a66955082fdd1', '20e911de648d96d128964567cfb63c96ab4e74c500b5799b51b1cb303b2e1e31', 'Nguyễn Văn Mười', ' ', 2, NULL),
	('myng8388@gmail.com', '08a9a5c71ed2241807d8547823720a4e7bacdab3eecc71a001e1d26b9aaf663d', 'aa0e1c3226f84898f9fb42977a182d5b5498400dc365eb781f97998a386be1f8', 'Nguyễn Thị Trà My', ' ', 2, NULL),
	('namhoang.qd4@gmail.com', '9797dc9feb5c43993e2a0cfe05b2240461698a379759ec17165436f7ff06bbd4', 'f71ddaaf32f5d40da634b680642ba9dfa3a1d53821fe19887cfef88c6daab4ea', 'Hoàng Thu Nam', ' ', 2, NULL),
	('ngan.ntth@ou.edu.vn', 'bf61759b99d93d00e2d5d7147504048fd6f5429e331488e923de7d84280dfbb0', '7aacca7c8a7633e83f5957909729dd34b1465bcaac5946316eee139202f15f16', NULL, NULL, 2, NULL),
	('ngapa.ttgdtxpq@kiengiang.edu.vn', '674bdc8f5358386766597540f905634e4d06a11becbe2cd09691cca7d3e7d2d8', '9c5c58ecb89a512e64c547b207309a1a21c375a5995524be0742567d0f1ec03f', NULL, NULL, 2, NULL),
	('ngaphuai2000@gmail.com', '14c459b43fa5c46e1e5cbd933b630bda528522f6a0df53791c8182ef541ad076', 'd4589b3e94654defe83df364afb465eb82e2ff5cff1739df62fe16fa530ba9b0', 'Phù Ái Nga', ' ', 2, NULL),
	('ngochieptcn@yahoo.com.vn', 'e3a6f3b359a14119da1b72148bdcd99bfa30a4acbd009130766c9175f1ac9236', '7d71082110408d47358c309b7cc071307ba9001d4c451075cf1df6cacf8ec45c', 'Võ Thị Ngọc Hiệp', ' ', 2, NULL),
	('ngocmai.nd208@gmail.com', '5c424132ceb813ccd968b037f1e66e7ce6cff9db18a26b14cc6ca57dd77941c4', 'f10704d533a5db5cb5355378251f7f0b89d862b793be75482a664ce43312e55c', 'Mai Ngọc Mai', ' ', 2, NULL),
	('ngovandang1977@gmail.com', '6b8eccd4e6c31a57b67ad4b8deebe484bf8ecc4a1d9a91548b0685e54896b05b', 'b416a54269685526ab5841a755d35f971d0fea68f149985edde1649b8a8b8b74', 'Ngô Văn Đặng', ' ', 3, NULL),
	('nguyenhau70@gmail.com', '3c445cbf1f01e17081af29a6b810e028c656f3a4db2b47b4e06e9aa79017f7a1', 'b86e01ad9200daa92f7e827a8b7f88c2342ee79ec52ddca7e307237834da6c1d', 'Nguyễn Thị Hậu', '0393887272', 2, NULL),
	('nguyennhuhuynh.cm@gmail.com', '10b84faa2fa745a71d880ea0ee1cd7fbb1f89938733ac90a50415f8b4d8d5284', 'd0b36d7e45f55618e9a18d77e0f987fadbdbb0dc00819ae1bbd615b433eefa30', 'Nguyễn Như Huỳnh', '0912096963', 2, NULL),
	('nguyentcncuchi@gmail.com', 'bef233b2d6d479140d4002ec9f23484293c72a1f8349088f8ac93ce18f97e0ca', '686160776a81185162b926b54f5fc4cd9174bf12d2a0edc98a849e4ecf6d29db', NULL, NULL, 2, NULL),
	('nguyenthao.vsvc@gmail.com', 'bd27cfa8d44bde678e1a84bc2c133af208ef7b845d185b127c3feb5b6f46e2ff', 'a0d493b89c56bd8e93d8778acc59039687adcb555faacb87073aecd1aa52c353', 'Nguyễn Thị Thảo', ' ', 2, NULL),
	('nguyenvanducgl@gmail.com', '0b8a6b8611db7c4da9cdace66f14c9e43b0a630f275e39f4683e5da277af4772', 'f982a21bf2f3ebed91d190bb4aa59df6ad7a64e1ae3e71133aecafe22892b3d7', 'Nguyễn Văn Đức', ' ', 2, NULL),
	('nguyenvanhieu759@gmail.com', 'cbf3de580d54243d9a83896f7b04424ebbed816a2859e83672e80255465926c6', '21b226ba79e52169282b9749d8a470aa3d278de895ed20bd6e43c1d04891f48a', 'Nguyễn Văn Hiếu', '0393887272', 2, NULL),
	('nnthao@dtcc.edu.vn', '12ca558b2c5a3e9878ad0773fad5f142363c13f58cf7ee98c0c7e85fdc8f74ee', '86211ccdad73e46478195691f7040007c07dc6b1bc415e4226281605f8699d37', 'Nguyễn Ngọc Thảo', ' ', 2, NULL),
	('ntknga@dtcc.edu.vn', '9748ebe72d8928d6aefd3dc656e9993e3832be6ceb0e8bfa891621a512aeb545', 'b417ed75c72ad5cb61d519d6e1dfce34de13c7d1dddb89a758310f9f17b43fe0', 'Ngô Thị Kim Ngà', ' ', 2, NULL),
	('ntle.gdtxtinh@khanhhoa.edu.vn', 'eeac4c932c73a1249230ed17691ec8e0a191cce2e3d0aade2a424569bb0fccaa', 'f5fed7cf720a802f365163191e14177f0f45c19c522efe61b31872cd1c564537', 'Nguyễn Thị Lệ', '0393887272', 2, NULL),
	('ntnha.gdtxbd@gmail.com', 'c434bdd39b2428ad49b384995c1cab67c1d9291e4c57437f9a82148766ab3d9d', '8a48023f4ce051d7fb67f643a2c328a465eff3bdb74206a5a30ad50b8b69a6ac', 'Nguyễn Tấn Nha', ' ', 2, NULL),
	('Nvs0103@gmail.com', '1657e895dfae0edb8165b63ebb66d37f5987e8cb051ccd46d198fff1d814005c', 'dd08a5e006663dcdd1492db830f263a0ab0db64970d0968a1a68eaf07bc5d381', 'Nguyễn Văn Sinh', ' ', 2, NULL),
	('phanlien818212@gmail.com', 'fda3d27b399d286e734f730b9970f7913b38ee9239b305f80300bbf87d3549f8', '28bc0a9d672f9503648f506011f1b047e7dd9ffc9c8fadbf8be910cd2b832385', 'Phan Thị Bích Liên', ' ', 2, NULL),
	('phingdtx@gmail.com', '88e6f6619eaceee2024c2497c839def9d4081fb89bdc0b2b2821c201daa21576', 'ca67fe014b38879bd1f3bc6257925c30b2d8327756853ef5ac512ab1d9477887', NULL, NULL, 2, NULL),
	('phuoc.nk@ou.edu.vn', 'b3d3f558c64f9ef10e2892835dff3c5eefbe3afb2816cc82712149d2f1143d00', 'e28e95f69ccf38f84fd01d47497503596e7239e1232a1d8c05112523e746f1a3', 'Nguyễn Kim Phước', '0918181008', 4, NULL),
	('ptdung@btu.edu.vn', 'dd57c19ff96c2f4777762fc92bbb907adba25557e0e6d88cf6c8ed63aad4b81b', 'bf26078f4decbee49113207749955d0d896af140265c3da95660ce103d3fdee4', 'Phạm Thị Dung', ' ', 2, NULL),
	('pvrsing.tnxp@hcm.edu.vn', '2fec5ce6f06e51214194018ab761156d1153b6be2854d9affac968315a25d9af', 'fd150af988f3114c10964bcfbbd23b76409ac5b5453f9a9d62ad372e94977591', 'Phạm Văn Ri Sing', ' ', 2, NULL),
	('quynhhoagdtx@yahoo.com', '2eeaabb0958536df776eb9505508f9643cca012ed129051dc48e62a85dbd162c', 'd56b4d6eef1c6f6755b5bbff9064d143f9b223bbf43c01bbf4377dcbc791699a', NULL, NULL, 2, NULL),
	('quynhpham.261190@gmail.com.com', 'f5b7db18a6043b345d92463cc3c682db9c9ee8d4801966a9aa93a9d440c70038', 'e3274e463aaa377d416a951412ade86dfbbe970abf24753c1a02a57d6afc02f0', 'Phạm Thanh Hương Quỳnh', ' ', 3, NULL),
	('rising_lathedo@yahoo.com', 'b44cd16381c7426178f00763a5768515ed8d856e7ea23fb107a0e1e3f4f6d096', 'd4345d40a01bee2074bb3811552e82e27c551899f4495ec3c44ad8e764a44701', 'Phạm Văn Ri Sing', 'null', 2, NULL),
	('rongdnchuse@gmail.com', 'bcc92e0a715bd13c378670bcf59c6daa09d0ce18174d8449cf8923debee611aa', 'af605ff86a6b8626a6ae66c751f5529490d260236d012e3f2e870496746b589e', 'Ngô A Rông', ' ', 2, NULL),
	('sang.pdp@ou.edu.vn', 'ad5e3b50c5c04416922ba8395c604fd09bfdd21aa4d34c9557d007bf19dee6cd', 'fafd9c996d1feb4123c43e86e8219163a1bfb058893b1e4ce478b310c6d188b5', 'Sang AdminDVLK', '0968884644', 2, NULL),
	('sanggdtx@gmail.com', '0677e234c34e5463065ed600edc801d1091572157c3ed756f8883c7df8731c0d', '367323fc40267b7d45042eefe5666ef030a2bc980f20881f9ef736fbf2307ab2', 'Sang Nhơn Trạch', '0393887272', 2, NULL),
	('sinh.lx@ou.edu.vn', 'ba22f5989bb5530de6f0db5c63f27be868995fa4c808d842899c8b3134a781ac', '97f97fe9bdf2114e64383fe394dc7c475b63e324bc8732b88f4d20215de21078', NULL, NULL, 2, NULL),
	('sonthicdspst@gmail.com', 'f72a261b4d65a9d8bd29fcde5472cbb6d74141e93f9b2c2ace182c36eff09bcb', '14cefe126087ed6d712798d6c25de0826abc92e94dc967f431c1234311856ccf', 'Sơn Thi', ' ', 2, NULL),
	('tanpham19@yahoo.com', 'da77060a2afedb59be83bd7750f13f02daeadae705f9dfadea1cc7517aac71d8', 'da42c5df29eae1498d31277214d6c26e384843f3ee4d261fc1c7bf8fb0ea7ee5', 'Phạm Minh Tấn', '0393887272', 2, NULL),
	('taxuanmai.79@gmail.com', 'df0e04bca66cd29279628d590a7e129a657c3091caa6364d6a66adcdabaa4aa7', 'a48bd9b1c725035001da0753313b5b8a12891217217a0ed0149722812d4c1014', 'Tạ Thị Xuân Mai', '0393887272', 2, NULL),
	('thang.nq@ou.edu.vn', 'b002df6f38b5c31cff5d1663a7f2eea9267ae95b1fac5a32551be624ceae0581', '874e911a5c5948819f763b64ad4559b9b4a6f03459ff66cde25a15e152667009', 'Nguyễn Quốc Thắng', '0393887272', 5, NULL),
	('thanhduy041975@gmail.com', '0238fb43b12a6ef707716b3ecaae89861870ec3714d7b8a683de0fc8c8faca37', 'd81763683552f40f6e466a9c78285b1aabeb9a4fb916fcb2fed565f70c88ab16', 'null', 'null', 2, NULL),
	('thanhdv@sthc.edu.vn', '7e717f82e8f20de3e3981a68e88fab64b1994b4adf757ea437acac3a62993f70', 'e03928611780441e59ddbaafa11177e4effc29043311e16ff32d8dac91e10bfc', 'Đào Văn Thanh', ' ', 2, NULL),
	('thanhhaittdntn@gmail.com', 'ad8ee7300ff74f2e25e633dafb430d3402e9a30a636166ad47c843bf46cd4c9a', 'b92ed6b0466e2e44dfb41495659d66a1b59b898eca11eb9b96e45903a9f86cc6', 'Phạm Thanh Hải', '0393887272', 2, NULL),
	('thanhhuyen091983@gmail.com', '1b84e45a7679866f3238f25c16053afdc70214ad3597c6d7a833f459b3f72769', '1595c595e08ab61d9b0d8650404f6133693dbf8d31ec88c36b89a25b12c35176', 'Nguyễn Thanh Huyền', '0988915102', 2, NULL),
	('thao.nta@ou.edu.vn', '1a19d386bc23a908c7e66e7012f252cfeae671ddfbe26d34d5b6a4027aa32bc6', 'b76561ee880e37de37291d0b4baeb9c543484ab228cb897db534d478db68c499', 'Nguyễn Thị Anh Thảo', '0393887272', 4, NULL),
	('thaodien23071981@gmail.com', '3c00b3dbde5c69cc8c006ca700abe281598a1afc3cf941e71cd7f68e4513f6f1', '4a37f4a5bb40fcb93c4160c9bdfd93285c3550f4ebd85eb2eeec54d8de73c61f', 'Trần Thị Thanh Thảo', ' ', 2, NULL),
	('thaoly19011978@gmail.com', 'cd8ad65f2a80737c52cc2124e10524e7447a4b90decf2e24ab885b9913d15700', '60022294ba4767738f85c9e740e74d124b208ad646328fce6799f54a00f0ffb9', 'Nguyễn Thị Thảo Ly', '0949954756', 2, NULL),
	('thaontt@sthc.edu.vn', '33134ab985599463265ceaab4eafcc4ad223f7ae590ef44f340a9491a6c6dbba', '9ca11a78b27ffe176b0086bdd11f3b4c5cfee9dc16560729d6c396329da5d329', 'Nguyễn Thị Thu Thảo', ' ', 2, NULL),
	('thephuong85nb@gmail.com', '79d2cabea1caedb153666976d8759cf0e4ca8c04453911078ef7f4018e43417a', '9814c863b2bfa4f068c3555ccec611ebf190d31ed863a29b3a15d19827ce886e', NULL, NULL, 2, NULL),
	('thua.nguyen@caodangvietmy.edu.vn', '3b78c98d5512af8c950fd4b49ddccf08fb36c4f6eedeb8ab2aacf96f4e3b1cf4', 'c909c1554a1dbc3dc73d76d29fc86925522d319182124812157ae6d984eac6a0', 'Nguyễn Ngọc Thừa', ' ', 2, NULL),
	('thybinh07@gmail.com', '4549358dbd3b63099efa823b5f61d270697ce538d6b83f1dcacc39f4dc1a7b40', '9458b91803ac6477ed45cc826ac71d8951feeda675bc00ee5d7042980a8bb226', NULL, NULL, 2, NULL),
	('tqoanh@btu.edu.vn', '102e6ff424a916b839af7a4ddcd69f20824346faf29df0e2aaddd1346621b000', '6837cf1cc1ae6f55fc197b5cd5e7c1e897a680afbc9a2ef8841dcd99c4e129cd', 'Trần Quốc Oanh', ' ', 2, NULL),
	('tranducduoc1973@gmail.com', '0e0e873792fac6fa2aff2996960b9e458e3b4faf62311d2bce05ab9108a5ad23', 'ba782a4373ec566bd183f1e50f50051384820d09a1c69e3aaa4f88d91f6621be', 'Trần Đức Được', ' ', 2, NULL),
	('tranngochuykt1990@gmail.com', 'f13dce6869642470c99eb397314dc034be5a4bb4bab4b165919d2bf0a9237967', 'b2dac1379b4be59ab6d6b0162c093b4cbfa89f049469fe2cf1be49886329dbad', NULL, NULL, 2, NULL),
	('tranthanhhiepvl05@gmail.com', 'c4c64aaa4d1f65b307b6809d87dc0a64ffba17b465fa11b9fe7845f44d180592', 'f49f38b77467c6c77b132dfa9f4166a6cadfad7395ea39fd1e7c31a589cd0615', NULL, NULL, 2, NULL),
	('trantutayninh55@gmail.com', 'f507d6e6b7106ad3304e76629ad064a7d0dc5b387aad8f825db69ccb9945512d', '4e5ecba6b6abd688ca66f98d33af894f5587637bad43b4ebb39e2557db50cc18', 'Trần Văn Tú', ' ', 3, NULL),
	('trongthachng@gmail.com', '06fc81a5705894467e4dba0b05b0af4318a00299b645d9067100ef5da87aae3f', '3f2ad036fd25780b8d69aa597b87051b447470971e90a16e16d14df2f55ffda8', 'null', 'null', 2, NULL),
	('ttbdctpn@gmail.com', '39c778cd66924ffd5770843e74143a9a84ea242fd41384b006218e073aa495a5', '6ae53c0bcd9902cd31d1b17575851d2f4c9ec4f0df2247553f2b33c5e473302b', NULL, NULL, 2, NULL),
	('ttcndongthapmuoi@gmail.com', '1062201e2fd1e9c6275348a175946a3ba14f66d8dd5beb88ffb625bf187cb23a', '50d7f2cc365f982b6be4d54b690777e972db8aa6f6bd35c78197114f8e235d7a', 'Tô Thị Kim Thoa', '0393887272', 2, NULL),
	('tttlinh275@gmail.com', '0c2b5570d73bb960ca9f4aa6958c9e5be5b7a9aed774625b397cf57688522adc', 'b643f24bb2685e915453afcb6ea01b30bb66b3bd0b6566bc311502385a789a38', 'Trần Thị Thùy Linh', '0393887272', 2, NULL),
	('tuantcktcntn@gmail.com', 'f36a478e3d933baae4db5ba87d0836f52f4a1a9e4c129e20fb77771d51e7078d', 'ec72c879c5e67791aef75207fda24407da9a7b5be5b9ab8de945973c6c1d02cb', 'Nguyễn Huy Tuấn', ' ', 2, NULL),
	('tvchinh@btu.edu.vn', '0594448a28a53c7bfc085262d77c6344665098ad47455a81dcb219cdfa35c794', 'cb70e2344504ba7ca3603f9f48d4afb31fcef9dc4a4fe3c54d6f385bf674ad31', 'Trương Văn Chính', ' ', 2, NULL),
	('tvthanh.gdtxtinh@khanhhoa.edu.vn', '951c8cf177eaa08d91193a04a1881a14768915e324def7564b471a71b262419d', 'f85191bb7d05aad6bcc869600655bb46a238ee65dfe465f1e16399e9db6b30ba', 'Trần Văn Thanh', '0393887272', 2, NULL),
	('txhgiao@kgc.edu.vn', '6a6deba5b1c5e515400b94173766970cba93ec27b1097314a9bd05e9602ad150', '79b27e9e6bf662bd7d23d57ba22e7e41c6ba79b1d3dc48360e85f6fb0a50873d', NULL, NULL, 2, NULL),
	('van.ntm@ou.edu.vn', 'ae0c6a6cef63d050fb50ef5c611449cf8af7ea2f20892ae6e0c04127b7baebce', '31caa1e293302b1cd268a2f2cee0e948cd15614ee715f85de404b5ab0eec9ef1', 'Võ Thị Mỹ Vân', '0393887272', 5, NULL),
	('Van.vtm@ou.edu.vn', 'd11f06f82a1e21ff4fd33dc13de6c1c55998b0b415d5eb6219a5f57512130612', '1a8556200ad7dcaae9210e177bbcd0d8b88c218e6ebd23772f15046abd223b25', 'Võ Thị Mỹ Vân', ' ', 5, NULL),
	('vantaihpp@gmail.com', 'f85421d793a31616b5ae9bc25d48cd4de149758e1199465977673cb82e9bae86', '37dc98be2bae06a875867c6c05694a8b41d09b0f995e75cf85c3bffed799313d', 'Trần Văn Tài', '0393887272', 2, NULL),
	('vinhtrungcapcongdoanbrvt@gmail.com', '9d536fdd11ba1c4ec139a1712a089a84ed26845c08b7da5f5ede84f325beaa7e', 'c33370062dd6c66049b002c861dc2277d2e4c2352baf2ff05d64d327d42c4536', 'Trần Quang Vinh', '0393887272', 3, NULL),
	('vivandalat@gmail.com', '50ab5b99e9d240d1990f724ef9faac86c6498b36ced4806c50d15384a40c195c', '580d5a5193d6d5f832c2f494b57285f4b8e11f3939afbeff56e564ff623f1ab3', NULL, NULL, 2, NULL),
	('vokhoahg@gmail.com', 'b6c1b7c57a25d14dceb66e8962166626ce5422a3e930ec6f573e1f383bc076e0', '708ab471329504d64ac33ed13660bf06247da3f3951357dfb60dd81379a9bc26', 'Võ Đăng Khoa', ' ', 2, NULL),
	('vothihangpk@gmail.com', 'c0bde01d73ec8a03b03a17f0f0d2a22f202e64b99f973b865df25f2d95e6de5a', '91f662d4871007e4e12f6b33af758bb7df7278ddf3c42c88ae7dafe9f4c1415a', 'Võ Thị Hằng', ' ', 2, NULL),
	('vothilamkieu@gmail.com', 'ef7ce67db1f0f9e3c31c889087909d26fed6d9f18677be356983fcfbf52a602d', 'ab632bdda9eafb0114fe915bf26d0d72cf24b8cfdfb2db967349c08daf213585', NULL, NULL, 2, NULL),
	('vovanthuygdtxgialai@gmail.com', '689ad62bcbd04760e8194c15438019b61eecba104e0b32cdcd3ffbd83017f2f4', 'b0fda80ff714043560454d7552a3ab431005ffc28344ce872e4231bc4cde3a27', 'Võ Văn Thủy', 'null', 2, NULL),
	('vovantienttgl@gmail.com', '7b5cd23bdc3ff07b18012732e4b3b6668490ba371fdcedf405018fdc17ece594', 'e98f0bc9116c9e58791027d8685eb7ac890afca98001db633bb85f5010800ccb', 'Võ Văn Tiên', ' ', 2, NULL),
	('vunggdtx.vt@gmail.com', '9637483c95191f074bc340dd4189d75461342dab4dda07fa7dafc8faf19f59d4', 'd074520352e3e0ccdeb688141a524eb8af5bb792e480d262acdbca2603b63863', 'null', 'null', 2, NULL),
	('vy.ttt@ou.edu.vn', 'ed1fafb9709aced6391e7e73aebe02400441bc34ab5794160009bf47b7ba8c99', 'fe98dac0328aea3722d6a12bab3427a15a848584f7ce21029bc05705bdef51e6', 'Trần Thùy Thủy Vy', '0393887272', 5, NULL),
	('vynguyen090690@gmail.com', 'cab75ee7ca44094936299f315ad2d2d0b654475c2178d8981e500ff523655448', 'e6cc3cf9004df34a2e91037c0d9f5bda12cfb47bc2ce6925bf924d122ea66d85', 'Nguyễn Thảo Tường Vy', ' ', 3, NULL),
	('vythaodnlg@gmail.com', '43c282a0d1c3a1cad39c1c58ba75716d543fd880870c291ca7a36212ef322968', '408c336d78aaf147564d9659c23af7e59ef7f5933e26e19c0010440f6a818cce', 'Nguyễn Thị Mỹ Thảo', '0933417998', 2, NULL),
	('xuantien.gdtxchupah@gmail.com', '050066087a53d199ca45fbf9b6cc9e207b61d22c8bf676251936ec2a314b6948', '6b5f3da54f55463598d8a6231b1f79d37528757e86a7920aa2a06d6da1e5d86d', 'Nguyễn Xuân Tiến', ' ', 2, NULL),
	('xuyen_tcndh@yahoo.com.vn', 'cb542669012dca44eec756825d17caa78628c7b4674e887987728bbe56789fa1', 'eec27244517bb1e719000a0b3b463f6431aeaa6e7ca59da09dc694cc5f4e2943', NULL, NULL, 2, NULL),
	('xuyenphan611@gmail.com', '77519a986f5b0634af0d6ac46b71b289155aac96c0b7e77add45d78a485a6c73', '21fa2ceb1b960ac5b7c8ff9cb5e7dad81804e9224dfa5af5b1d494b9a199cb49', 'Phan Thị kim Xuyến', '0902924792', 2, NULL),
	('yennn@sthc.edu.vn', '0ae85382783fb4a9c54bcb261f51f1ad6c2594c27568b2762f150df8ebd1b623', 'a04150fffdb51a8b62d8af8281338143f9e08b3b4c7f71e2dcd99d7d85c09a81', 'Nguyễn Ngọc Yến', 'null', 2, NULL);

-- Dumping structure for table theodoihocphi.user_link_unit
DROP TABLE IF EXISTS `user_link_unit`;
CREATE TABLE IF NOT EXISTS `user_link_unit` (
  `mail` varchar(200) COLLATE utf8_unicode_ci NOT NULL,
  `unit` varchar(100) COLLATE utf8_unicode_ci NOT NULL,
  PRIMARY KEY (`mail`,`unit`),
  KEY `fk_lu` (`unit`),
  CONSTRAINT `fk_lu` FOREIGN KEY (`unit`) REFERENCES `link_unit` (`unit`) ON DELETE CASCADE ON UPDATE CASCADE,
  CONSTRAINT `fk_u` FOREIGN KEY (`mail`) REFERENCES `user` (`mail`) ON DELETE CASCADE ON UPDATE CASCADE
) ENGINE=InnoDB DEFAULT CHARSET=utf8 COLLATE=utf8_unicode_ci;

-- Dumping data for table theodoihocphi.user_link_unit: ~803 rows (approximately)
INSERT INTO `user_link_unit` (`mail`, `unit`) VALUES
	('admin@oude.edu.vn', '_K'),
	('duy.nguyen2@oude.edu.vn', '_K'),
	('admin@oude.edu.vn', '_T'),
	('duy.nguyen2@oude.edu.vn', '_T'),
	('admin@oude.edu.vn', 'AG'),
	('loc.nth@ou.edu.vn', 'AG'),
	('luat.pham@oude.edu.vn', 'AG'),
	('Van.vtm@ou.edu.vn', 'AG'),
	('admin@oude.edu.vn', 'AP'),
	('loc.nth@ou.edu.vn', 'AP'),
	('luat.pham@oude.edu.vn', 'AP'),
	('Van.vtm@ou.edu.vn', 'AP'),
	('admin@oude.edu.vn', 'BA'),
	('duy.nguyen2@oude.edu.vn', 'BA'),
	('loc.nth@ou.edu.vn', 'BA'),
	('luat.pham@oude.edu.vn', 'BA'),
	('Van.vtm@ou.edu.vn', 'BA'),
	('admin@oude.edu.vn', 'BB'),
	('duy.nguyen2@oude.edu.vn', 'BB'),
	('duy.nk27021998@gmail.com', 'BB'),
	('loc.nth@ou.edu.vn', 'BB'),
	('luat.pham@oude.edu.vn', 'BB'),
	('sang.pdp@ou.edu.vn', 'BB'),
	('Van.vtm@ou.edu.vn', 'BB'),
	('admin@oude.edu.vn', 'BC'),
	('duy.nguyen2@oude.edu.vn', 'BC'),
	('loc.nth@ou.edu.vn', 'BC'),
	('luat.pham@oude.edu.vn', 'BC'),
	('Van.vtm@ou.edu.vn', 'BC'),
	('admin@oude.edu.vn', 'BD'),
	('danghanh0111@gmail.com', 'BD'),
	('duy.nguyen2@oude.edu.vn', 'BD'),
	('loc.nth@ou.edu.vn', 'BD'),
	('luat.pham@oude.edu.vn', 'BD'),
	('ntnha.gdtxbd@gmail.com', 'BD'),
	('tranducduoc1973@gmail.com', 'BD'),
	('Van.vtm@ou.edu.vn', 'BD'),
	('admin@oude.edu.vn', 'BE'),
	('duy.nguyen2@oude.edu.vn', 'BE'),
	('loc.nth@ou.edu.vn', 'BE'),
	('luat.pham@oude.edu.vn', 'BE'),
	('Van.vtm@ou.edu.vn', 'BE'),
	('admin@oude.edu.vn', 'BH'),
	('duy.nguyen2@oude.edu.vn', 'BH'),
	('loc.nth@ou.edu.vn', 'BH'),
	('luat.pham@oude.edu.vn', 'BH'),
	('Van.vtm@ou.edu.vn', 'BH'),
	('admin@oude.edu.vn', 'BI'),
	('duy.nguyen2@oude.edu.vn', 'BI'),
	('loc.nth@ou.edu.vn', 'BI'),
	('luat.pham@oude.edu.vn', 'BI'),
	('Van.vtm@ou.edu.vn', 'BI'),
	('admin@oude.edu.vn', 'BL'),
	('duy.nguyen2@oude.edu.vn', 'BL'),
	('loc.nth@ou.edu.vn', 'BL'),
	('luat.pham@oude.edu.vn', 'BL'),
	('Van.vtm@ou.edu.vn', 'BL'),
	('admin@oude.edu.vn', 'BO'),
	('duy.nguyen2@oude.edu.vn', 'BO'),
	('loc.nth@ou.edu.vn', 'BO'),
	('luat.pham@oude.edu.vn', 'BO'),
	('Van.vtm@ou.edu.vn', 'BO'),
	('admin@oude.edu.vn', 'BP'),
	('duy.nguyen2@oude.edu.vn', 'BP'),
	('loc.nth@ou.edu.vn', 'BP'),
	('luat.pham@oude.edu.vn', 'BP'),
	('Van.vtm@ou.edu.vn', 'BP'),
	('admin@oude.edu.vn', 'BR'),
	('dangthitram989@gmail.com', 'BR'),
	('duy.nguyen2@oude.edu.vn', 'BR'),
	('loc.nth@ou.edu.vn', 'BR'),
	('luat.pham@oude.edu.vn', 'BR'),
	('ngocmai.nd208@gmail.com', 'BR'),
	('Van.vtm@ou.edu.vn', 'BR'),
	('vinhtrungcapcongdoanbrvt@gmail.com', 'BR'),
	('admin@oude.edu.vn', 'BT'),
	('bentre_tranhongchau@bentre.edu.vn', 'BT'),
	('duy.nguyen2@oude.edu.vn', 'BT'),
	('loanketoan79@gmail.com', 'BT'),
	('loc.nth@ou.edu.vn', 'BT'),
	('luat.pham@oude.edu.vn', 'BT'),
	('thanhduy041975@gmail.com', 'BT'),
	('Van.vtm@ou.edu.vn', 'BT'),
	('admin@oude.edu.vn', 'BV'),
	('duy.nguyen2@oude.edu.vn', 'BV'),
	('loc.nth@ou.edu.vn', 'BV'),
	('luat.pham@oude.edu.vn', 'BV'),
	('Van.vtm@ou.edu.vn', 'BV'),
	('admin@oude.edu.vn', 'C3'),
	('admin@oude.edu.vn', 'C4'),
	('dodangnhan1969@gmail.com', 'C4'),
	('duy.nguyen2@oude.edu.vn', 'C4'),
	('loc.nth@ou.edu.vn', 'C4'),
	('luat.pham@oude.edu.vn', 'C4'),
	('misshonglinh02@gmail.com', 'C4'),
	('namhoang.qd4@gmail.com', 'C4'),
	('thaodien23071981@gmail.com', 'C4'),
	('Van.vtm@ou.edu.vn', 'C4'),
	('admin@oude.edu.vn', 'CA'),
	('duy.nguyen2@oude.edu.vn', 'CA'),
	('loc.nth@ou.edu.vn', 'CA'),
	('luat.pham@oude.edu.vn', 'CA'),
	('Van.vtm@ou.edu.vn', 'CA'),
	('admin@oude.edu.vn', 'CC'),
	('baotrongtcn@gmail.com', 'CC'),
	('duy.nguyen2@oude.edu.vn', 'CC'),
	('haiau2407@gmail.com', 'CC'),
	('huythong0872@gmail.com', 'CC'),
	('loc.nth@ou.edu.vn', 'CC'),
	('luat.pham@oude.edu.vn', 'CC'),
	('ngochieptcn@yahoo.com.vn', 'CC'),
	('Van.vtm@ou.edu.vn', 'CC'),
	('admin@oude.edu.vn', 'CD'),
	('duy.nguyen2@oude.edu.vn', 'CD'),
	('loc.nth@ou.edu.vn', 'CD'),
	('luat.pham@oude.edu.vn', 'CD'),
	('Van.vtm@ou.edu.vn', 'CD'),
	('admin@oude.edu.vn', 'CG'),
	('duy.nguyen2@oude.edu.vn', 'CG'),
	('loc.nth@ou.edu.vn', 'CG'),
	('luat.pham@oude.edu.vn', 'CG'),
	('Van.vtm@ou.edu.vn', 'CG'),
	('admin@oude.edu.vn', 'CH'),
	('duy.nguyen2@oude.edu.vn', 'CH'),
	('loc.nth@ou.edu.vn', 'CH'),
	('luat.pham@oude.edu.vn', 'CH'),
	('Van.vtm@ou.edu.vn', 'CH'),
	('admin@oude.edu.vn', 'CL'),
	('duy.nguyen2@oude.edu.vn', 'CL'),
	('huutrung@dtcc.edu.vn', 'CL'),
	('loc.nth@ou.edu.vn', 'CL'),
	('luat.pham@oude.edu.vn', 'CL'),
	('nnthao@dtcc.edu.vn', 'CL'),
	('ntknga@dtcc.edu.vn', 'CL'),
	('Van.vtm@ou.edu.vn', 'CL'),
	('admin@oude.edu.vn', 'CM'),
	('duongduongcm@yahoo.com', 'CM'),
	('duy.nguyen2@oude.edu.vn', 'CM'),
	('lehoangan.cmcc@gmail.com', 'CM'),
	('loc.nth@ou.edu.vn', 'CM'),
	('luat.pham@oude.edu.vn', 'CM'),
	('nguyennhuhuynh.cm@gmail.com', 'CM'),
	('Van.vtm@ou.edu.vn', 'CM'),
	('admin@oude.edu.vn', 'CN'),
	('duy.nguyen2@oude.edu.vn', 'CN'),
	('loc.nth@ou.edu.vn', 'CN'),
	('luat.pham@oude.edu.vn', 'CN'),
	('Van.vtm@ou.edu.vn', 'CN'),
	('admin@oude.edu.vn', 'CQ'),
	('duy.nguyen2@oude.edu.vn', 'CQ'),
	('loc.nth@ou.edu.vn', 'CQ'),
	('luat.pham@oude.edu.vn', 'CQ'),
	('Van.vtm@ou.edu.vn', 'CQ'),
	('admin@oude.edu.vn', 'CR'),
	('duy.nguyen2@oude.edu.vn', 'CR'),
	('loc.nth@ou.edu.vn', 'CR'),
	('luat.pham@oude.edu.vn', 'CR'),
	('Van.vtm@ou.edu.vn', 'CR'),
	('admin@oude.edu.vn', 'CT'),
	('duy.nguyen2@oude.edu.vn', 'CT'),
	('loc.nth@ou.edu.vn', 'CT'),
	('luat.pham@oude.edu.vn', 'CT'),
	('Van.vtm@ou.edu.vn', 'CT'),
	('admin@oude.edu.vn', 'CV'),
	('duy.nguyen2@oude.edu.vn', 'CV'),
	('loc.nth@ou.edu.vn', 'CV'),
	('luat.pham@oude.edu.vn', 'CV'),
	('Van.vtm@ou.edu.vn', 'CV'),
	('admin@oude.edu.vn', 'DA'),
	('duy.nguyen2@oude.edu.vn', 'DA'),
	('loc.nth@ou.edu.vn', 'DA'),
	('luat.pham@oude.edu.vn', 'DA'),
	('Van.vtm@ou.edu.vn', 'DA'),
	('admin@oude.edu.vn', 'DB'),
	('duy.nguyen2@oude.edu.vn', 'DB'),
	('loc.nth@ou.edu.vn', 'DB'),
	('luat.pham@oude.edu.vn', 'DB'),
	('Van.vtm@ou.edu.vn', 'DB'),
	('admin@oude.edu.vn', 'DD'),
	('duy.nguyen2@oude.edu.vn', 'DD'),
	('loc.nth@ou.edu.vn', 'DD'),
	('luat.pham@oude.edu.vn', 'DD'),
	('Van.vtm@ou.edu.vn', 'DD'),
	('admin@oude.edu.vn', 'DG'),
	('duy.nguyen2@oude.edu.vn', 'DG'),
	('loc.nth@ou.edu.vn', 'DG'),
	('luat.pham@oude.edu.vn', 'DG'),
	('Van.vtm@ou.edu.vn', 'DG'),
	('admin@oude.edu.vn', 'DH'),
	('duy.nguyen2@oude.edu.vn', 'DH'),
	('hongcam36@gmail.com', 'DH'),
	('loc.nth@ou.edu.vn', 'DH'),
	('luat.pham@oude.edu.vn', 'DH'),
	('Van.vtm@ou.edu.vn', 'DH'),
	('xuyenphan611@gmail.com', 'DH'),
	('admin@oude.edu.vn', 'DK'),
	('duy.nguyen2@oude.edu.vn', 'DK'),
	('loc.nth@ou.edu.vn', 'DK'),
	('luat.pham@oude.edu.vn', 'DK'),
	('Van.vtm@ou.edu.vn', 'DK'),
	('admin@oude.edu.vn', 'DM'),
	('duy.nguyen2@oude.edu.vn', 'DM'),
	('loc.nth@ou.edu.vn', 'DM'),
	('luat.pham@oude.edu.vn', 'DM'),
	('Van.vtm@ou.edu.vn', 'DM'),
	('admin@oude.edu.vn', 'DN'),
	('duy.nguyen2@oude.edu.vn', 'DN'),
	('loc.nth@ou.edu.vn', 'DN'),
	('luat.pham@oude.edu.vn', 'DN'),
	('Van.vtm@ou.edu.vn', 'DN'),
	('admin@oude.edu.vn', 'DR'),
	('loc.nth@ou.edu.vn', 'DR'),
	('luat.pham@oude.edu.vn', 'DR'),
	('Van.vtm@ou.edu.vn', 'DR'),
	('admin@oude.edu.vn', 'DT'),
	('duy.nguyen2@oude.edu.vn', 'DT'),
	('loc.nth@ou.edu.vn', 'DT'),
	('luat.pham@oude.edu.vn', 'DT'),
	('Van.vtm@ou.edu.vn', 'DT'),
	('admin@oude.edu.vn', 'EA'),
	('loc.nth@ou.edu.vn', 'EA'),
	('luat.pham@oude.edu.vn', 'EA'),
	('Van.vtm@ou.edu.vn', 'EA'),
	('admin@oude.edu.vn', 'GC'),
	('duy.nguyen2@oude.edu.vn', 'GC'),
	('loc.nth@ou.edu.vn', 'GC'),
	('luat.pham@oude.edu.vn', 'GC'),
	('Van.vtm@ou.edu.vn', 'GC'),
	('admin@oude.edu.vn', 'GD'),
	('duy.nguyen2@oude.edu.vn', 'GD'),
	('loc.nth@ou.edu.vn', 'GD'),
	('luat.pham@oude.edu.vn', 'GD'),
	('Van.vtm@ou.edu.vn', 'GD'),
	('admin@oude.edu.vn', 'GI'),
	('duy.nguyen2@oude.edu.vn', 'GI'),
	('loc.nth@ou.edu.vn', 'GI'),
	('luat.pham@oude.edu.vn', 'GI'),
	('Van.vtm@ou.edu.vn', 'GI'),
	('admin@oude.edu.vn', 'GK'),
	('admin@oude.edu.vn', 'GL'),
	('buihuygiapgl@gmail.com', 'GL'),
	('duy.nguyen2@oude.edu.vn', 'GL'),
	('levanthuanpleiku@gmail.com', 'GL'),
	('loc.nth@ou.edu.vn', 'GL'),
	('luat.pham@oude.edu.vn', 'GL'),
	('Van.vtm@ou.edu.vn', 'GL'),
	('vothihangpk@gmail.com', 'GL'),
	('vovanthuygdtxgialai@gmail.com', 'GL'),
	('vovantienttgl@gmail.com', 'GL'),
	('admin@oude.edu.vn', 'GM'),
	('buihuygiapgl@gmail.com', 'GM'),
	('duy.nguyen2@oude.edu.vn', 'GM'),
	('levanthuanpleiku@gmail.com', 'GM'),
	('loc.nth@ou.edu.vn', 'GM'),
	('luat.pham@oude.edu.vn', 'GM'),
	('Van.vtm@ou.edu.vn', 'GM'),
	('vothihangpk@gmail.com', 'GM'),
	('vovanthuygdtxgialai@gmail.com', 'GM'),
	('vovantienttgl@gmail.com', 'GM'),
	('admin@oude.edu.vn', 'GN'),
	('duy.nguyen2@oude.edu.vn', 'GN'),
	('loc.nth@ou.edu.vn', 'GN'),
	('luat.pham@oude.edu.vn', 'GN'),
	('Van.vtm@ou.edu.vn', 'GN'),
	('admin@oude.edu.vn', 'GO'),
	('buihuygiapgl@gmail.com', 'GO'),
	('duy.nguyen2@oude.edu.vn', 'GO'),
	('levanthuanpleiku@gmail.com', 'GO'),
	('loc.nth@ou.edu.vn', 'GO'),
	('luat.pham@oude.edu.vn', 'GO'),
	('Van.vtm@ou.edu.vn', 'GO'),
	('vothihangpk@gmail.com', 'GO'),
	('vovanthuygdtxgialai@gmail.com', 'GO'),
	('vovantienttgl@gmail.com', 'GO'),
	('admin@oude.edu.vn', 'GP'),
	('buihuygiapgl@gmail.com', 'GP'),
	('duy.nguyen2@oude.edu.vn', 'GP'),
	('levannoi.chupah@gmail.com', 'GP'),
	('levanthuanpleiku@gmail.com', 'GP'),
	('loc.nth@ou.edu.vn', 'GP'),
	('luat.pham@oude.edu.vn', 'GP'),
	('phanlien818212@gmail.com', 'GP'),
	('Van.vtm@ou.edu.vn', 'GP'),
	('vothihangpk@gmail.com', 'GP'),
	('vovanthuygdtxgialai@gmail.com', 'GP'),
	('vovantienttgl@gmail.com', 'GP'),
	('xuantien.gdtxchupah@gmail.com', 'GP'),
	('admin@oude.edu.vn', 'GQ'),
	('duy.nguyen2@oude.edu.vn', 'GQ'),
	('loc.nth@ou.edu.vn', 'GQ'),
	('luat.pham@oude.edu.vn', 'GQ'),
	('Van.vtm@ou.edu.vn', 'GQ'),
	('admin@oude.edu.vn', 'GR'),
	('duy.nguyen2@oude.edu.vn', 'GR'),
	('loc.nth@ou.edu.vn', 'GR'),
	('luat.pham@oude.edu.vn', 'GR'),
	('Van.vtm@ou.edu.vn', 'GR'),
	('admin@oude.edu.vn', 'GS'),
	('buihuygiapgl@gmail.com', 'GS'),
	('duy.nguyen2@oude.edu.vn', 'GS'),
	('kimthanhcse@gmail.com', 'GS'),
	('levanthuanpleiku@gmail.com', 'GS'),
	('loc.nth@ou.edu.vn', 'GS'),
	('luat.pham@oude.edu.vn', 'GS'),
	('nguyenvanducgl@gmail.com', 'GS'),
	('rongdnchuse@gmail.com', 'GS'),
	('Van.vtm@ou.edu.vn', 'GS'),
	('vothihangpk@gmail.com', 'GS'),
	('vovanthuygdtxgialai@gmail.com', 'GS'),
	('vovantienttgl@gmail.com', 'GS'),
	('admin@oude.edu.vn', 'GU'),
	('duy.nguyen2@oude.edu.vn', 'GU'),
	('loc.nth@ou.edu.vn', 'GU'),
	('luat.pham@oude.edu.vn', 'GU'),
	('Van.vtm@ou.edu.vn', 'GU'),
	('admin@oude.edu.vn', 'GV'),
	('duy.nguyen2@oude.edu.vn', 'GV'),
	('loc.nth@ou.edu.vn', 'GV'),
	('luat.pham@oude.edu.vn', 'GV'),
	('Van.vtm@ou.edu.vn', 'GV'),
	('admin@oude.edu.vn', 'HB'),
	('duy.nguyen2@oude.edu.vn', 'HB'),
	('loc.nth@ou.edu.vn', 'HB'),
	('luat.pham@oude.edu.vn', 'HB'),
	('Van.vtm@ou.edu.vn', 'HB'),
	('admin@oude.edu.vn', 'HD'),
	('duy.nguyen2@oude.edu.vn', 'HD'),
	('loc.nth@ou.edu.vn', 'HD'),
	('luat.pham@oude.edu.vn', 'HD'),
	('Van.vtm@ou.edu.vn', 'HD'),
	('admin@oude.edu.vn', 'HG'),
	('duy.nguyen2@oude.edu.vn', 'HG'),
	('loc.nth@ou.edu.vn', 'HG'),
	('luat.pham@oude.edu.vn', 'HG'),
	('muoinv.gdtxtinh@haugiang.edu.vn', 'HG'),
	('Van.vtm@ou.edu.vn', 'HG'),
	('vokhoahg@gmail.com', 'HG'),
	('admin@oude.edu.vn', 'HM'),
	('duy.nguyen2@oude.edu.vn', 'HM'),
	('loc.nth@ou.edu.vn', 'HM'),
	('luat.pham@oude.edu.vn', 'HM'),
	('Van.vtm@ou.edu.vn', 'HM'),
	('admin@oude.edu.vn', 'HN'),
	('duy.nguyen2@oude.edu.vn', 'HN'),
	('loc.nth@ou.edu.vn', 'HN'),
	('luat.pham@oude.edu.vn', 'HN'),
	('Van.vtm@ou.edu.vn', 'HN'),
	('admin@oude.edu.vn', 'HT'),
	('admin@oude.edu.vn', 'HU'),
	('duy.nguyen2@oude.edu.vn', 'HU'),
	('loc.nth@ou.edu.vn', 'HU'),
	('luat.pham@oude.edu.vn', 'HU'),
	('Van.vtm@ou.edu.vn', 'HU'),
	('admin@oude.edu.vn', 'HV'),
	('duy.nguyen2@oude.edu.vn', 'HV'),
	('loc.nth@ou.edu.vn', 'HV'),
	('luat.pham@oude.edu.vn', 'HV'),
	('Van.vtm@ou.edu.vn', 'HV'),
	('admin@oude.edu.vn', 'HX'),
	('duy.nguyen2@oude.edu.vn', 'HX'),
	('loc.nth@ou.edu.vn', 'HX'),
	('luat.pham@oude.edu.vn', 'HX'),
	('Van.vtm@ou.edu.vn', 'HX'),
	('admin@oude.edu.vn', 'KG'),
	('duy.nguyen2@oude.edu.vn', 'KG'),
	('loc.nth@ou.edu.vn', 'KG'),
	('luat.pham@oude.edu.vn', 'KG'),
	('Van.vtm@ou.edu.vn', 'KG'),
	('admin@oude.edu.vn', 'KH'),
	('duy.nguyen2@oude.edu.vn', 'KH'),
	('loc.nth@ou.edu.vn', 'KH'),
	('luat.pham@oude.edu.vn', 'KH'),
	('Van.vtm@ou.edu.vn', 'KH'),
	('admin@oude.edu.vn', 'LA'),
	('duy.nguyen2@oude.edu.vn', 'LA'),
	('loc.nth@ou.edu.vn', 'LA'),
	('luat.pham@oude.edu.vn', 'LA'),
	('Van.vtm@ou.edu.vn', 'LA'),
	('admin@oude.edu.vn', 'LB'),
	('duy.nguyen2@oude.edu.vn', 'LB'),
	('loc.nth@ou.edu.vn', 'LB'),
	('luat.pham@oude.edu.vn', 'LB'),
	('Van.vtm@ou.edu.vn', 'LB'),
	('admin@oude.edu.vn', 'LC'),
	('duy.nguyen2@oude.edu.vn', 'LC'),
	('loc.nth@ou.edu.vn', 'LC'),
	('luat.pham@oude.edu.vn', 'LC'),
	('Van.vtm@ou.edu.vn', 'LC'),
	('admin@oude.edu.vn', 'LD'),
	('duy.nguyen2@oude.edu.vn', 'LD'),
	('loc.nth@ou.edu.vn', 'LD'),
	('luat.pham@oude.edu.vn', 'LD'),
	('Van.vtm@ou.edu.vn', 'LD'),
	('admin@oude.edu.vn', 'LG'),
	('duy.nguyen2@oude.edu.vn', 'LG'),
	('loc.nth@ou.edu.vn', 'LG'),
	('luat.pham@oude.edu.vn', 'LG'),
	('minhthu.bt955@gmail.com', 'LG'),
	('thanhhuyen091983@gmail.com', 'LG'),
	('thaoly19011978@gmail.com', 'LG'),
	('Van.vtm@ou.edu.vn', 'LG'),
	('admin@oude.edu.vn', 'LH'),
	('duy.nguyen2@oude.edu.vn', 'LH'),
	('loc.nth@ou.edu.vn', 'LH'),
	('luat.pham@oude.edu.vn', 'LH'),
	('Van.vtm@ou.edu.vn', 'LH'),
	('admin@oude.edu.vn', 'LN'),
	('duy.nguyen2@oude.edu.vn', 'LN'),
	('loc.nth@ou.edu.vn', 'LN'),
	('luat.pham@oude.edu.vn', 'LN'),
	('Van.vtm@ou.edu.vn', 'LN'),
	('admin@oude.edu.vn', 'LT'),
	('duy.nguyen2@oude.edu.vn', 'LT'),
	('loc.nth@ou.edu.vn', 'LT'),
	('luat.pham@oude.edu.vn', 'LT'),
	('Van.vtm@ou.edu.vn', 'LT'),
	('admin@oude.edu.vn', 'MC'),
	('duy.nguyen2@oude.edu.vn', 'MC'),
	('loc.nth@ou.edu.vn', 'MC'),
	('luat.pham@oude.edu.vn', 'MC'),
	('Van.vtm@ou.edu.vn', 'MC'),
	('admin@oude.edu.vn', 'MD'),
	('duy.nguyen2@oude.edu.vn', 'MD'),
	('loc.nth@ou.edu.vn', 'MD'),
	('luat.pham@oude.edu.vn', 'MD'),
	('Van.vtm@ou.edu.vn', 'MD'),
	('admin@oude.edu.vn', 'MR'),
	('loc.nth@ou.edu.vn', 'MR'),
	('luat.pham@oude.edu.vn', 'MR'),
	('Van.vtm@ou.edu.vn', 'MR'),
	('admin@oude.edu.vn', 'NA'),
	('duy.nguyen2@oude.edu.vn', 'NA'),
	('loc.nth@ou.edu.vn', 'NA'),
	('luat.pham@oude.edu.vn', 'NA'),
	('Van.vtm@ou.edu.vn', 'NA'),
	('admin@oude.edu.vn', 'NB'),
	('duy.nguyen2@oude.edu.vn', 'NB'),
	('loc.nth@ou.edu.vn', 'NB'),
	('luat.pham@oude.edu.vn', 'NB'),
	('Van.vtm@ou.edu.vn', 'NB'),
	('admin@oude.edu.vn', 'NH'),
	('duy.nguyen2@oude.edu.vn', 'NH'),
	('loc.nth@ou.edu.vn', 'NH'),
	('luat.pham@oude.edu.vn', 'NH'),
	('Van.vtm@ou.edu.vn', 'NH'),
	('admin@oude.edu.vn', 'NT'),
	('dong83otm@gmail.com', 'NT'),
	('dongchequoc6768@gmail.com', 'NT'),
	('duy.nguyen2@oude.edu.vn', 'NT'),
	('hoanguyenquynhgdtx@gmail.com', 'NT'),
	('hoangy.dtntpr@ninhthuan.edu.vn', 'NT'),
	('loc.nth@ou.edu.vn', 'NT'),
	('luat.pham@oude.edu.vn', 'NT'),
	('Nvs0103@gmail.com', 'NT'),
	('Van.vtm@ou.edu.vn', 'NT'),
	('admin@oude.edu.vn', 'NU'),
	('duy.nguyen2@oude.edu.vn', 'NU'),
	('loc.nth@ou.edu.vn', 'NU'),
	('luat.pham@oude.edu.vn', 'NU'),
	('Van.vtm@ou.edu.vn', 'NU'),
	('admin@oude.edu.vn', 'NV'),
	('duy.nguyen2@oude.edu.vn', 'NV'),
	('loc.nth@ou.edu.vn', 'NV'),
	('luat.pham@oude.edu.vn', 'NV'),
	('Van.vtm@ou.edu.vn', 'NV'),
	('admin@oude.edu.vn', 'NX'),
	('duy.nguyen2@oude.edu.vn', 'NX'),
	('loc.nth@ou.edu.vn', 'NX'),
	('luat.pham@oude.edu.vn', 'NX'),
	('pvrsing.tnxp@hcm.edu.vn', 'NX'),
	('rising_lathedo@yahoo.com', 'NX'),
	('Van.vtm@ou.edu.vn', 'NX'),
	('admin@oude.edu.vn', 'OM'),
	('duy.nguyen2@oude.edu.vn', 'OM'),
	('loc.nth@ou.edu.vn', 'OM'),
	('luat.pham@oude.edu.vn', 'OM'),
	('Van.vtm@ou.edu.vn', 'OM'),
	('admin@oude.edu.vn', 'PB'),
	('duy.nguyen2@oude.edu.vn', 'PB'),
	('loc.nth@ou.edu.vn', 'PB'),
	('luat.pham@oude.edu.vn', 'PB'),
	('Van.vtm@ou.edu.vn', 'PB'),
	('admin@oude.edu.vn', 'PD'),
	('duy.nguyen2@oude.edu.vn', 'PD'),
	('loc.nth@ou.edu.vn', 'PD'),
	('luat.pham@oude.edu.vn', 'PD'),
	('Van.vtm@ou.edu.vn', 'PD'),
	('admin@oude.edu.vn', 'PG'),
	('duy.nguyen2@oude.edu.vn', 'PG'),
	('loc.nth@ou.edu.vn', 'PG'),
	('luat.pham@oude.edu.vn', 'PG'),
	('Van.vtm@ou.edu.vn', 'PG'),
	('admin@oude.edu.vn', 'PL'),
	('duy.nguyen2@oude.edu.vn', 'PL'),
	('loc.nth@ou.edu.vn', 'PL'),
	('luat.pham@oude.edu.vn', 'PL'),
	('Van.vtm@ou.edu.vn', 'PL'),
	('admin@oude.edu.vn', 'PN'),
	('duy.nguyen2@oude.edu.vn', 'PN'),
	('loc.nth@ou.edu.vn', 'PN'),
	('luat.pham@oude.edu.vn', 'PN'),
	('Van.vtm@ou.edu.vn', 'PN'),
	('admin@oude.edu.vn', 'PQ'),
	('duy.nguyen2@oude.edu.vn', 'PQ'),
	('lehongpq@gmail.com', 'PQ'),
	('loc.nth@ou.edu.vn', 'PQ'),
	('luat.pham@oude.edu.vn', 'PQ'),
	('ngaphuai2000@gmail.com', 'PQ'),
	('sonthicdspst@gmail.com', 'PQ'),
	('Van.vtm@ou.edu.vn', 'PQ'),
	('admin@oude.edu.vn', 'PT'),
	('duy.nguyen2@oude.edu.vn', 'PT'),
	('loc.nth@ou.edu.vn', 'PT'),
	('luat.pham@oude.edu.vn', 'PT'),
	('Van.vtm@ou.edu.vn', 'PT'),
	('admin@oude.edu.vn', 'PV'),
	('duy.nguyen2@oude.edu.vn', 'PV'),
	('loc.nth@ou.edu.vn', 'PV'),
	('luat.pham@oude.edu.vn', 'PV'),
	('Van.vtm@ou.edu.vn', 'PV'),
	('admin@oude.edu.vn', 'PY'),
	('duy.nguyen2@oude.edu.vn', 'PY'),
	('loc.nth@ou.edu.vn', 'PY'),
	('luat.pham@oude.edu.vn', 'PY'),
	('Van.vtm@ou.edu.vn', 'PY'),
	('admin@oude.edu.vn', 'Q1'),
	('duy.nguyen2@oude.edu.vn', 'Q1'),
	('loc.nth@ou.edu.vn', 'Q1'),
	('luat.pham@oude.edu.vn', 'Q1'),
	('Van.vtm@ou.edu.vn', 'Q1'),
	('admin@oude.edu.vn', 'Q2'),
	('duy.nguyen2@oude.edu.vn', 'Q2'),
	('loc.nth@ou.edu.vn', 'Q2'),
	('luat.pham@oude.edu.vn', 'Q2'),
	('Van.vtm@ou.edu.vn', 'Q2'),
	('admin@oude.edu.vn', 'Q4'),
	('duy.nguyen2@oude.edu.vn', 'Q4'),
	('loc.nth@ou.edu.vn', 'Q4'),
	('luat.pham@oude.edu.vn', 'Q4'),
	('Van.vtm@ou.edu.vn', 'Q4'),
	('admin@oude.edu.vn', 'Q5'),
	('duy.nguyen2@oude.edu.vn', 'Q5'),
	('loc.nth@ou.edu.vn', 'Q5'),
	('luat.pham@oude.edu.vn', 'Q5'),
	('Van.vtm@ou.edu.vn', 'Q5'),
	('admin@oude.edu.vn', 'Q6'),
	('duy.nguyen2@oude.edu.vn', 'Q6'),
	('loc.nth@ou.edu.vn', 'Q6'),
	('luat.pham@oude.edu.vn', 'Q6'),
	('Van.vtm@ou.edu.vn', 'Q6'),
	('admin@oude.edu.vn', 'Q8'),
	('duy.nguyen2@oude.edu.vn', 'Q8'),
	('loc.nth@ou.edu.vn', 'Q8'),
	('luat.pham@oude.edu.vn', 'Q8'),
	('Van.vtm@ou.edu.vn', 'Q8'),
	('admin@oude.edu.vn', 'Q9'),
	('duy.nguyen2@oude.edu.vn', 'Q9'),
	('loc.nth@ou.edu.vn', 'Q9'),
	('luat.pham@oude.edu.vn', 'Q9'),
	('Van.vtm@ou.edu.vn', 'Q9'),
	('admin@oude.edu.vn', 'QB'),
	('admin@oude.edu.vn', 'QG'),
	('duy.nguyen2@oude.edu.vn', 'QG'),
	('loc.nth@ou.edu.vn', 'QG'),
	('luat.pham@oude.edu.vn', 'QG'),
	('Van.vtm@ou.edu.vn', 'QG'),
	('admin@oude.edu.vn', 'QH'),
	('duy.nguyen2@oude.edu.vn', 'QH'),
	('loc.nth@ou.edu.vn', 'QH'),
	('luat.pham@oude.edu.vn', 'QH'),
	('Van.vtm@ou.edu.vn', 'QH'),
	('admin@oude.edu.vn', 'QP'),
	('duy.nguyen2@oude.edu.vn', 'QP'),
	('loc.nth@ou.edu.vn', 'QP'),
	('luat.pham@oude.edu.vn', 'QP'),
	('Van.vtm@ou.edu.vn', 'QP'),
	('admin@oude.edu.vn', 'SB'),
	('duy.nguyen2@oude.edu.vn', 'SB'),
	('loc.nth@ou.edu.vn', 'SB'),
	('luat.pham@oude.edu.vn', 'SB'),
	('Van.vtm@ou.edu.vn', 'SB'),
	('admin@oude.edu.vn', 'SD'),
	('duy.nguyen2@oude.edu.vn', 'SD'),
	('loc.nth@ou.edu.vn', 'SD'),
	('luat.pham@oude.edu.vn', 'SD'),
	('Van.vtm@ou.edu.vn', 'SD'),
	('admin@oude.edu.vn', 'SG'),
	('duy.nguyen2@oude.edu.vn', 'SG'),
	('loc.nth@ou.edu.vn', 'SG'),
	('luat.pham@oude.edu.vn', 'SG'),
	('thanhdv@sthc.edu.vn', 'SG'),
	('thaontt@sthc.edu.vn', 'SG'),
	('Van.vtm@ou.edu.vn', 'SG'),
	('yennn@sthc.edu.vn', 'SG'),
	('admin@oude.edu.vn', 'ST'),
	('admin@oude.edu.vn', 'T1'),
	('duy.nguyen2@oude.edu.vn', 'T1'),
	('loc.nth@ou.edu.vn', 'T1'),
	('luat.pham@oude.edu.vn', 'T1'),
	('Van.vtm@ou.edu.vn', 'T1'),
	('admin@oude.edu.vn', 'T2'),
	('duy.nguyen2@oude.edu.vn', 'T2'),
	('loc.nth@ou.edu.vn', 'T2'),
	('luat.pham@oude.edu.vn', 'T2'),
	('Van.vtm@ou.edu.vn', 'T2'),
	('admin@oude.edu.vn', 'T3'),
	('duy.nguyen2@oude.edu.vn', 'T3'),
	('loc.nth@ou.edu.vn', 'T3'),
	('luat.pham@oude.edu.vn', 'T3'),
	('Van.vtm@ou.edu.vn', 'T3'),
	('admin@oude.edu.vn', 'T6'),
	('duy.nguyen2@oude.edu.vn', 'T6'),
	('loc.nth@ou.edu.vn', 'T6'),
	('luat.pham@oude.edu.vn', 'T6'),
	('Van.vtm@ou.edu.vn', 'T6'),
	('admin@oude.edu.vn', 'TA'),
	('duy.nguyen2@oude.edu.vn', 'TA'),
	('loc.nth@ou.edu.vn', 'TA'),
	('luat.pham@oude.edu.vn', 'TA'),
	('Van.vtm@ou.edu.vn', 'TA'),
	('admin@oude.edu.vn', 'TB'),
	('boconganhtt0511@gmail.com', 'TB'),
	('duy.nguyen2@oude.edu.vn', 'TB'),
	('loc.nth@ou.edu.vn', 'TB'),
	('luat.pham@oude.edu.vn', 'TB'),
	('Van.vtm@ou.edu.vn', 'TB'),
	('admin@oude.edu.vn', 'TC'),
	('duy.nguyen2@oude.edu.vn', 'TC'),
	('loc.nth@ou.edu.vn', 'TC'),
	('luat.pham@oude.edu.vn', 'TC'),
	('Van.vtm@ou.edu.vn', 'TC'),
	('admin@oude.edu.vn', 'TD'),
	('duy.nguyen2@oude.edu.vn', 'TD'),
	('loc.nth@ou.edu.vn', 'TD'),
	('luat.pham@oude.edu.vn', 'TD'),
	('Van.vtm@ou.edu.vn', 'TD'),
	('admin@oude.edu.vn', 'TE'),
	('caothigiang84@gmail.com', 'TE'),
	('duy.nguyen2@oude.edu.vn', 'TE'),
	('loc.nth@ou.edu.vn', 'TE'),
	('luat.pham@oude.edu.vn', 'TE'),
	('myng8388@gmail.com', 'TE'),
	('tuantcktcntn@gmail.com', 'TE'),
	('Van.vtm@ou.edu.vn', 'TE'),
	('admin@oude.edu.vn', 'TG'),
	('duy.nguyen2@oude.edu.vn', 'TG'),
	('loc.nth@ou.edu.vn', 'TG'),
	('luat.pham@oude.edu.vn', 'TG'),
	('Van.vtm@ou.edu.vn', 'TG'),
	('admin@oude.edu.vn', 'TH'),
	('duy.nguyen2@oude.edu.vn', 'TH'),
	('dvdong@btu.edu.vn', 'TH'),
	('loc.nth@ou.edu.vn', 'TH'),
	('luat.pham@oude.edu.vn', 'TH'),
	('ptdung@btu.edu.vn', 'TH'),
	('tqoanh@btu.edu.vn', 'TH'),
	('tvchinh@btu.edu.vn', 'TH'),
	('Van.vtm@ou.edu.vn', 'TH'),
	('admin@oude.edu.vn', 'TL'),
	('duy.nguyen2@oude.edu.vn', 'TL'),
	('loc.nth@ou.edu.vn', 'TL'),
	('luat.pham@oude.edu.vn', 'TL'),
	('Van.vtm@ou.edu.vn', 'TL'),
	('admin@oude.edu.vn', 'TM'),
	('duy.nguyen2@oude.edu.vn', 'TM'),
	('loc.nth@ou.edu.vn', 'TM'),
	('lthmay82.vn@gmail.com', 'TM'),
	('luat.pham@oude.edu.vn', 'TM'),
	('minhcsdn2005@gmail.com', 'TM'),
	('tanpham19@yahoo.com', 'TM'),
	('Van.vtm@ou.edu.vn', 'TM'),
	('admin@oude.edu.vn', 'TN'),
	('dung.pgdtanchau@gmail.com', 'TN'),
	('duy.nguyen2@oude.edu.vn', 'TN'),
	('loc.nth@ou.edu.vn', 'TN'),
	('luat.pham@oude.edu.vn', 'TN'),
	('ngovandang1977@gmail.com', 'TN'),
	('trantutayninh55@gmail.com', 'TN'),
	('tttlinh275@gmail.com', 'TN'),
	('Van.vtm@ou.edu.vn', 'TN'),
	('admin@oude.edu.vn', 'TP'),
	('duy.nguyen2@oude.edu.vn', 'TP'),
	('loc.nth@ou.edu.vn', 'TP'),
	('luat.pham@oude.edu.vn', 'TP'),
	('Van.vtm@ou.edu.vn', 'TP'),
	('admin@oude.edu.vn', 'TR'),
	('duy.nguyen2@oude.edu.vn', 'TR'),
	('gdtx.gdtxnhontrach@dongnai.edu.vn', 'TR'),
	('loc.nth@ou.edu.vn', 'TR'),
	('luat.pham@oude.edu.vn', 'TR'),
	('sanggdtx@gmail.com', 'TR'),
	('Van.vtm@ou.edu.vn', 'TR'),
	('admin@oude.edu.vn', 'TT'),
	('duy.nguyen2@oude.edu.vn', 'TT'),
	('loc.nth@ou.edu.vn', 'TT'),
	('luat.pham@oude.edu.vn', 'TT'),
	('Van.vtm@ou.edu.vn', 'TT'),
	('admin@oude.edu.vn', 'TU'),
	('duy.nguyen2@oude.edu.vn', 'TU'),
	('loc.nth@ou.edu.vn', 'TU'),
	('luat.pham@oude.edu.vn', 'TU'),
	('Van.vtm@ou.edu.vn', 'TU'),
	('admin@oude.edu.vn', 'TV'),
	('duy.nguyen2@oude.edu.vn', 'TV'),
	('loc.nth@ou.edu.vn', 'TV'),
	('luat.pham@oude.edu.vn', 'TV'),
	('Van.vtm@ou.edu.vn', 'TV'),
	('admin@oude.edu.vn', 'TW'),
	('duy.nguyen2@oude.edu.vn', 'TW'),
	('loc.nth@ou.edu.vn', 'TW'),
	('luat.pham@oude.edu.vn', 'TW'),
	('Van.vtm@ou.edu.vn', 'TW'),
	('admin@oude.edu.vn', 'UB'),
	('duy.nguyen2@oude.edu.vn', 'UB'),
	('loc.nth@ou.edu.vn', 'UB'),
	('luat.pham@oude.edu.vn', 'UB'),
	('Van.vtm@ou.edu.vn', 'UB'),
	('admin@oude.edu.vn', 'UT'),
	('duy.nguyen2@oude.edu.vn', 'UT'),
	('loc.nth@ou.edu.vn', 'UT'),
	('luat.pham@oude.edu.vn', 'UT'),
	('Van.vtm@ou.edu.vn', 'UT'),
	('admin@oude.edu.vn', 'VD'),
	('duy.nguyen2@oude.edu.vn', 'VD'),
	('loc.nth@ou.edu.vn', 'VD'),
	('luat.pham@oude.edu.vn', 'VD'),
	('Van.vtm@ou.edu.vn', 'VD'),
	('admin@oude.edu.vn', 'VL'),
	('duy.nguyen2@oude.edu.vn', 'VL'),
	('loc.nth@ou.edu.vn', 'VL'),
	('luat.pham@oude.edu.vn', 'VL'),
	('Van.vtm@ou.edu.vn', 'VL'),
	('admin@oude.edu.vn', 'VM'),
	('duy.nguyen2@oude.edu.vn', 'VM'),
	('khanh.nguyen@caodangvietmy.edu.vn', 'VM'),
	('loc.nth@ou.edu.vn', 'VM'),
	('luat.pham@oude.edu.vn', 'VM'),
	('mai.nguyen@caodangvietmy.edu.vn', 'VM'),
	('thua.nguyen@caodangvietmy.edu.vn', 'VM'),
	('Van.vtm@ou.edu.vn', 'VM'),
	('admin@oude.edu.vn', 'VS'),
	('letranvinhphu75@gmail.com', 'VS'),
	('locdian14@gmail.com', 'VS'),
	('nguyenthao.vsvc@gmail.com', 'VS'),
	('admin@oude.edu.vn', 'VT'),
	('duy.nguyen2@oude.edu.vn', 'VT'),
	('hongminhgdtx88@gmail.com', 'VT'),
	('loc.nth@ou.edu.vn', 'VT'),
	('luat.pham@oude.edu.vn', 'VT'),
	('minhtrivtau@yahoo.com.vn', 'VT'),
	('Van.vtm@ou.edu.vn', 'VT'),
	('vunggdtx.vt@gmail.com', 'VT'),
	('vynguyen090690@gmail.com', 'VT'),
	('admin@oude.edu.vn', 'WT'),
	('duy.nguyen2@oude.edu.vn', 'WT'),
	('loc.nth@ou.edu.vn', 'WT'),
	('luat.pham@oude.edu.vn', 'WT'),
	('Van.vtm@ou.edu.vn', 'WT'),
	('admin@oude.edu.vn', 'XL'),
	('hai6365@gmail.com', 'XL'),
	('huulocn6@gmail.com', 'XL'),
	('loc.nth@ou.edu.vn', 'XL'),
	('luat.pham@oude.edu.vn', 'XL'),
	('quynhpham.261190@gmail.com.com', 'XL'),
	('Van.vtm@ou.edu.vn', 'XL'),
	('admin@oude.edu.vn', 'XN'),
	('duy.nguyen2@oude.edu.vn', 'XN'),
	('loc.nth@ou.edu.vn', 'XN'),
	('luat.pham@oude.edu.vn', 'XN'),
	('Van.vtm@ou.edu.vn', 'XN'),
	('admin@oude.edu.vn', 'XO'),
	('duy.nguyen2@oude.edu.vn', 'XO'),
	('loc.nth@ou.edu.vn', 'XO'),
	('luat.pham@oude.edu.vn', 'XO'),
	('nguyenvanhieu759@gmail.com', 'XO'),
	('thanhhaittdntn@gmail.com', 'XO'),
	('trongthachng@gmail.com', 'XO'),
	('Van.vtm@ou.edu.vn', 'XO'),
	('admin@oude.edu.vn', 'XP'),
	('duy.nguyen2@oude.edu.vn', 'XP'),
	('loc.nth@ou.edu.vn', 'XP'),
	('luat.pham@oude.edu.vn', 'XP'),
	('Van.vtm@ou.edu.vn', 'XP'),
	('admin@oude.edu.vn', 'XT'),
	('duy.nguyen2@oude.edu.vn', 'XT'),
	('loc.nth@ou.edu.vn', 'XT'),
	('luat.pham@oude.edu.vn', 'XT'),
	('Van.vtm@ou.edu.vn', 'XT'),
	('admin@oude.edu.vn', 'YB'),
	('duy.nguyen2@oude.edu.vn', 'YB'),
	('loc.nth@ou.edu.vn', 'YB'),
	('luat.pham@oude.edu.vn', 'YB'),
	('Van.vtm@ou.edu.vn', 'YB'),
	('admin@oude.edu.vn', 'YK'),
	('duy.nguyen2@oude.edu.vn', 'YK'),
	('loc.nth@ou.edu.vn', 'YK'),
	('luat.pham@oude.edu.vn', 'YK'),
	('Van.vtm@ou.edu.vn', 'YK'),
	('admin@oude.edu.vn', 'YT'),
	('duy.nguyen2@oude.edu.vn', 'YT'),
	('loc.nth@ou.edu.vn', 'YT'),
	('luat.pham@oude.edu.vn', 'YT'),
	('Van.vtm@ou.edu.vn', 'YT');

-- Dumping structure for table theodoihocphi.user_permission
DROP TABLE IF EXISTS `user_permission`;
CREATE TABLE IF NOT EXISTS `user_permission` (
  `ID` int(11) NOT NULL AUTO_INCREMENT,
  `mail` varchar(200) COLLATE utf8_unicode_ci NOT NULL,
  `permission` varchar(100) COLLATE utf8_unicode_ci NOT NULL,
  PRIMARY KEY (`ID`,`mail`,`permission`),
  KEY `fk_permission_user` (`permission`),
  KEY `fk_user_permission` (`mail`),
  CONSTRAINT `fk_permission_user` FOREIGN KEY (`permission`) REFERENCES `permission` (`permission`) ON DELETE CASCADE ON UPDATE CASCADE,
  CONSTRAINT `fk_user_permission` FOREIGN KEY (`mail`) REFERENCES `user` (`mail`) ON DELETE CASCADE ON UPDATE CASCADE
) ENGINE=InnoDB AUTO_INCREMENT=677 DEFAULT CHARSET=utf8 COLLATE=utf8_unicode_ci;

-- Dumping data for table theodoihocphi.user_permission: ~106 rows (approximately)
INSERT INTO `user_permission` (`ID`, `mail`, `permission`) VALUES
	(189, 'luong.nt@ou.edu.vn', 'account'),
	(245, 'luan.mh@ou.edu.vn', 'account'),
	(246, 'van.ntm@ou.edu.vn', 'account'),
	(247, 'thang.nq@ou.edu.vn', 'account'),
	(248, 'vy.ttt@ou.edu.vn', 'account'),
	(292, 'dung.pgdtanchau@gmail.com', 'account'),
	(295, 'vinhtrungcapcongdoanbrvt@gmail.com', 'account'),
	(296, 'bentre_tranhongchau@bentre.edu.vn', 'account'),
	(298, 'loanketoan79@gmail.com', 'account'),
	(301, 'quynhpham.261190@gmail.com.com', 'account'),
	(304, 'tttlinh275@gmail.com', 'account'),
	(311, 'vynguyen090690@gmail.com', 'account'),
	(312, 'duy.nk@ou.edu.vn', 'account'),
	(453, 'duy.nk27021998@gmail.com', 'account'),
	(457, 'sang.pdp@ou.edu.vn', 'account'),
	(461, 'ngaphuai2000@gmail.com', 'account'),
	(467, 'ngochieptcn@yahoo.com.vn', 'account'),
	(608, 'loc.nth@ou.edu.vn', 'account'),
	(609, 'Van.vtm@ou.edu.vn', 'account'),
	(614, 'myng8388@gmail.com', 'account'),
	(619, 'hoangy.dtntpr@ninhthuan.edu.vn', 'account'),
	(620, 'thua.nguyen@caodangvietmy.edu.vn', 'account'),
	(626, 'ptdung@btu.edu.vn', 'account'),
	(627, 'ngocmai.nd208@gmail.com', 'account'),
	(630, 'phanlien818212@gmail.com', 'account'),
	(636, 'lehoangan.cmcc@gmail.com', 'account'),
	(639, 'rongdnchuse@gmail.com', 'account'),
	(640, 'minhthu.bt955@gmail.com', 'account'),
	(650, 'dodangnhan1969@gmail.com', 'account'),
	(653, 'vokhoahg@gmail.com', 'account'),
	(660, 'vothihangpk@gmail.com', 'account'),
	(665, 'nguyenvanhieu759@gmail.com', 'account'),
	(673, 'thaontt@sthc.edu.vn', 'account'),
	(675, 'nguyenthao.vsvc@gmail.com', 'account'),
	(676, 'boconganhtt0511@gmail.com', 'account'),
	(129, 'duy.nguyen2@oude.edu.vn', 'admin'),
	(195, 'admin@oude.edu.vn', 'admin'),
	(294, 'minhtrivtau@yahoo.com.vn', 'ADMIN_DVLK'),
	(297, 'thanhduy041975@gmail.com', 'ADMIN_DVLK'),
	(299, 'hai6365@gmail.com', 'ADMIN_DVLK'),
	(300, 'huulocn6@gmail.com', 'ADMIN_DVLK'),
	(302, 'trantutayninh55@gmail.com', 'ADMIN_DVLK'),
	(303, 'ngovandang1977@gmail.com', 'ADMIN_DVLK'),
	(306, 'lthmay82.vn@gmail.com', 'ADMIN_DVLK'),
	(307, 'tanpham19@yahoo.com', 'ADMIN_DVLK'),
	(309, 'vunggdtx.vt@gmail.com', 'ADMIN_DVLK'),
	(310, 'hongminhgdtx88@gmail.com', 'ADMIN_DVLK'),
	(455, 'sang.pdp@ou.edu.vn', 'ADMIN_DVLK'),
	(460, 'lehongpq@gmail.com', 'ADMIN_DVLK'),
	(462, 'sonthicdspst@gmail.com', 'ADMIN_DVLK'),
	(463, 'huythong0872@gmail.com', 'ADMIN_DVLK'),
	(464, 'baotrongtcn@gmail.com', 'ADMIN_DVLK'),
	(465, 'haiau2407@gmail.com', 'ADMIN_DVLK'),
	(610, 'sanggdtx@gmail.com', 'ADMIN_DVLK'),
	(611, 'gdtx.gdtxnhontrach@dongnai.edu.vn', 'ADMIN_DVLK'),
	(612, 'tuantcktcntn@gmail.com', 'ADMIN_DVLK'),
	(613, 'caothigiang84@gmail.com', 'ADMIN_DVLK'),
	(615, 'dong83otm@gmail.com', 'ADMIN_DVLK'),
	(616, 'dongchequoc6768@gmail.com', 'ADMIN_DVLK'),
	(617, 'hoanguyenquynhgdtx@gmail.com', 'ADMIN_DVLK'),
	(618, 'Nvs0103@gmail.com', 'ADMIN_DVLK'),
	(621, 'khanh.nguyen@caodangvietmy.edu.vn', 'ADMIN_DVLK'),
	(622, 'mai.nguyen@caodangvietmy.edu.vn', 'ADMIN_DVLK'),
	(623, 'tvchinh@btu.edu.vn', 'ADMIN_DVLK'),
	(624, 'tqoanh@btu.edu.vn', 'ADMIN_DVLK'),
	(625, 'dvdong@btu.edu.vn', 'ADMIN_DVLK'),
	(628, 'levannoi.chupah@gmail.com', 'ADMIN_DVLK'),
	(629, 'xuantien.gdtxchupah@gmail.com', 'ADMIN_DVLK'),
	(631, 'pvrsing.tnxp@hcm.edu.vn', 'ADMIN_DVLK'),
	(632, 'huutrung@dtcc.edu.vn', 'ADMIN_DVLK'),
	(633, 'nnthao@dtcc.edu.vn', 'ADMIN_DVLK'),
	(635, 'duongduongcm@yahoo.com', 'ADMIN_DVLK'),
	(637, 'nguyenvanducgl@gmail.com', 'ADMIN_DVLK'),
	(638, 'kimthanhcse@gmail.com', 'ADMIN_DVLK'),
	(641, 'thanhhuyen091983@gmail.com', 'ADMIN_DVLK'),
	(642, 'thaoly19011978@gmail.com', 'ADMIN_DVLK'),
	(643, 'vythaodnlg@gmail.com', 'ADMIN_DVLK'),
	(644, 'hongcam36@gmail.com', 'ADMIN_DVLK'),
	(645, 'minhcsdn2005@gmail.com', 'ADMIN_DVLK'),
	(646, 'xuyenphan611@gmail.com', 'ADMIN_DVLK'),
	(647, 'ntknga@dtcc.edu.vn', 'ADMIN_DVLK'),
	(648, 'thaodien23071981@gmail.com', 'ADMIN_DVLK'),
	(649, 'namhoang.qd4@gmail.com', 'ADMIN_DVLK'),
	(651, 'liemnh@haugiang.edu.vn', 'ADMIN_DVLK'),
	(652, 'muoinv.gdtxtinh@haugiang.edu.vn', 'ADMIN_DVLK'),
	(654, 'ntnha.gdtxbd@gmail.com', 'ADMIN_DVLK'),
	(655, 'tranducduoc1973@gmail.com', 'ADMIN_DVLK'),
	(656, 'danghanh0111@gmail.com', 'ADMIN_DVLK'),
	(657, 'vovantienttgl@gmail.com', 'ADMIN_DVLK'),
	(658, 'levanthuanpleiku@gmail.com', 'ADMIN_DVLK'),
	(659, 'vovanthuygdtxgialai@gmail.com', 'ADMIN_DVLK'),
	(661, 'buihuygiapgl@gmail.com', 'ADMIN_DVLK'),
	(662, 'thanhhaittdntn@gmail.com', 'ADMIN_DVLK'),
	(664, 'trongthachng@gmail.com', 'ADMIN_DVLK'),
	(666, 'misshonglinh02@gmail.com', 'ADMIN_DVLK'),
	(667, 'dangthitram989@gmail.com', 'ADMIN_DVLK'),
	(668, 'letranvinhphu75@gmail.com', 'ADMIN_DVLK'),
	(669, 'locdian14@gmail.com', 'ADMIN_DVLK'),
	(671, 'thanhdv@sthc.edu.vn', 'ADMIN_DVLK'),
	(672, 'yennn@sthc.edu.vn', 'ADMIN_DVLK'),
	(674, 'rising_lathedo@yahoo.com', 'ADMIN_DVLK'),
	(187, 'phuoc.nk@ou.edu.vn', 'hoc_lieu'),
	(186, 'khang.lnq@ou.edu.vn', 'leader'),
	(188, 'phuoc.nk@ou.edu.vn', 'leader'),
	(244, 'thao.nta@ou.edu.vn', 'leader'),
	(308, 'luat.pham@oude.edu.vn', 'QLV');

/*!40103 SET TIME_ZONE=IFNULL(@OLD_TIME_ZONE, 'system') */;
/*!40101 SET SQL_MODE=IFNULL(@OLD_SQL_MODE, '') */;
/*!40014 SET FOREIGN_KEY_CHECKS=IFNULL(@OLD_FOREIGN_KEY_CHECKS, 1) */;
/*!40101 SET CHARACTER_SET_CLIENT=@OLD_CHARACTER_SET_CLIENT */;
/*!40111 SET SQL_NOTES=IFNULL(@OLD_SQL_NOTES, 1) */;
