-- --------------------------------------------------------
-- Host:                         127.0.0.1
-- Server version:               8.0.28 - MySQL Community Server - GPL
-- Server OS:                    Win64
-- HeidiSQL Version:             11.1.0.6116
-- --------------------------------------------------------

/*!40101 SET @OLD_CHARACTER_SET_CLIENT=@@CHARACTER_SET_CLIENT */;
/*!40101 SET NAMES utf8 */;
/*!50503 SET NAMES utf8mb4 */;
/*!40014 SET @OLD_FOREIGN_KEY_CHECKS=@@FOREIGN_KEY_CHECKS, FOREIGN_KEY_CHECKS=0 */;
/*!40101 SET @OLD_SQL_MODE=@@SQL_MODE, SQL_MODE='NO_AUTO_VALUE_ON_ZERO' */;
/*!40111 SET @OLD_SQL_NOTES=@@SQL_NOTES, SQL_NOTES=0 */;


-- Dumping database structure for theodoihocphi
DROP DATABASE IF EXISTS `theodoihocphi`;
CREATE DATABASE IF NOT EXISTS `theodoihocphi` /*!40100 DEFAULT CHARACTER SET utf8 COLLATE utf8_unicode_ci */ /*!80016 DEFAULT ENCRYPTION='N' */;
USE `theodoihocphi`;

-- Dumping structure for table theodoihocphi.accounting
DROP TABLE IF EXISTS `accounting`;
CREATE TABLE IF NOT EXISTS `accounting` (
  `ID_accounting` varchar(100) CHARACTER SET utf8 COLLATE utf8_unicode_ci NOT NULL DEFAULT '',
  `ma_dvlk` varchar(45) CHARACTER SET utf8 COLLATE utf8_unicode_ci DEFAULT NULL,
  `dvlk` varchar(255) CHARACTER SET utf8 COLLATE utf8_unicode_ci DEFAULT NULL,
  `create_day` date DEFAULT NULL,
  `start_day` date DEFAULT NULL,
  `end_day` date DEFAULT NULL,
  `total` varchar(100) CHARACTER SET utf8 COLLATE utf8_unicode_ci NOT NULL,
  `total_discount` varchar(100) CHARACTER SET utf8 COLLATE utf8_unicode_ci DEFAULT NULL,
  `dvlk_confirm` tinyint(1) DEFAULT NULL,
  `luong_confirm` tinyint(1) DEFAULT NULL,
  `accounting_day` date DEFAULT NULL,
  `user_create` varchar(100) CHARACTER SET utf8 COLLATE utf8_unicode_ci DEFAULT NULL,
  `status` tinyint DEFAULT NULL,
  PRIMARY KEY (`ID_accounting`)
) ENGINE=InnoDB DEFAULT CHARSET=utf8mb3 COLLATE=utf8_unicode_ci;

-- Dumping data for table theodoihocphi.accounting: ~0 rows (approximately)
/*!40000 ALTER TABLE `accounting` DISABLE KEYS */;
/*!40000 ALTER TABLE `accounting` ENABLE KEYS */;

-- Dumping structure for table theodoihocphi.action
DROP TABLE IF EXISTS `action`;
CREATE TABLE IF NOT EXISTS `action` (
  `action` varchar(100) CHARACTER SET utf8 COLLATE utf8_unicode_ci NOT NULL,
  `descript` varchar(255) CHARACTER SET utf8 COLLATE utf8_unicode_ci DEFAULT NULL,
  PRIMARY KEY (`action`)
) ENGINE=InnoDB DEFAULT CHARSET=utf8mb3 COLLATE=utf8_unicode_ci;

-- Dumping data for table theodoihocphi.action: ~12 rows (approximately)
/*!40000 ALTER TABLE `action` DISABLE KEYS */;
INSERT INTO `action` (`action`, `descript`) VALUES
	('accounting', 'kế toán'),
	('course_ware', 'học liệu'),
	('get_class', 'Xem lớp'),
	('guide', 'hướng dẫn sử dụng'),
	('list_student', 'Chi tiết sinh viên'),
	('one_student', 'Thông tin 1 sinh viên'),
	('register', 'Tạo tài khoản'),
	('reset_password', 'thay đổi mật khẩu'),
	('revenue', 'Doanh thu'),
	('search', 'tìm kiếm'),
	('statistical', 'Thống kê'),
	('subject_register', 'Kết quả đăng ký môn học');
/*!40000 ALTER TABLE `action` ENABLE KEYS */;

-- Dumping structure for table theodoihocphi.choice
DROP TABLE IF EXISTS `choice`;
CREATE TABLE IF NOT EXISTS `choice` (
  `ID` int NOT NULL AUTO_INCREMENT,
  `value` varchar(255) CHARACTER SET utf8 COLLATE utf8_unicode_ci DEFAULT NULL,
  `descript` varchar(255) CHARACTER SET utf8 COLLATE utf8_unicode_ci DEFAULT NULL,
  `type` varchar(10) CHARACTER SET utf8 COLLATE utf8_unicode_ci DEFAULT NULL,
  PRIMARY KEY (`ID`)
) ENGINE=InnoDB AUTO_INCREMENT=15 DEFAULT CHARSET=utf8mb3 COLLATE=utf8_unicode_ci;

-- Dumping data for table theodoihocphi.choice: ~14 rows (approximately)
/*!40000 ALTER TABLE `choice` DISABLE KEYS */;
INSERT INTO `choice` (`ID`, `value`, `descript`, `type`) VALUES
	(1, '1', 'Học kỳ 1', 'semester'),
	(2, '2', 'Học kỳ 2', 'semester'),
	(3, '3', 'Học kỳ 3', 'semester'),
	(4, '2015', 'Năm học 2015 - 2016', 'schoolyear'),
	(5, '2016', 'Năm học 2016 - 2017', 'schoolyear'),
	(6, '2017', 'Năm học 2017 - 2018', 'schoolyear'),
	(7, '2018', 'Năm học 2018 - 2019', 'schoolyear'),
	(8, '2019', 'Năm học 2019 - 2020', 'schoolyear'),
	(9, '2020', 'Năm học 2020 - 2021', 'schoolyear'),
	(10, '2021', 'Năm học 2021 - 2022', 'schoolyear'),
	(11, '2022', 'Năm học 2022 - 2023', 'schoolyear'),
	(12, 'r_1', 'Đợt 1 1/12 - 31/3', 'round'),
	(13, 'r_2', 'Đợt 2 1/4 - 31/7', 'round'),
	(14, 'r_3', 'Đợt 3 1/8 - 31/12', 'round');
/*!40000 ALTER TABLE `choice` ENABLE KEYS */;

-- Dumping structure for table theodoihocphi.guide
DROP TABLE IF EXISTS `guide`;
CREATE TABLE IF NOT EXISTS `guide` (
  `idGuide` int NOT NULL AUTO_INCREMENT,
  `tieuDe` varchar(255) CHARACTER SET utf8 COLLATE utf8_unicode_ci DEFAULT NULL,
  `conTent` text CHARACTER SET utf8 COLLATE utf8_unicode_ci,
  `urlVideo` varchar(255) CHARACTER SET utf8 COLLATE utf8_unicode_ci DEFAULT NULL,
  `urlHinh` varchar(255) CHARACTER SET utf8 COLLATE utf8_unicode_ci DEFAULT NULL,
  PRIMARY KEY (`idGuide`)
) ENGINE=InnoDB AUTO_INCREMENT=10 DEFAULT CHARSET=utf8mb3 COLLATE=utf8_unicode_ci;

-- Dumping data for table theodoihocphi.guide: ~9 rows (approximately)
/*!40000 ALTER TABLE `guide` DISABLE KEYS */;
INSERT INTO `guide` (`idGuide`, `tieuDe`, `conTent`, `urlVideo`, `urlHinh`) VALUES
	(1, 'Tổng quan', '\r <iframe src="dist/guide_txt/_tongQuan.pdf#toolbar=0" width="100%" height="600px">\r ', NULL, NULL),
	(2, 'Đăng nhập và Đăng xuất', '\n<iframe src="dist/guide_txt/_dangNhapdangXuat.pdf#toolbar=0" width="100%" height="600px">\n', NULL, NULL),
	(3, 'Thông tin lớp và sinh viên', '\n<iframe src="dist/guide_txt/_thongTinLopVaSinhVien.pdf#toolbar=0" width="100%" height="600px">\n', NULL, NULL),
	(4, 'Kết quả đăng ký môn học', '\n<iframe src="dist/guide_txt/_ketQuaDangKyMonHoc.pdf#toolbar=0" width="100%" height="600px">\n', NULL, NULL),
	(5, 'Doanh Thu', '\n<iframe src="dist/guide_txt/_xemDoanhThu.pdf#toolbar=0" width="100%" height="600px">\n', NULL, NULL),
	(6, 'Xem chi tiết 1 sinh viên', '\n<iframe src="dist/guide_txt/_timKiemMotSinhVien.pdf#toolbar=0" width="100%" height="600px">\n', NULL, NULL),
	(7, 'Thay đổi mật khẩu', '\n <iframe src="dist/guide_txt/_doiMatKhau.pdf#toolbar=0" width="100%" height="600px">\n', NULL, NULL),
	(8, 'Quyết toán', '\r <iframe src="dist/guide_txt/_quyetToan.pdf" width="100%" height="600px">\r ', NULL, NULL),
	(9, 'Tổng hợp', '\r\n <iframe src="dist/guide_txt/_guide_checkPayment.pdf" width="100%" height="600px">\r\n ', NULL, NULL);
/*!40000 ALTER TABLE `guide` ENABLE KEYS */;

-- Dumping structure for table theodoihocphi.link_unit
DROP TABLE IF EXISTS `link_unit`;
CREATE TABLE IF NOT EXISTS `link_unit` (
  `unit` varchar(100) CHARACTER SET utf8 COLLATE utf8_unicode_ci NOT NULL,
  `descript` varchar(255) CHARACTER SET utf8 COLLATE utf8_unicode_ci DEFAULT NULL,
  PRIMARY KEY (`unit`)
) ENGINE=InnoDB DEFAULT CHARSET=utf8mb3 COLLATE=utf8_unicode_ci;

-- Dumping data for table theodoihocphi.link_unit: ~143 rows (approximately)
/*!40000 ALTER TABLE `link_unit` DISABLE KEYS */;
INSERT INTO `link_unit` (`unit`, `descript`) VALUES
	('_K', 'Mã địa phương tạm dùng bảo trì dữ liệu'),
	('_T', 'Đại học Mở Tp.HCM - VLVH'),
	('AG', 'TT GDTX An Giang'),
	('AP', 'An Phú - GDTX An Giang'),
	('BA', 'Ban Chỉ Huy Quân sự Huyện Bình Chánh'),
	('BB', 'Trường Bồi dưỡng giáo dục Huyện Bình Chánh'),
	('BC', 'Trường trung cấp nghề Trần Đại Nghĩa'),
	('BD', 'TT GDTX Bình Định'),
	('BE', 'TT GDNN - GDTX Huyện Nhà Bè'),
	('BH', 'Trường TC KTKT Số 2 Biên Hòa'),
	('BI', 'Ban Chỉ Huy Quân sự Quận Bình Tân'),
	('BL', 'TT GDTX Bạc Liêu'),
	('BO', 'TT GDTX Bình Long - BPhước'),
	('BP', 'TT GDTX Bình Phước'),
	('BR', 'Trường TC KT Kỹ thuật Công Đoàn BR VT'),
	('BT', 'TT GDTX Bến Tre'),
	('BV', 'TT CT Quận Gò Vấp'),
	('C3', 'Trung tâm chính trị quận 3'),
	('C4', 'TT CT Quận 4'),
	('CA', 'Trường Cao đẳng Long An'),
	('CC', 'Trường trung cấp nghề Củ Chi'),
	('CD', 'Châu Đốc - GDTX An Giang'),
	('CG', 'TT KT TH HN Cần Giờ'),
	('CH', 'TT GDTX Chơn Thành-BPhước'),
	('CL', 'Trường CĐCĐ Đồng Tháp'),
	('CM', 'Trường CĐCĐ Cà Mau'),
	('CN', 'TT GDNN - GDTX Q.Thốt Nốt'),
	('CQ', 'ĐTTX - Các lớp chính quy chuyển qua'),
	('CR', 'TT GDTX Khánh Hòa - Cam ranh'),
	('CT', 'Trường ĐH KT Công Nghệ Cần Thơ'),
	('CV', 'TT GDTX và HN Côn Đảo'),
	('CX', 'Các môn tổ chức học (CTXH Cần Thơ)'),
	('DA', 'Trường Trung cấp Nghề Dĩ An'),
	('DB', 'Trường Đại Học Bạc Liêu'),
	('DD', 'TT GDTX Đắk Nông - Tuy Đức'),
	('DG', 'TT GDTX Đắk Nông'),
	('DH', 'Cao đẳng Long An ( Cơ sở Đức Hòa )'),
	('DK', 'TT GDTX ĐAK LAK'),
	('DM', 'TT GDTX Đắk Nông - Đăk Mil'),
	('DN', 'TT NN-TH Phan Chu Trinh'),
	('DR', 'TT GDTX Đắk Nông - Đăk R\'Lấp'),
	('DT', 'TT CT -TP Cao Lãnh'),
	('EA', 'CTy Cao Su EaH\'Leo'),
	('GC', 'TT TH KT TH HN Cần Giờ'),
	('GD', 'TT GDTX Gia Định'),
	('GI', 'TT GDNN & GDTX H. Ia Grai - Gia Lai'),
	('GK', 'TT GDNN  GDTX huyện K rông Pa'),
	('GL', 'TT GDTX Gia Lai'),
	('GM', 'TT GDNN -GDTX Huyện Mang Yang - Gia Lai'),
	('GN', 'TT GDTX Đắk Nông - Gia Nghĩa'),
	('GO', 'TT GDTX Huyện Đăk Pơ - Gia Lai'),
	('GP', 'TT GDTX Huyện Chư Păh - Gia Lai'),
	('GQ', 'Gò Quao-CĐ Kiên Giang'),
	('GR', 'TT GDTX Bạc Liêu-Giá Rai'),
	('GS', 'TT GDNN  GDTX Huyện Chư Sê - Gia Lai'),
	('GU', 'TT GDNN-GDTX Chư Pưh - Gia Lai'),
	('GV', 'Quận Đoàn Gò Vấp'),
	('HB', 'TT GDTX Bạc Liêu-Hồng Dân'),
	('HD', 'TT GDTX Bạc Liêu-Đông Hải'),
	('HG', 'TT GDTX Hậu Giang'),
	('HM', 'Trường Trung cấp Bách nghệ TP.HCM'),
	('HN', 'Trường CĐ CĐ Hà Nội'),
	('HT', 'Trường CĐ Thương Mại và Du Lịch Hà Nội'),
	('HU', 'Hội Liên Hiệp Phụ Nữ TPHCM'),
	('HV', 'Học viện chính trị khu vực 2'),
	('HX', 'Liên minh Hợp tác xã Tp.Hồ Chí Minh'),
	('KG', 'Trường CĐ Kiên Giang'),
	('KH', 'TT GDTX Khánh Hòa'),
	('LA', 'TT GDTX & KTTH Long An'),
	('LB', 'Cơ sở 2 Long Bình'),
	('LC', 'CĐ Long An - CS Cần giuộc'),
	('LD', 'Trường Chính trị Lâm Đồng'),
	('LG', 'TT GDTX - GDNN Tx. Lagi - Bình Thuận'),
	('LH', 'TT GDTX H. Đức Hòa - Long An'),
	('LN', 'TT GDTX Lộc Ninh-BPhước'),
	('LT', 'Trung Tâm GDTX Lâm Đồng'),
	('MC', 'Chợ Mới - GDTX An Giang'),
	('MD', 'TT BD CT H. Đầm Dơi - Cà mau'),
	('MR', 'TT GDNN - GDTX HUYỆN M\'ĐRĂK'),
	('NA', 'Cao đẳng lương thực thực phẩm Đà Nẵng'),
	('NB', 'TT GDTX Tỉnh Ninh Bình'),
	('NH', 'Cơ Sở 5 - Ninh Hoà'),
	('NT', 'TT GDTX - HN Tỉnh Ninh Thuận'),
	('NU', 'Phân hiệu Học viện Phụ Nữ Việt Nam'),
	('NV', 'TT BD CB CC-VC Vũng Tàu'),
	('NX', 'TT GDTX Thanh Niên Xung Phong'),
	('OM', 'TT GDTX Quận Ô Môn'),
	('PB', 'TT GDTX Bạc Liêu-Phước Long'),
	('PD', 'TT GD XHLĐ Phú Đức'),
	('PG', 'TT GDTX Huyện Cần Giờ'),
	('PL', 'TT GDTX Phước Long-BPhước'),
	('PN', 'TT CT Q.Phú Nhuận'),
	('PQ', 'Phú Quốc-CĐ Kiên Giang'),
	('PT', 'TT CT Quận Tân Phú'),
	('PV', 'Phú Văn - GDTX Gia Định'),
	('PY', 'TT GDTX Phú Yên'),
	('Q1', 'TT CT Quận 1'),
	('Q2', 'Trường CĐN Thủ Thiêm - TPHCM'),
	('Q4', 'Ban Chỉ Huy Quân sự Quận 4'),
	('Q5', 'TT CT Quận 5'),
	('Q6', 'TT GDNN - GDTX Quận 6'),
	('Q8', 'TT BDCT Quận 8'),
	('Q9', 'Vĩnh Long - QK9'),
	('QG', 'Ban Chỉ Huy Quân sự Quận Gò Vấp'),
	('QH', 'Ban Chỉ Huy Quân sự Huyện Hóc Môn'),
	('QP', 'Ban Chỉ Huy Quân sự Quận Phú Nhuận'),
	('SB', 'Cơ Sở 3 Bình Dương'),
	('SD', 'Trường CT Đồng Tháp'),
	('SG', 'Trường TC DL và KS Sài Gòn Tourist'),
	('ST', 'TRƯỜNG ĐH SP TDTT TPHCM'),
	('T1', 'Trường ĐT-GQVL Số 1'),
	('T2', 'Trường ĐT-GQVL Số 2'),
	('T3', 'Trường ĐT-GQVL Số 3'),
	('T6', 'Trường ĐT-GQVL Số 6'),
	('TA', 'TT DN H.Tánh Linh - B.Thuận'),
	('TB', 'TT CT Quận Tân Bình'),
	('TC', 'Tân Châu - GDTX An Giang'),
	('TD', 'Công Ty Cao Su Dau Tieng'),
	('TE', 'Trường Trung cấp Tây Nguyên'),
	('TG', 'TT GDTX Tiền Giang'),
	('TH', 'Tr.CĐCĐ Bình Thuận'),
	('TL', 'TT GDTX Q.Thới Lai - Cần Thơ'),
	('TM', 'Cao đẳng Long An ( Cơ sở Đồng Tháp Mười )'),
	('TN', 'TT GDTX Tây Ninh'),
	('TP', 'Trường Đại Học Mở TP.HCM'),
	('TR', 'TT GDTX Nhơn Trạch - ĐNai'),
	('TT', 'TT GDTX Tôn Đức Thắng, TP.HCM'),
	('TU', 'Trường ĐT-GQVL Số 4'),
	('TV', 'Trường ĐH Trà Vinh'),
	('TW', 'TT GDTX Quận 12'),
	('UB', 'UBDS BM & TE'),
	('UT', 'Trường TC Nghề Tân Uyên'),
	('VD', 'Trường Cao đẳng Viễn Đông'),
	('VL', 'Trường CĐCĐ Vĩnh Long'),
	('VM', 'Trường Cao đẳng Việt - Mỹ'),
	('VS', 'Trường Cao Đẳng Nghề Việt Nam - Singapore'),
	('VT', 'TT GDTX Vũng Tàu'),
	('WT', 'Trường DN Quận 12'),
	('XL', 'TT GDNN GDTX  H. Xuân Lộc (ĐN)'),
	('XN', 'Liên Minh HTX Đồng Nai'),
	('XO', 'TT GDNN GDTX H.Thống Nhất-ĐNai'),
	('XP', 'Trường ĐT Và GQVL Số 5'),
	('XT', 'Liên Minh HTX Đồng Tháp'),
	('YB', 'TT ĐTBDCBDS-Bộ Y Tế (B.Tre)'),
	('YK', 'TT ĐTBDCBDS-Bộ Y Tế (K.Giang)'),
	('YT', 'TT ĐTBDCB Dân Số - Y Tế');
/*!40000 ALTER TABLE `link_unit` ENABLE KEYS */;

-- Dumping structure for table theodoihocphi.link_unit_accounting
DROP TABLE IF EXISTS `link_unit_accounting`;
CREATE TABLE IF NOT EXISTS `link_unit_accounting` (
  `unit` varchar(100) COLLATE utf8_unicode_ci NOT NULL,
  `id_class` varchar(45) COLLATE utf8_unicode_ci NOT NULL,
  `id_group` varchar(45) COLLATE utf8_unicode_ci DEFAULT NULL,
  `class_name` varchar(300) CHARACTER SET utf8 COLLATE utf8_general_ci DEFAULT NULL,
  `id_tier` varchar(45) COLLATE utf8_unicode_ci DEFAULT NULL,
  `tier` varchar(255) COLLATE utf8_unicode_ci DEFAULT NULL,
  `percent_accounting` varchar(45) COLLATE utf8_unicode_ci DEFAULT NULL,
  PRIMARY KEY (`unit`,`id_class`),
  CONSTRAINT `fk_link_account` FOREIGN KEY (`unit`) REFERENCES `link_unit` (`unit`)
) ENGINE=InnoDB DEFAULT CHARSET=utf8mb3 COLLATE=utf8_unicode_ci;

-- Dumping data for table theodoihocphi.link_unit_accounting: ~0 rows (approximately)
/*!40000 ALTER TABLE `link_unit_accounting` DISABLE KEYS */;
INSERT INTO `link_unit_accounting` (`unit`, `id_class`, `id_group`, `class_name`, `id_tier`, `tier`, `percent_accounting`) VALUES
	('AG', 'AG110412', 'AG110', ' An Giang - Khóa  2011 - Quản trị kinh doanh', ' 1_2', ' Đào tạo từ xa', '0'),
	('AG', 'AG110912', 'AG111', ' An Giang - Khóa  2011 - Tài Chính Ngân Hàng', ' 1_2', ' Đào tạo từ xa', '0'),
	('AG', 'AG11131', 'AG112', ' An Giang - Khóa 2/2011 - Kinh Tế Luật', ' 1_2', ' Đào tạo từ xa', '0'),
	('AG', 'AG11141', 'AG113', ' An Giang - Khóa 2/2011 - Quản trị kinh doanh', ' 1_2', ' Đào tạo từ xa', '0'),
	('AG', 'AG11181', 'AG114', ' An Giang - Khóa 2/2011 - Kế Toán', ' 1_2', ' Đào tạo từ xa', '0'),
	('AG', 'AG11191', 'AG115', ' An Giang - Khóa 2/2011 - Tài Chính Ngân Hàng', ' 1_2', ' Đào tạo từ xa', '0'),
	('AG', 'AG11231', 'AG118', ' An Giang - Khóa  2012 - Kinh Tế Luật', ' 1_2', ' Đào tạo từ xa', '0'),
	('AG', 'AG11241', 'AG116', ' An Giang - Khóa  2012 - Quản trị kinh doanh', ' 1_2', ' Đào tạo từ xa', '0'),
	('AG', 'AG11281', 'AG117', ' An Giang - Khóa  2012 - Kế Toán', ' 1_2', ' Đào tạo từ xa', '0'),
	('AG', 'AG113212', 'AG120', ' An Giang - Khóa  2014 - Xây dựng', ' 1_2', ' Đào tạo từ xa', '0'),
	('AG', 'AG113312', 'AG121', ' An Giang - Khóa  2014 - Kinh Tế Luật', ' 1_2', ' Đào tạo từ xa', '0'),
	('AG', 'AG11341', 'AG119', ' An Giang - Khóa  2013 - Quản trị kinh doanh', ' 1_2', ' Đào tạo từ xa', '0'),
	('AG', 'AG113812', 'AG122', ' An Giang - Khóa  2014 - Kế Toán', ' 1_2', ' Đào tạo từ xa', '0'),
	('AG', 'AG11541', 'AG124', ' An Giang - Khóa  2015 - ĐTTX - Quản trị kinh doanh', ' 1_2', ' Đào tạo từ xa', '0'),
	('AG', 'AG11581', 'AG123', ' An Giang - Khóa  2015 - ĐTTX - Kế Toán', ' 1_2', ' Đào tạo từ xa', '0'),
	('AG', 'AG318412', 'AG305', ' An Giang - Hệ VLVH - Khóa 2019 - Quản Trị Kinh Doanh', ' 3_1', ' Vừa làm vừa học', '22'),
	('BA', 'BA119323', 'BA101', ' Bình Chánh - ĐTTX - Khóa 2020 - Luật Kinh Tế', ' 1_4', ' Đào tạo từ xa', '20'),
	('BB', '_TRANOTXBB', 'BB001', ' Trường BD GD H.Bình Chánh', ' 2_4', ' Đào tạo từ xa', '0'),
	('BB', 'BB220702', 'BB201', ' Trường BDGD H.Bình Chánh - Khóa 2021 - VB2 Ngôn Ngữ Anh', ' 2_4', ' Đào tạo từ xa', '22'),
	('BC', 'BC11532', 'BC101', ' Trần Đại Nghĩa - ĐTTX - Khóa 2015 - Luật Kinh Tế', ' 1_2', ' Đào tạo từ xa', '0'),
	('BC', 'BC11566', 'BC102', ' Trần Đại Nghĩa - ĐTTX - Khóa 2015 - XHH-TC&QLNS', ' 1_2', ' Đào tạo từ xa', '0'),
	('BD', '_TRANOTXBD', 'BD001', ' Lớp có môn học tổ chức thi trả nợ hình thức Đào tạo từ xa', ' 1_2', ' Đào tạo từ xa', '0'),
	('BD', '_TRANOVLBD', 'BD001', ' Lớp có môn học tỏ chức thi trả nợ hình thức vừa làm vừa học', '3', ' Vừa làm vừa học', '0'),
	('BD', 'BD110322', 'BD104', ' Bình Định - Khóa  2011 - Luật Kinh Tế', ' 1_2', ' Đào tạo từ xa', '0'),
	('BD', 'BD112322', 'BD111', ' Bình Định - Khóa  2013 - Luật Kinh Tế', ' 1_2', ' Đào tạo từ xa', '0'),
	('BD', 'BD11241', 'BD108', ' Bình Định - Khóa 2012 - Quản Trị Kinh Doanh', ' 1_2', ' Đào tạo từ xa', '0'),
	('BD', 'BD11262', 'BD110', ' Bình Định - Khóa 2012 - Công Tác Xã Hội', ' 1_2', ' Đào tạo từ xa', '0'),
	('BD', 'BD11281', 'BD109', ' Bình Định - Khóa 2012 - Kế Toán', ' 1_2', ' Đào tạo từ xa', '0'),
	('BD', 'BD113323H', 'BD112', ' Hoài Nhơn - Bình Định - Khóa  2014 - Luật Kinh Tế', ' 1_2', ' Đào tạo từ xa', '0'),
	('BD', 'BD113412', 'BD115', ' Bình Định - Khóa 2014 - Quản Trị Kinh Doanh', ' 1_2', ' Đào tạo từ xa', '0'),
	('BD', 'BD113812', 'BD114', ' Bình Định - Khóa 2014 - Kế Toán', ' 1_2', ' Đào tạo từ xa', '0'),
	('BD', 'BD113912', 'BD113', ' Bình Định - Khóa 2014 - Tài Chính Ngân Hàng', ' 1_2', ' Đào tạo từ xa', '0'),
	('BD', 'BD116412', 'BD116', ' Bình Định - Khóa 2017 - Quản Trị Kinh Doanh', ' 1_2', ' Đào tạo từ xa', '0'),
	('BD', 'BD116812', 'BD117', ' Bình Định - Khóa 2017 - Kế Toán', ' 1_2', ' Đào tạo từ xa', '0'),
	('BD', 'BD216812', 'BD202', ' Bình Định - Khóa 2017 - VB.2 - ĐTTX - Kế Toán', ' 2_2', ' Đào tạo từ xa', '0'),
	('BD', 'BD319813', 'BD301', ' Bình Định - Khóa 2020 - VB1 - VLVH - Kế Toán', ' 3_1', ' Vừa làm vừa học', '24'),
	('BD', 'BD419813', 'BD401', ' Bình Định - Khóa 2020 - VB2 - VLVH - Kế Toán', ' 4_3', ' Vừa làm vừa học', '24'),
	('BD', 'BD516812', 'BD502', ' Bình Định - Khóa 2017 - Liên thông ĐH - ĐTTX - Kế Toán', '5', ' Đào tạo từ xa', '24'),
	('BD', 'BD919813', 'BD901', ' Bình Định - Khóa 2020 - Liên thông ĐH - VLVH - Kế Toán', ' 9_3', ' Vừa làm vừa học', '24'),
	('BD', 'BD9T19813', 'BD9T01', ' Bình Định - Khóa 2020 - Liên thông TC  - VLVH - Kế Toán', ' 9T_1', ' Vừa làm vừa học', '24'),
	('BE', '_TRANOVLBE', 'BE003', ' Nhà Bè: tổ chức thi trả nợ hình thức VLVH', '3', ' Vừa làm vừa học', '0'),
	('BE', 'BE314322', 'BE301', ' Nhà Bè - TPHCM - Hệ VLVH - Khóa 2015 - Luật Kinh Tế', '3', ' Vừa làm vừa học', '0'),
	('BE', 'BE317343', 'BE302', ' Nhà Bè - TPHCM - Hệ VLVH - Khóa 2018 - Luật học', ' 3_1', ' Vừa làm vừa học', '0'),
	('BH', '_TRANOTXBH', 'BH001', ' Lớp có môn học tổ chức thi trả nợ hình thức Đào tạo từ xa', ' 1_2', ' Đào tạo từ xa', '0'),
	('BH', 'BH111322', 'BH106', ' Biên Hòa - Khóa 2012 - Luật Kinh Tế', ' 1_2', ' Đào tạo từ xa', '0'),
	('BH', 'BH111412', 'BH105', ' Biên Hòa - Khóa 2012 - Quản Trị Kinh Doanh', ' 1_2', ' Đào tạo từ xa', '0'),
	('BH', 'BH11332', 'BH108', ' Biên Hòa - Khóa 2013 - Luật Kinh Tế', ' 1_2', ' Đào tạo từ xa', '0'),
	('BH', 'BH11341', 'BH107', ' Biên Hòa - Khóa 2013 - Quản Trị Kinh Doanh', ' 1_2', ' Đào tạo từ xa', '0'),
	('BH', 'BH11432', 'BH109', ' Biên Hòa - Khóa 2014 - Luật Kinh Tế', ' 1_2', ' Đào tạo từ xa', '0'),
	('BH', 'BH11441', 'BH110', ' Biên Hòa - Khóa 2014 - Quản Trị Kinh Doanh', ' 1_2', ' Đào tạo từ xa', '0'),
	('BH', 'BH11532', 'BH112', ' Biên Hòa - Khóa 2015 - Luật Kinh Tế', ' 1_2', ' Đào tạo từ xa', '0'),
	('BH', 'BH11541', 'BH111', ' Biên Hòa - Khóa 2015 - Quản Trị Kinh Doanh', ' 1_2', ' Đào tạo từ xa', '0'),
	('BH', 'BH11632', 'BH113', ' Biên Hòa - Khóa 2017 - VB1 - Luật Kinh Tế', ' 1_2', ' Đào tạo từ xa', '0'),
	('BH', 'BH116413', 'BH115', ' Biên Hòa - Khóa 2017 - VB1 - Quản Trị Kinh Doanh', ' 1_2', ' Đào tạo từ xa', '0'),
	('BH', 'BH11681', 'BH114', ' Biên Hòa - Khóa 2017 - VB1 - Kế Toán', ' 1_2', ' Đào tạo từ xa', '0'),
	('BH', 'BH117342', 'BH116', ' Biên Hòa - Khóa 2018 - VB1 - Luật', ' 1_4', ' Đào tạo từ xa', '27'),
	('BH', 'BH118343', 'BH118', ' Biên Hòa - Khóa 2019 - VB1 - Luật', ' 1_4', ' Đào tạo từ xa', '27'),
	('BH', 'BH118412', 'BH117', ' Biên Hòa - Khóa 2019 - VB1 - Quản Trị Kinh Doanh', ' 1_4', ' Đào tạo từ xa', '27'),
	('BH', 'BH119343', 'BH119', ' Biên Hòa - Khóa 2020 - VB1 - Luật', ' 1_4', ' Đào tạo từ xa', '27'),
	('BH', 'BH120342', 'BH120', ' Biên Hòa - Khóa 2021 - VB1 - Luật', ' 1_4', ' Đào tạo từ xa', '27'),
	('BH', 'BH120412', 'BH121', ' Biên Hòa - Khóa 2021 - VB1 - QTKD', ' 1_4', ' Đào tạo từ xa', '27'),
	('BH', 'BH121342', 'BH121', ' Biên Hòa - Khóa 2022 VB1 - Luật', ' 1_4', ' Đào tạo từ xa', '27'),
	('BH', 'BH122341', 'BH122', ' Biên Hòa - Khóa 2/2022 VB1 - Luật', ' 1_4', ' Đào tạo từ xa', '27'),
	('BH', 'BH21632', 'BH201', ' Biên Hòa - Khóa 2017 - VB2 - Luật Kinh Tế', ' 2_2', ' Đào tạo từ xa', '0'),
	('BH', 'BH219343', 'BH202', ' Biên Hòa - Khóa 2020 - VB2 - Luật', ' 2_4', ' Đào tạo từ xa', '27'),
	('BH', 'BH220342', 'BH203', ' Biên Hòa - Khóa 2021 - VB2 - Luật', ' 2_4', ' Đào tạo từ xa', '27'),
	('BH', 'BH221342', 'BH204', ' Biên Hòa - Khóa 2022 - VB2 - Luật', ' 2_4', ' Đào tạo từ xa', '27'),
	('BH', 'BH222341', 'BH215', ' Biên Hòa - Khóa2/ 2022 VB2 - Luật', ' 2_4', ' Đào tạo từ xa', '27'),
	('BI', 'BI119322', 'BI101', ' BCHQS Bình Tân - Khóa 2020 - VB1 - Luật Kinh Tế', ' 1_4', ' Đào tạo từ xa', '20'),
	('BI', 'BI2207011', 'BI201', ' BCHQS Bình Tân - Khóa 2020 - VB2 - Ngôn Ngữ Anh', ' 2_4', ' Đào tạo từ xa', '20'),
	('BL', 'BL110412', 'BL112', ' Bạc Liêu - Khóa 2011 - Quản Trị Kinh Doanh', ' 1_2', ' Đào tạo từ xa', '0'),
	('BL', 'BL110612', 'BL113', ' Bạc Liêu - Khóa 2011 - Xã Hội Học', ' 1_2', ' Đào tạo từ xa', '0'),
	('BL', 'BL110812', 'BL114', ' Bạc Liêu - Khóa 2011 - Kế Toán', ' 1_2', ' Đào tạo từ xa', '0'),
	('BP', 'BP116343', 'BP103', ' Bình Phước - Khóa 2017 - Luật', ' 1_2', ' Đào tạo từ xa', '24'),
	('BP', 'BP117342', 'BP104', ' Bình Phước - Khóa 2018 - Luật', ' 1_4', ' Đào tạo từ xa', '19'),
	('BR', '_TRANOTXBR', 'BR001', ' Lớp có môn học tổ chức thi trả nợ hình thức Đào tạo từ xa', ' 1_2', ' Đào tạo từ xa', '0'),
	('BR', 'BR119223', 'BR101', ' Công Đoàn BR Vũng Tàu - Khóa 2020 - XD CN Cấp Thoát nước', ' 1_4', ' Đào tạo từ xa', '28'),
	('BR', 'BR120341', 'BR102', ' Công Đoàn BR Vũng Tàu - Khóa 2021 - luật', ' 1_4', ' Đào tạo từ xa', '28'),
	('BR', 'BR121342', 'BR103', ' ĐTTX LUẬT VB1 K 2022 CĐ BÀ RỊA VŨNG TÀU', ' 1_4', ' Đào tạo từ xa', '28'),
	('BR', 'BR122343', 'BR104', ' ĐTTX LUẬT  K 2023 TT GDNN  BÀ RỊA VŨNG TÀU', ' 1_4', ' Đào tạo từ xa', '28'),
	('BR', 'BR221342', 'BR201', ' ĐTTX LUẬT VB2 K 2022 CĐ BÀ RỊA VŨNG TÀU', ' 2_4', ' Đào tạo từ xa', '28'),
	('BR', 'BR222343', 'BR202', ' ĐTTX LUẬT VB2 K 2023 TT GDNN  BÀ RỊA VŨNG TÀU', ' 2_4', ' Đào tạo từ xa', '28'),
	('BT', '_TRANOVLBT', 'BT003', ' Lớp có môn học tổ chức thi trả nợ hình thức Vừa làm vừa học', '3', ' Vừa làm vừa học', '0'),
	('BT', 'BT31021', 'BT303', ' Bến Tre - Hệ VLVH - Khóa 2010 - Xây dựng', '3', ' Vừa làm vừa học', '22'),
	('BT', 'BT31441', 'BT308', ' Bến Tre - Hệ VLVH - Khóa 2014 - Quản Trị Kinh Doanh', '3', ' Vừa làm vừa học', '19'),
	('BT', 'BT31621', 'BT311', ' Bến Tre - Hệ VLVH - Khóa 2016 - Xây Dựng', '3', ' Vừa làm vừa học', '30'),
	('BT', 'BT31661', 'BT310', ' Bến Tre - Hệ VLVH - Khóa 2016 - Xã Hội Học', '3', ' Vừa làm vừa học', '30'),
	('BT', 'BT31681', 'BT309', ' Bến Tre - Hệ VLVH - Khóa 2016 - Kế Toán', '3', ' Vừa làm vừa học', '30'),
	('BT', 'BT317342', 'BT313', ' Bến Tre - Hệ VLVH - Khóa 2018 - Luật', ' 3_1', ' Vừa làm vừa học', '30'),
	('BT', 'BT31741', 'BT312', ' Bến Tre - Hệ VLVH - Khóa 2017 - Quản Trị Kinh Doanh', ' 3_1', ' Vừa làm vừa học', '30'),
	('BT', 'BT319211', 'BT315', ' Bến Tre - Hệ VLVH - Khóa 2020 - Xây Dựng DD&CN', ' 3_1', ' Vừa làm vừa học', '30'),
	('BT', 'BT319341', 'BT316', ' Bến Tre - Hệ VLVH - Khóa 2020 - Luật', ' 3_1', ' Vừa làm vừa học', '30'),
	('BT', 'BT319411', 'BT314', ' Bến Tre - Hệ VLVH - Khóa 2019 - Quản Trị Kinh Doanh', ' 3_1', ' Vừa làm vừa học', '30'),
	('BT', 'BT320341', 'BT317', ' Bến Tre - Hệ VLVH - Khóa 2/2020 - Luật', ' 3_1', ' Vừa làm vừa học', '30'),
	('BT', 'BT321411', 'BT318', ' Bến Tre - Hệ VLVH - Khóa 2022 - Quản Trị Kinh Doanh', ' 3_1', ' Vừa làm vừa học', '30'),
	('BT', 'BT321813', 'BT319', ' VLVH - KẾ TOÁN - BẾN TRE - K 2022', ' 3_1', ' Vừa làm vừa học', '30'),
	('BT', 'BT322213', 'BT320', ' Bến Tre - Hệ VLVH - Khóa 2023 - Xây Dựng CN CTXD DD CN', ' 3_1', ' Vừa làm vừa học', '20'),
	('BV', 'BV314322', 'BV301', ' Gò Vấp - TPHCM - Hệ VLVH - Khóa 2015 - Luật Kinh Tế', '3', ' Vừa làm vừa học', '0'),
	('C3', 'C3222703', 'C3201', ' TT CT Quận 3 - Khóa 2023 - VB2 - Ngôn Ngữ Anh', ' 2_4', ' Đào tạo từ xa', '0'),
	('C4', '_TRANOTXC4', 'C4001', ' Lớp có môn học tổ chức thi trả nợ hình thức Đào tạo từ xa', ' 2_4', ' Đào tạo từ xa', '0'),
	('C4', 'C4221702', 'C4201', ' TT CT Quận 4 - Khóa 2022 - VB2 - Ngôn Ngữ Anh', ' 2_5', ' Đào tạo từ xa', '0'),
	('C4', 'C4222701', 'C4202', ' TT CT Quận 4 - Khóa 2023 - VB2 - Ngôn Ngữ Anh', ' 2_5', ' Đào tạo từ xa', '0'),
	('CA', '_TRANOVLCA', 'CA003', ' Lớp có môn học tổ chức thi trả nợ hình thức Vừa làm vừa học', '3', ' Vừa làm vừa học', '0'),
	('CA', 'CA921813', 'CA901', ' LTCĐ - VLVH - KẾ TOÁN  CĐ LONG AN K 2022', ' 9_4', ' Vừa làm vừa học', '25'),
	('CA', 'CA9T21813', 'CA9T01', ' LTTC - VLVH - KẾ TOÁN  CĐ LONG AN K 2022', ' 9T_1', ' Vừa làm vừa học', '25'),
	('CC', '_TRANOTXCC', 'CC001', ' Củ Chi: tổ chức thi trả nợ hình thức ĐTTX', ' 1_2', ' Đào tạo từ xa', '0'),
	('CC', 'CC111312', 'CC102', ' Củ Chi - Khóa 2012 - Kinh Tế Luật', ' 1_2', ' Đào tạo từ xa', ''),
	('CC', 'CC11331', 'CC103', ' Củ Chi - Khóa 2013 - Kinh Tế Luật', ' 1_2', ' Đào tạo từ xa', '0'),
	('CC', 'CC11431', 'CC104', ' Củ Chi - Khóa 2014 - Kinh Tế Luật', ' 1_2', ' Đào tạo từ xa', '19'),
	('CC', 'CC115312', 'CC105', ' Củ Chi - Khóa 2016 - Kinh Tế Luật', ' 1_2', ' Đào tạo từ xa', '19'),
	('CC', 'CC117311', 'CC106', ' Củ Chi - Khóa 2018 - Kinh Tế Luật', ' 1_4', ' Đào tạo từ xa', '19'),
	('CC', 'CC118313', 'CC107', ' Củ Chi - Khóa 2019 - Kinh Tế Luật', ' 1_4', ' Đào tạo từ xa', '19'),
	('CC', 'CC120312', 'CC108', ' Củ Chi - Khóa 2021 - Kinh Tế Luật', ' 1_4', ' Đào tạo từ xa', '19'),
	('CC', 'CC122321', 'CC109', ' Củ Chi - Khóa 2022 - Luật Kinh Tế', ' 1_4', ' Đào tạo từ xa', '19'),
	('CC', 'CC222321', 'CC209', ' Củ Chi - Khóa 2022 - VB2 Luật Kinh Tế', ' 2_4', ' Đào tạo từ xa', '19'),
	('CC', 'CC222701', 'CC201', ' Củ Chi - Khóa 2022 - VB2 Ngôn Ngữ Anh', ' 2_4', ' Đào tạo từ xa', '19'),
	('CL', '_TRANOTXCL', 'CL001', ' Lớp có môn học tổ chức thi trả nợ hình thức Đào tạo từ xa', ' 1_2', ' Đào tạo từ xa', '0'),
	('CL', '_TRANOVLCL', 'CL003', ' Lớp có môn học tổ chức thi trả nợ hình thức Vừa làm vừa học', '3', ' Vừa làm vừa học', '0'),
	('CL', 'CL110212', 'CL106', ' CĐCĐ Đồng Tháp - Khóa 2011 (Lớp A) - Xây Dựng', ' 1_2', ' Đào tạo từ xa', '0'),
	('CL', 'CL110213', 'CL107', ' CĐCĐ Đồng Tháp - Khóa 2/2011 (Lớp B) - Xây Dựng', ' 1_2', ' Đào tạo từ xa', '0'),
	('CL', 'CL110412', 'CL110', ' CĐCĐ Đồng Tháp - Khóa 2011 - Quản Trị Kinh Doanh', ' 1_2', ' Đào tạo từ xa', '0'),
	('CL', 'CL111312', 'CL113', ' CĐCĐ Đồng Tháp - Khóa 2012 - Kinh tế luật', ' 1_2', ' Đào tạo từ xa', '0'),
	('CL', 'CL11181', 'CL112', ' CĐCĐ Đồng Tháp - Khóa 2011 - Kế Toán', ' 1_2', ' Đào tạo từ xa', '0'),
	('CL', 'CL11421', 'CL115', ' CĐCĐ Đồng Tháp - Khóa 2014 - Xây Dựng Dân Dụng', ' 1_2', ' Đào tạo từ xa', '0'),
	('CL', 'CL11422', 'CL114', ' CĐCĐ Đồng Tháp - Khóa 2014 - Cấp Thoát Nước', ' 1_2', ' Đào tạo từ xa', '0'),
	('CL', 'CL316413', 'CL302', ' CĐCĐ Đồng Tháp - Hệ VLVH - Khóa 2017 - Quản Trị Kinh Doanh', ' 3_1', ' Vừa làm vừa học', '30'),
	('CL', 'CL418702', 'CL402', ' CĐCĐ Đồng Tháp - VB2 VLVH - Khóa 2019- NGÔN NGữ ANH', ' 4_3', ' Vừa làm vừa học', '30'),
	('CL', 'CL421703', 'CL403', ' CĐCĐ Đồng Tháp - VB2 VLVH - Khóa 2022 - NGÔN NGữ ANH', ' 4_4', ' Vừa làm vừa học', '30'),
	('CM', '_TRANOTXCM', 'CM001', ' Lớp có môn học tổ chức thi trả nợ hình thức Đào tạo từ xa', ' 1_2', ' Đào tạo từ xa', '0'),
	('CM', '_TRANOTXCP', 'CP001', ' Lớp có môn học tổ chức thi trả nợ hình thức Đào tạo từ xa', ' 1_2', ' Đào tạo từ xa', '0'),
	('CM', '_TRANOVLCM', 'CM003', ' Lớp có môn học tổ chức thi trả nợ hình thức Vừa làm vừa học', '3', ' Vừa làm vừa học', '0'),
	('CM', 'CM110212', 'CM109', ' Cà Mau - Khóa 2011 - Xây Dựng', ' 1_2', ' Đào tạo từ xa', '0'),
	('CM', 'CM110912', 'CM113', ' Cà Mau - Khóa 2011 - Tài Chính Ngân Hàng', ' 1_2', ' Đào tạo từ xa', '0'),
	('CM', 'CM11131', 'CM114', ' Cà Mau - K 2011 - Kinh Tế Luật', ' 1_2', ' Đào tạo từ xa', '0'),
	('CM', 'CM11141', 'CM115', ' Cà Mau - K.2/2011 - Quản Trị Kinh Doanh', ' 1_2', ' Đào tạo từ xa', '0'),
	('CM', 'CM11181', 'CM116', ' Cà Mau - K.2/2011 - Kế Toán', ' 1_2', ' Đào tạo từ xa', '0'),
	('CM', 'CM11231', 'CM118', ' Cà Mau - Khóa 2012 - Kinh Tế Luật', ' 1_2', ' Đào tạo từ xa', '0'),
	('CM', 'CM11241', 'CM117', ' Cà Mau - Khóa 2012 - Quản Trị Kinh Doanh', ' 1_2', ' Đào tạo từ xa', '0'),
	('CM', 'CM11281', 'CM119', ' Cà Mau - Khóa 2012 - Kế Toán', ' 1_2', ' Đào tạo từ xa', '0'),
	('CM', 'CM11291', 'CM120', ' Cà Mau - Khóa 2012 - Tài Chính Ngân Hàng', ' 1_2', ' Đào tạo từ xa', '0'),
	('CM', 'CM11321', 'CM121', ' Cà Mau - Khóa 2013 - Xây Dựng', ' 1_2', ' Đào tạo từ xa', '0'),
	('CM', 'CM11332', 'CM123', ' Cà Mau - Khóa 2013 - Luật Kinh Tế', ' 1_2', ' Đào tạo từ xa', '0'),
	('CM', 'CM11332P', 'CM122', ' Cà Mau (H. Phú Tân - Cà Mau) Khóa 2013 - Luật Kinh Tế', ' 1_2', ' Đào tạo từ xa', '0'),
	('CM', 'CM11341', 'CM125', ' Cà Mau - Khóa 2013 - Quản Trị Kinh Doanh', ' 1_2', ' Đào tạo từ xa', '0'),
	('CM', 'CM11381', 'CM124', ' Cà Mau - Khóa 2013 - Kế Toán', ' 1_2', ' Đào tạo từ xa', '0'),
	('CM', 'CM11414', 'CM126', ' Cà Mau - ĐTTX - Khóa 2014 - Khoa Học Máy Tính', ' 1_2', ' Đào tạo từ xa', '0'),
	('CM', 'CM114812', 'CM127', ' Cà Mau - ĐTTX - Khóa 2015 - Kế Toán', ' 1_2', ' Đào tạo từ xa', '0'),
	('CM', 'CM11532', 'CM129', ' Cà Mau - ĐTTX - Khóa 2015 - Luật Kinh Tế', ' 1_2', ' Đào tạo từ xa', '0'),
	('CM', 'CM11541', 'CM128', ' Cà Mau - ĐTTX - Khóa 2015 - Quản Trị Kinh Doanh', ' 1_2', ' Đào tạo từ xa', '0'),
	('CM', 'CM120212', 'CM130', ' Cà Mau - ĐTTX - Khóa 2021 - XD DD & CN', ' 1_4', ' Đào tạo từ xa', '27'),
	('CM', 'CM220212', 'CM203', ' Cà Mau - ĐTTX VB2 -  K 2021 - XD DD & CN', ' 2_4', ' Đào tạo từ xa', '27'),
	('CM', 'CM320811', 'CM307', ' Cà Mau - Hệ VLVH VB1- K 2020 - Kế Toán', ' 3_1', ' Vừa làm vừa học', '27'),
	('CM', 'CM321812', 'CM308', ' Cà Mau - Hệ VLVH VB1- K 2022 - Kế Toán', ' 3_1', ' Vừa làm vừa học', '27'),
	('CM', 'CM920811', 'CM901', ' Cà Mau - Hệ VLVH LTCĐ - K 2020 - Kế Toán', ' 9_3', ' Vừa làm vừa học', '27'),
	('CM', 'CM9T21812', 'CM9T01', ' Cà Mau - Hệ VLVH LTTC - K 2022 - Kế Toán', ' 9T', ' Vừa làm vừa học', '27'),
	('CN', '_TRANOTXCN', 'CN001', ' Lớp có môn học tổ chức thi trả nợ hình thức Đào tạo từ xa', ' 1_2', ' Đào tạo từ xa', '0'),
	('CN', 'CN11331', 'CN102', ' Thốt Nốt - Khóa 9/2013 - Kinh Tế Luật', ' 1_2', ' Đào tạo từ xa', ''),
	('CN', 'CN11731', 'CN103', ' Thốt Nốt - Khóa 2017 - Kinh Tế Luật', ' 1_4', ' Đào tạo từ xa', '17'),
	('CN', 'CN119313', 'CN104', ' Thốt Nốt - Khóa 2020 - Kinh Tế Luật', ' 1_4', ' Đào tạo từ xa', '19'),
	('CT', 'CT108212', 'CT102', ' Cần Thơ - Khóa 2009 - Xây Dựng', ' 1_2', ' Đào tạo từ xa', '0'),
	('CT', 'CT11021', 'CT106', ' Cần Thơ - Khóa 2010 - Xây Dựng', ' 1_2', ' Đào tạo từ xa', '0'),
	('CT', 'CT11121', 'CT110', ' Cần Thơ - Khóa 2011 - Xây Dựng', ' 1_2', ' Đào tạo từ xa', '0'),
	('CT', 'CT111412', 'CT111', ' Cần Thơ - Khóa 2012 - Quản Trị Kinh Doanh', ' 1_2', ' Đào tạo từ xa', '0'),
	('CT', 'CT11221', 'CT112', ' Cần Thơ - Khóa 9/2012 - Xây Dựng', ' 1_2', ' Đào tạo từ xa', '0'),
	('CT', 'CT11421', 'CT113', ' Cần Thơ - Khóa 9/2014 - Xây Dựng', ' 1_2', ' Đào tạo từ xa', '0'),
	('CT', 'CT31441', 'CT316', ' Cần Thơ - Hệ VLVH - Khóa 2014 - Quản Trị Kinh Doanh', '3', ' Vừa làm vừa học', '24'),
	('DA', 'DA11132', 'DA103', ' Dĩ An - Khóa 2011 - Luật Kinh Tế', ' 1_2', ' Đào tạo từ xa', '0'),
	('DA', 'DA11232', 'DA105', ' Dĩ An - Khóa 2012 - Luật Kinh Tế', ' 1_2', ' Đào tạo từ xa', '0'),
	('DA', 'DA11241', 'DA104', ' Dĩ An - Khóa 2012 - Quản trị kinh doanh', ' 1_2', ' Đào tạo từ xa', '0'),
	('DA', 'DA11332', 'DA106', ' Dĩ An - Khóa 2013 - Luật Kinh Tế', ' 1_2', ' Đào tạo từ xa', '0'),
	('DA', 'DA11441', 'DA107', ' Dĩ An - Khóa 2014 - Quản Trị Kinh Doanh', ' 1_2', ' Đào tạo từ xa', '0'),
	('DA', 'DA11632', 'DA108', ' Dĩ An - Khóa 2016 - Luật Kinh Tế', ' 1_2', ' Đào tạo từ xa', '0'),
	('DA', 'DA21632', 'DA201', ' Dĩ An - Khóa 2016 - VB.2 - Luật Kinh Tế', ' 2_2', ' Đào tạo từ xa', '0'),
	('DG', 'DG314322D', 'DG305', ' Đắk Nông/Tuy Đức - VLVH - Khóa 2015 - Luật Kinh Tế', '3', ' Vừa làm vừa học', '32'),
	('DG', 'DG31532', 'DG306', ' Đắk Nông/G.Nghĩa - VLVH - Khóa 2015 - Luật Kinh Tế', '3', ' Vừa làm vừa học', '27'),
	('DG', 'DG416322', 'DG402', ' Đắk Nông - VLVH (VB.2) - Khóa 2017 - Luật Kinh Tế', ' 4_1', ' Vừa làm vừa học', '27'),
	('DH', '_TRANOVLDH', 'DH003', ' Lớp có môn học tổ chức thi trả nợ hình thức Vừa làm vừa học', '3', ' Vừa làm vừa học', '25'),
	('DH', 'DH316323', 'DH302', ' Đức Hòa - Hệ VLVH - Khóa 2017- Luật Kinh Tế', '3', ' Vừa làm vừa học', '25'),
	('DH', 'DH319342', 'DH303', ' Đức Hòa - Hệ VLVH - Khóa 2020- Luật', ' 3_1', ' Vừa làm vừa học', '25'),
	('DH', 'DH320341', 'DH304', ' Đức Hòa - Hệ VLVH - Khóa 2/2020- Luật', ' 3_1', ' Vừa làm vừa học', '25'),
	('DH', 'DH321342', 'DH305', ' Đức Hòa - Hệ VLVH VB1 - Khóa 2022 - Luật', ' 3_1', ' Vừa làm vừa học', '25'),
	('DH', 'DH322342', 'DH306', ' Đức Hòa - Hệ VLVH - Luật VB1 - Khóa 2023 ', ' 3_1', ' Vừa làm vừa học', '30'),
	('DH', 'DH421342', 'DH401', ' Đức Hòa - Hệ VLVH VB2 - Khóa 2022 - Luật', ' 4_3', ' Vừa làm vừa học', '25'),
	('DH', 'DH422342', 'DH402', ' Đức Hòa - Hệ VLVH LUẬT  VB2 - Khóa 2023', ' 4_3', ' Vừa làm vừa học', '30'),
	('GD', '_TRANOTXGD', 'GD001', ' Gia Định: tổ chức thi trả nợ hình thức ĐTTX', ' 1_2', ' Đào tạo từ xa', '0'),
	('GD', '_TRANOTXHQ', 'HQ001', ' Lớp có môn học tổ chức thi trả nợ hình thức Đào tạo từ xa', ' 1_2', ' Đào tạo từ xa', '0'),
	('GD', 'GD11032', 'GD101', ' Gia Định - Khóa 2010 - Luật Kinh Tế', ' 1_2', ' Đào tạo từ xa', '0'),
	('GD', 'GD111322', 'GD102', ' Gia Định - Khóa 2012 - Luật Kinh Tế', ' 1_2', ' Đào tạo từ xa', '0'),
	('GD', 'GD11332', 'GD103', ' Gia Định - Khóa 2013 - Luật Kinh Tế', ' 1_2', ' Đào tạo từ xa', '0'),
	('GD', 'GD11432', 'GD104', ' Gia Định - Khóa 2014 - Luật Kinh Tế', ' 1_2', ' Đào tạo từ xa', '22'),
	('GD', 'GD11462', 'GD105', ' Gia Định - Khóa 2014 - Công tác xã hội - Bù Gia Mập', ' 1_2', ' Đào tạo từ xa', '22'),
	('GD', 'GD115322', 'GD106', ' Gia Định - Khóa 2016 - Luật Kinh Tế', ' 1_2', ' Đào tạo từ xa', '22'),
	('GD', 'GD115622', 'GD107', ' Gia Định - Khóa 2016 - Công tác xã hội', ' 1_2', ' Đào tạo từ xa', '22'),
	('GD', 'GD116622', 'GD108', ' Gia Định - Khóa 2017 - Công tác xã hội - Bù Gia Mập', ' 1_2', ' Đào tạo từ xa', '22'),
	('GD', 'GD117622', 'GD109', ' Gia Định - Khóa 2018 - Công tác xã hội - Hớn Quản', ' 1_4', ' Đào tạo từ xa', '22'),
	('GD', 'GD118622', 'GD110', ' Gia Định - Khóa 2019 - Công tác xã hội - Bù Gia Mập', ' 1_4', ' Đào tạo từ xa', '22'),
	('GD', 'GD118623', 'GD111', ' Gia Định - Khóa 2019 - Công tác xã hội - Bến Cát', ' 1_4', ' Đào tạo từ xa', '22'),
	('GI', 'GL11634I', 'GL105', ' Ia Grai/Gia Lai - ĐTTX - Khóa 2016 - Luật', ' 1_2', ' Đào tạo từ xa', '0'),
	('GK', 'GL122343K', 'GL113', ' K  Rông Pa / Gia Lai - Khóa 2023 - ĐTTX - VB1 - Luật', ' 1_4', ' Đào tạo từ xa', '32'),
	('GK', 'GL222343K', 'GL201', ' K  Rông Pa / Gia Lai - Khóa 2023 - ĐTTX - VB2 - Luật', ' 2_4', ' Đào tạo từ xa', '32'),
	('GL', '_TRANOTXGI', 'GI001', ' Lớp có môn học tổ chức thi trả nợ hình thức Đào tạo từ xa', ' 1_2', ' Đào tạo từ xa', '0'),
	('GL', '_TRANOTXGL', 'GL001', ' Lớp có môn học tổ chức thi trả nợ hình thức Đào tạo từ xa', ' 1_2', ' Đào tạo từ xa', '0'),
	('GL', '_TRANOVLGL', 'GL003', ' Lớp có môn học tổ chức thi trả nợ hình thức Vừa làm vừa học', '3', ' Vừa làm vừa học', ''),
	('GL', 'GL317343', 'GL301', ' Gia Lai - Khóa 1/2018 - Luật', ' 3_1', ' Vừa làm vừa học', '32'),
	('GL', 'GL318341', 'GL302', ' Gia Lai - Khóa 2/2018 - Luật', ' 3_1', ' Vừa làm vừa học', '32'),
	('GL', 'GL318343', 'GL303', ' Gia Lai - Khóa 1/2019 - Luật', ' 3_1', ' Vừa làm vừa học', '32'),
	('GL', 'GL3183432', 'GL304', ' Gia Lai - Khóa 2/2019 - Luật', ' 3_1', ' Vừa làm vừa học', '32'),
	('GL', 'GL319341', 'GL305', ' Gia Lai - Khóa 3/2019 - Luật', ' 3_1', ' Vừa làm vừa học', '32'),
	('GM', '_TRANOTXGM', 'GM001', ' MANG YANG GIA LAI : tổ chức thi trả nợ hình thức ĐTTX', ' 1_4', ' Đào tạo từ xa', '0'),
	('GM', 'GL119343M', 'GL110', ' Mang Yang/ Gia Lai - Khóa 2020 - ĐTTX - VB1 - Luật', ' 1_4', ' Đào tạo từ xa', '32'),
	('GO', '_TRANOTXGO', 'GO001', ' Lớp có môn học tổ chức thi trả nợ hình thức Đào tạo từ xa', ' 1_4', ' Đào tạo từ xa', ''),
	('GO', 'GL118343O', 'GL109', ' Đak Pơ/ Gia Lai - Khóa 2019 - ĐTTX - VB1 - Luật', ' 1_4', ' Đào tạo từ xa', '32'),
	('GP', '_TRANOTXGP', 'GP001', ' Lớp có môn học tổ chức thi trả nợ hình thức Đào tạo từ xa', ' 1_4', ' Đào tạo từ xa', '0'),
	('GP', 'GL116342P', 'GL107', ' Chư Păh / Gia Lai - Khóa 2017 - ĐTTX - VB1 - Luật', ' 1_2', ' Đào tạo từ xa', '32'),
	('GP', 'GL119343P', 'GL111', ' Chư Păh / Gia Lai - Khóa 2020 - ĐTTX - VB1 - Luật', ' 1_4', ' Đào tạo từ xa', '32'),
	('GS', '_TRANOTXGS', 'GS001', ' Lớp có môn học tổ chức thi trả nợ hình thức Đào tạo từ xa', ' 1_2', ' Đào tạo từ xa', '0'),
	('GS', 'GL116342S', 'GL106', ' Chư Sê / Gia Lai - Khóa 2017 - ĐTTX - VB1 - Luật', ' 1_2', ' Đào tạo từ xa', '32'),
	('GS', 'GL120343S', 'GL112', ' Chư Sê / Gia Lai - Khóa 2021- ĐTTX - VB1 - Luật', ' 1_4', ' Đào tạo từ xa', '32'),
	('GU', 'GL117341U', 'GL108', ' Chư Pư / Gia Lai - Khóa 2018 - ĐTTX - VB1 - Luật', ' 1_4', ' Đào tạo từ xa', '32'),
	('HG', '_TRANOVLHG', 'HG003', ' Lớp có môn học tổ chức thi trả nợ hình thức Vừa làm vừa học', '3', ' Vừa làm vừa học', '0'),
	('HG', 'HG114212', 'HG101', ' Hậu Giang - ĐTTX - Khóa 2015 - Xây Dựng', ' 1_2', ' Đào tạo từ xa', '0'),
	('HG', 'HG319322', 'HG309', ' TX Hậu Giang (Ch.Thành) - Hệ VLVH-Khóa 2020-Luật Kinh Tế', ' 3_1', ' Vừa làm vừa học', '29'),
	('HM', '_TRANOTXHM', 'HM003', ' Hóc Môn: tổ chức thi trả nợ hình thức ĐTTX', ' 1_2', ' Đào tạo từ xa', '0'),
	('HM', 'HM11332', 'HM102', ' Hóc Môn - Khóa 2013- Luật Kinh Tế', ' 1_2', ' Đào tạo từ xa', '0'),
	('HM', 'HM316342', 'HM301', ' Hóc Môn - Hệ VLVH - Khóa 2017 - Luật học', '3', ' Vừa làm vừa học', '0'),
	('HV', '_TRANOTXHV', 'HV001', ' HV Chính trị khu vực 2: tổ chức thi trả nợ hình thức ĐTTX', ' 1_2', ' Đào tạo từ xa', '0'),
	('HV', 'HV218701', 'HV201', ' Học viện chính trị khu vực 2 - Khóa 2019 - VB2 Ngôn Ngữ Anh', ' 2_8', ' Đào tạo từ xa', '25'),
	('HV', 'HV219702', 'HV202', ' Học viện chính trị khu vực 2 - Khóa 2020 - VB2 Ngôn Ngữ Anh', ' 2_8', ' Đào tạo từ xa', '25'),
	('HV', 'HV220702', 'HV203', ' Học viện chính trị khu vực 2 - Khóa 2021 - VB2 Ngôn Ngữ Anh', ' 2_8', ' Đào tạo từ xa', '25'),
	('KG', 'KG111412', 'KG105', ' Kiên Giang - Khóa 2012 - Quản trị kinh doanh', ' 1_2', ' Đào tạo từ xa', '0'),
	('KG', 'KG11321', 'KG108', ' Kiên Giang - Khóa 2013 - Xây Dựng', ' 1_2', ' Đào tạo từ xa', '0'),
	('KG', 'KG11341', 'KG106', ' Kiên Giang - Khóa 2013 - Quản Trị Kinh Doanh', ' 1_2', ' Đào tạo từ xa', '0'),
	('KG', 'KG11381', 'KG107', ' Kiên Giang - Khóa 2013 - Kế Toán', ' 1_2', ' Đào tạo từ xa', ''),
	('KG', 'KG116412', 'KG109', ' Kiên Giang - Khóa 2017 - Quản Trị Kinh Doanh', ' 1_2', ' Đào tạo từ xa', '27'),
	('KG', 'KG31432', 'KG308', ' Kiên Giang - VLVH - Khóa 2014 - Luật kinh tế', '3', ' Vừa làm vừa học', '25'),
	('KH', '_TRANOTXKH', 'KH001', ' Lớp có môn học tổ chức thi trả nợ hình thức Đào tạo từ xa', ' 1_2', ' Đào tạo từ xa', '0'),
	('KH', 'KH110212', 'KH104', ' Khánh Hòa - Khóa 2011 - Xây Dựng', ' 1_2', ' Đào tạo từ xa', '0'),
	('KH', 'KH110312', 'KH106', ' Khánh Hòa - Khóa 2011 - Kinh Tế Luật', ' 1_2', ' Đào tạo từ xa', '0'),
	('KH', 'KH110412', 'KH109', ' Khánh Hòa - Khóa 2011 - Quản Trị Kinh Doanh', ' 1_2', ' Đào tạo từ xa', '0'),
	('KH', 'KH111212', 'KH112', ' Khánh Hòa - Khóa 2012 - Xây Dựng', ' 1_2', ' Đào tạo từ xa', '0'),
	('KH', 'KH111322', 'KH111', ' Khánh Hòa - Khóa 2012 - Luật Kinh Tế', ' 1_2', ' Đào tạo từ xa', '0'),
	('KH', 'KH111412', 'KH110', ' Khánh Hòa - Khóa 2012 - Quản Trị Kinh Doanh', ' 1_2', ' Đào tạo từ xa', '0'),
	('KH', 'KH112322', 'KH113', ' Khánh Hòa - Khóa 2013 - Luật Kinh Tế', ' 1_2', ' Đào tạo từ xa', '0'),
	('KH', 'KH112412', 'KH114', ' Khánh Hòa - Khóa 2013 - Quản Trị Kinh Doanh', ' 1_2', ' Đào tạo từ xa', '0'),
	('KH', 'KH11321', 'KH115', ' Khánh Hòa - Khóa 2013 -  Xây Dựng', ' 1_2', ' Đào tạo từ xa', '0'),
	('KH', 'KH11332', 'KH117', ' Khánh Hòa - Khóa 2/2013 - Luật Kinh Tế', ' 1_2', ' Đào tạo từ xa', '0'),
	('KH', 'KH113322', 'KH120', ' Khánh Hòa - Khóa 2014 - Luật Kinh Tế', ' 1_2', ' Đào tạo từ xa', '0'),
	('KH', 'KH11341', 'KH116', ' Khánh Hòa - Khóa 2/2013 - Quản Trị Kinh Doanh', ' 1_2', ' Đào tạo từ xa', '0'),
	('KH', 'KH113412', 'KH119', ' Khánh Hòa - Khóa 2014 - Quản Trị Kinh Doanh', ' 1_2', ' Đào tạo từ xa', '0'),
	('KH', 'KH11362', 'KH118', ' Khánh Hòa - Khóa 2014 -  Công Tác Xã Hội', ' 1_2', ' Đào tạo từ xa', '0'),
	('KH', 'KH11421', 'KH121', ' Khánh Hòa - Khóa 2/2014 -  Xây Dựng', ' 1_2', ' Đào tạo từ xa', '0'),
	('KH', 'KH114212', 'KH124', ' Khánh Hòa - Khóa 2015 -  Xây Dựng', ' 1_2', ' Đào tạo từ xa', '0'),
	('KH', 'KH114322', 'KH123', ' Khánh Hòa - Khóa 2015 - Luật Kinh Tế', ' 1_2', ' Đào tạo từ xa', '0'),
	('KH', 'KH114412', 'KH122', ' Khánh Hòa - Khóa 2015 - Quản Trị Kinh Doanh', ' 1_2', ' Đào tạo từ xa', '0'),
	('KH', 'KH114622', 'KH125', ' Khánh Hòa - Khóa 2015 -  Công Tác Xã Hội', ' 1_2', ' Đào tạo từ xa', '0'),
	('KH', 'KH11621', 'KH129', ' Khánh Hòa - Khóa 2016 - Xây Dựng', ' 1_2', ' Đào tạo từ xa', '0'),
	('KH', 'KH11632', 'KH127', ' Khánh Hòa - Khóa 2016 - Luật Kinh Tế', ' 1_2', ' Đào tạo từ xa', '0'),
	('KH', 'KH116322', 'KH131', ' Khánh Hòa - Khóa 2017 - Luật Kinh Tế', ' 1_2', ' Đào tạo từ xa', '22'),
	('KH', 'KH11641', 'KH126', ' Khánh Hòa - Khóa 2016 - Quản Trị Kinh Doanh', ' 1_2', ' Đào tạo từ xa', '0'),
	('KH', 'KH116412', 'KH130', ' Khánh Hòa - Khóa 2017 - Quản Trị Kinh Doanh', ' 1_4', ' Đào tạo từ xa', '22'),
	('KH', 'KH11662', 'KH128', ' Khánh Hòa - Khóa 2016 - Công Tác Xã Hội', ' 1_2', ' Đào tạo từ xa', '22'),
	('KH', 'KH117413', 'KH132', ' Khánh Hòa - Khóa 2018 - Quản Trị Kinh Doanh', ' 1_4', ' Đào tạo từ xa', '22'),
	('KH', 'KH118213', 'KH134', ' Khánh Hòa - Khóa 2019 - Xây dựng  DD & CN', ' 1_4', ' Đào tạo từ xa', '22'),
	('KH', 'KH118322', 'KH133', ' Khánh Hòa - Khóa 2019 - Luật Kinh Tế', ' 1_4', ' Đào tạo từ xa', '22'),
	('KH', 'KH119411', 'KH135', ' Khánh Hòa - Khóa 2019 - QTKD', ' 1_4', ' Đào tạo từ xa', '22'),
	('KH', 'KH119622', 'KH136', ' Khánh Hòa - Khóa 2020 - CTXH', ' 1_4', ' Đào tạo từ xa', '22'),
	('KH', 'KH120213', 'KH138', ' Khánh Hòa - Khóa 2021 - Xây dựng  DD & CN', ' 1_4', ' Đào tạo từ xa', '22'),
	('KH', 'KH120411', 'KH137', ' Khánh Hòa - Khóa 2020 - QTKD', ' 1_4', ' Đào tạo từ xa', '22'),
	('KH', 'KH121412', 'KH139', ' Khánh Hòa - Khóa 2022 - QTKD', ' 1_4', ' Đào tạo từ xa', '22'),
	('KH', 'KH219622', 'KH201', ' Khánh Hòa - Khóa 2020 - VB2 CTXH', ' 2_4', ' Đào tạo từ xa', '22'),
	('KH', 'KH220213', 'KH202', ' Khánh Hòa - Khóa 2021 - VB2 Xây dựng  DD & CN', ' 2_4', ' Đào tạo từ xa', '22'),
	('KH', 'KH519622', 'KH501', ' Khánh Hòa - Khóa 2020 - Liên thông CTXH', ' 5_4', ' Đào tạo từ xa', '22'),
	('KH', 'KH520213', 'KH502', ' Khánh Hòa - Khóa 2021 - Liên thông Xây dựng  DD & CN', ' 5_4', ' Đào tạo từ xa', '22'),
	('LA', 'LA11041', 'LA109', ' Long An - Khóa 2010 - Quản Trị Kinh Doanh', ' 1_2', ' Đào tạo từ xa', '0'),
	('LA', 'LA11131', 'LA111', ' Long An - Khóa 2011 - Kinh tế Luật', ' 1_2', ' Đào tạo từ xa', '0'),
	('LA', 'LA11132G', 'LA114', ' Long An (Cần Giuộc) - Khóa 2011 - Luật Kinh tế', ' 1_2', ' Đào tạo từ xa', '0'),
	('LA', 'LA11141', 'LA112', ' Long An - Khóa 2011 - Quản Trị Kinh Doanh', ' 1_2', ' Đào tạo từ xa', '0'),
	('LA', 'LA11181', 'LA113', ' Long An - Khóa 2011 - Kế Toán', ' 1_2', ' Đào tạo từ xa', '0'),
	('LA', 'LA11231', 'LA115', ' Long An - Khóa 2012 - Kinh tế Luật', ' 1_2', ' Đào tạo từ xa', '0'),
	('LA', 'LA11241', 'LA116', ' Long An - Khóa 2012 - Quản Trị Kinh Doanh', ' 1_2', ' Đào tạo từ xa', '0'),
	('LA', 'LA11281', 'LA117', ' Long An - Khóa 2012 - Kế Toán', ' 1_2', ' Đào tạo từ xa', '0'),
	('LA', 'LA11331', 'LA119', ' Long An - Khóa 2013 - Kinh tế Luật', ' 1_2', ' Đào tạo từ xa', '0'),
	('LA', 'LA11331M', 'LA118', ' Mộc Hoá /Long An - Khóa 2013 - Kinh tế Luật', ' 1_2', ' Đào tạo từ xa', '0'),
	('LA', 'LA11432', 'LA123', ' Long An - Khóa 2014 - Luật Kinh Tế', ' 1_2', ' Đào tạo từ xa', '0'),
	('LA', 'LA11432K', 'LA120', ' Kiến Tường/Long An - Khóa 2014 - Luật Kinh Tế', ' 1_2', ' Đào tạo từ xa', '0'),
	('LA', 'LA11466K', 'LA121', ' Kiến Tường/Long An - Khóa 2014 - Xã Hội Học Cn.TC & QLNS', ' 1_2', ' Đào tạo từ xa', '0'),
	('LA', 'LA11481', 'LA122', ' Long An - Khóa 2014 (Lớp A)-  Kế Toán', ' 1_2', ' Đào tạo từ xa', '0'),
	('LA', 'LA11531', 'LA125', ' Long An - ĐTTX - Khóa 2015 - Kinh Tế Luật', ' 1_2', ' Đào tạo từ xa', '0'),
	('LA', 'LA11541', 'LA124', ' Long An - ĐTTX - Khóa 2015 - Quản Trị Kinh Doanh', ' 1_2', ' Đào tạo từ xa', '0'),
	('LA', 'LA116343', 'LA128', ' Long An - ĐTTX - Khóa 2017 - Luật', ' 1_2', ' Đào tạo từ xa', '22'),
	('LA', 'LA11666', 'LA127', ' Long An - ĐTTX - Khóa 2016 - XHH cn Tổ Chức & Q.Lý Nhân Sự', ' 1_2', ' Đào tạo từ xa', '0'),
	('LB', 'LB113322', 'LB101', ' Long Bình - Khóa 2014 - Luật Kinh Tế', ' 1_2', ' Đào tạo từ xa', '0'),
	('LC', '_TRANOVLLC', 'LC003', ' Lớp có môn học tổ chức thi trả nợ hình thức Vừa làm vừa học', ' 4_3', ' Vừa làm vừa học', '0'),
	('LC', 'LC420703', 'LC401', ' CĐ LONG AN - CS cần giuộc VLVH K 2021', ' 4_3', ' Vừa làm vừa học', '25'),
	('LD', '_TRANOVLLD', 'LD003', ' Lớp có môn học tổ chức thi trả nợ hình thức Vừa làm vừa học', '3', ' Vừa làm vừa học', '0'),
	('LD', 'LD11241', 'LD105', ' Lâm Đồng - Khóa 2012 - Quản trị kinh doanh', ' 1_2', ' Đào tạo từ xa', '0'),
	('LD', 'LD314322', 'LD305', ' Lâm Đồng - Hệ VLVH - Khóa 2015 - Luật Kinh Tế', '3', ' Vừa làm vừa học', '19'),
	('LD', 'LD31532', 'LD306', ' Lâm Đồng - Hệ VLVH - Khóa 2/2015 - Luật Kinh Tế', '3', ' Vừa làm vừa học', '24'),
	('LD', 'LD316323', 'LD307', ' Lâm Đồng - Hệ VLVH - Khóa 2017- Luật Kinh Tế', '3', ' Vừa làm vừa học', '24'),
	('LG', 'TH11634L', 'TH124', ' Lagi / Bình Thuận - Khóa 2017 - ĐTTX - VB1 - Luật', ' 1_2', ' Đào tạo từ xa', '0'),
	('LH', 'LA11662H', 'LA126', ' Đức Hòa - ĐTTX - Khóa 2016 - Công Tác Xã Hội', ' 1_2', ' Đào tạo từ xa', '0'),
	('LT', '_TRANOVLLT', 'LT003', ' Lớp có môn học tổ chức thi trả nợ hình thức Vừa làm vừa học', '3', ' Vừa làm vừa học', '0'),
	('MD', 'CM21632D', 'CM202B', ' Cà Mau (H. Đầm Dơi) - Khóa 2016 - VB.2 - Luật KT', ' 2_2', ' Đào tạo từ xa', '0'),
	('MR', '_TRANOTXMR', 'MR001', ' Lớp có môn học tổ chức thi trả nợ hình thức Đào tạo từ xa', ' 1_2', ' Đào tạo từ xa', '0'),
	('NB', '_TRANOTXNB', 'NB001', ' Các môn thi trả nợ ( HTĐTTX)', ' 1_4', ' Đào tạo từ xa', '0'),
	('NB', 'NB118623', 'NB101', ' Ninh Bình - Khóa 2019 - Công tác xã hội', ' 1_3', ' Đào tạo từ xa', '17'),
	('NB', 'NB122623', 'NB102', ' Ninh Bình - Khóa 2023 - Công tác xã hội', ' 1_4', ' Đào tạo từ xa', ''),
	('NB', 'NB222623', 'NB201', ' Ninh Bình - Khóa 2023 - Công tác xã hội VB2', ' 2_4', ' Đào tạo từ xa', ''),
	('NB', 'TRANOTXNB', 'NB001', ' các môn thi trả nợ ( HTĐTTX)', ' 1_4', ' Đào tạo từ xa', '0'),
	('NH', '_TRANOTXNH', 'NH001', ' Lớp có môn học tổ chức thi trả nợ hình thức Đào tạo từ xa', ' 1_2', ' Đào tạo từ xa', '0'),
	('NH', 'NH11031', 'NH105', ' Ninh Hòa - Khóa 2011 - Kinh tế luật', ' 1_2', ' Đào tạo từ xa', '0'),
	('NH', 'NH11081', 'NH106', ' Ninh Hòa - Khóa 2011 - Kế Toán', ' 1_2', ' Đào tạo từ xa', '0'),
	('NH', 'NH111322', 'NH107', ' Ninh Hòa - Khóa 2012 - Luật Kinh Tế', ' 1_2', ' Đào tạo từ xa', '0'),
	('NH', 'NH111622', 'NH108', ' Ninh Hòa - Khóa 2012 - Công tác xã hội', ' 1_2', ' Đào tạo từ xa', '0'),
	('NH', 'NH112322', 'NH110', ' Ninh Hòa - Khóa 2013 - Luật Kinh Tế', ' 1_2', ' Đào tạo từ xa', '0'),
	('NH', 'NH11281', 'NH109', ' Ninh Hòa - Khóa 9/2012 - Kế Toán', ' 1_2', ' Đào tạo từ xa', '0'),
	('NH', 'NH11362', 'NH111', ' Ninh Hòa - Khóa 2013 - Công Tác Xã Hội', ' 1_2', ' Đào tạo từ xa', '0'),
	('NH', 'NH11381', 'NH112', ' Ninh Hòa - Khóa 9/2013 - Kế Toán', ' 1_2', ' Đào tạo từ xa', '0'),
	('NH', 'NH11432', 'NH113', ' Ninh Hòa - Khóa 2014 - Luật Kinh Tế', ' 1_2', ' Đào tạo từ xa', '0'),
	('NH', 'NH11481', 'NH114', ' Ninh Hòa - Khóa 2014 - Kế Toán', ' 1_2', ' Đào tạo từ xa', '0'),
	('NH', 'NH115342', 'NH115', ' Ninh Hòa - Khóa 2016 - Luật', ' 1_2', ' Đào tạo từ xa', '0'),
	('NH', 'NH116342', 'NH116', ' Ninh Hòa - Khóa 2017 - Luật', ' 1_2', ' Đào tạo từ xa', '0'),
	('NH', 'NH117343', 'NH117', ' Ninh Hòa - Khóa 2018 - Luật', ' 1_4', ' Đào tạo từ xa', '0'),
	('NH', 'NH118343', 'NH118', ' Ninh Hòa - Khóa 2019 - Luật', ' 1_4', ' Đào tạo từ xa', '0'),
	('NH', 'NH119342', 'NH119', ' Ninh Hòa - Khóa 2020 - Luật', ' 1_4', ' Đào tạo từ xa', '0'),
	('NH', 'NH119343', 'NH120', ' Ninh Hòa - Khóa 2/2020 - Luật', ' 1_4', ' Đào tạo từ xa', '0'),
	('NH', 'NH120343', 'NH121', ' Ninh Hòa - Khóa 2021 - Luật', ' 1_4', ' Đào tạo từ xa', '0'),
	('NH', 'NH121343', 'NH122', ' Ninh Hòa - Khóa 2022- Luật', ' 1_4', ' Đào tạo từ xa', '0'),
	('NT', '_TRANOTXNT', 'NT001', ' Lớp có môn học tổ chức thi trả nợ hình thức Đào tạo từ xa', ' 1_4', ' Đào tạo từ xa', '0'),
	('NT', '_TRANOVLNT', 'NT003', ' Lớp có môn học tổ chức thi trả nợ hình thức Vừa làm vừa học', '3', ' Vừa làm vừa học', '0'),
	('NT', 'NT121213', 'NT101', ' ĐTTX-VB1 CNKT CT XD CN DD&CN NINH THUẬN K2022', ' 1_4', ' Đào tạo từ xa', '22'),
	('NT', 'NT221213', 'NT201', ' ĐTTX-VB2 CNKT CT XD CN DD&CN NINH THUẬN K2022', ' 2_6', ' Đào tạo từ xa', '22'),
	('NT', 'NT316343', 'NT301', ' Ninh Thuận - VLVH - Khóa 2017 - Luật', '3', ' Vừa làm vừa học', '22'),
	('NT', 'NT320341', 'NT302', ' Ninh Thuận - VLVH - Khóa 2020 - Luật', ' 3_1', ' Vừa làm vừa học', '22'),
	('NT', 'NT423701A', 'NT401', ' Ninh Thuận - VLVH VB2 - Khóa 2023 - NGÔN NGỮ ANH', ' 4_3', ' Vừa làm vừa học', '22'),
	('NT', 'NT423701B', 'NT402', ' Ninh Thuận - VLVH VB2 - Khóa 2023 - NGÔN NGỮ ANH', ' 4_3', ' Vừa làm vừa học', '22'),
	('NT', 'NT521213', 'NT501', ' ĐTTX- LTCĐ CNKT CT XD CN DD&CN NINH THUẬN K2022', ' 5_3', ' Đào tạo từ xa', '0'),
	('NU', 'NU31462', 'NU305', ' Trường CBPN - Hệ VLVH - Khóa 2014 - Công Tác Xã Hội', '3', ' Vừa làm vừa học', '0'),
	('NU', 'NU314622', 'NU306', ' Trường CBPN - Hệ VLVH - Khóa 2015 - Công Tác Xã Hội', '3', ' Vừa làm vừa học', '0'),
	('NX', '_TRANOTXNX', 'NX001', ' Nhị Xuân-TNXP: tổ chức thi trả nợ hình thức ĐTTX', ' 1_2', ' Đào tạo từ xa', '0'),
	('NX', 'NX111322', 'NX101', ' Nhị Xuân /TNXP - Khóa 2012 - Luật Kinh Tế', ' 1_2', ' Đào tạo từ xa', '0'),
	('NX', 'NX113322', 'NX102', ' Nhị Xuân /TNXP - Khóa 2014 - Luật Kinh Tế', ' 1_2', ' Đào tạo từ xa', '22'),
	('NX', 'NX11532', 'NX103', ' Nhị Xuân /TNXP - Khóa 2015 - Luật Kinh Tế', ' 1_2', ' Đào tạo từ xa', '22'),
	('NX', 'NX117322', 'NX104', ' Nhị Xuân /TNXP - Khóa 2018 - Luật Kinh Tế', ' 1_4', ' Đào tạo từ xa', '22'),
	('NX', 'NX119323', 'NX105', ' Nhị Xuân /TNXP - Khóa 2020 - Luật Kinh Tế', ' 1_4', ' Đào tạo từ xa', '25'),
	('NX', 'NX221702', 'NX201', ' Nhị Xuân /TNXP -VB2- Khóa 2022 - Ngôn Ngữ  Anh', ' 2_5', ' Đào tạo từ xa', '25'),
	('OM', '_TRANOTXOM', 'CM001', ' Lớp có môn học tổ chức thi trả nợ hình thức Đào tạo từ xa', ' 1_2', ' Đào tạo từ xa', '0'),
	('OM', 'OM11332', 'OM101', ' Ô Môn/Cần Thơ - Khóa 2013 - Luật Kinh Tế', ' 1_2', ' Đào tạo từ xa', '0'),
	('PG', 'PG314322', 'PG301', ' Cần Giờ - TPHCM - Hệ VLVH - Khóa 2015 - Luật Kinh Tế', '3', ' Vừa làm vừa học', '0'),
	('PL', 'PL11231', 'PL102', ' Phước Long/Bình Phước - K 2012 - Kinh tế Luật', ' 1_2', ' Đào tạo từ xa', '0'),
	('PN', 'PN117321', 'PN101', ' Phú Nhuận/HCM - Khóa 2018- Luật Kinh Tế', ' 1_4', ' Đào tạo từ xa', '24'),
	('PN', 'PN217321', 'PN201', ' Phú Nhuận/HCM - Khóa 2018- VB2 Luật Kinh Tế', ' 2_4', ' Đào tạo từ xa', '24'),
	('PQ', 'PQ112322', 'PQ102', ' Phú Quốc (Kiên Giang) - Khóa 2013 - Luật Kinh Tế', ' 1_2', ' Đào tạo từ xa', '0'),
	('PQ', 'PQ11532', 'PQ103', ' Phú Quốc (Kiên Giang) - Khóa 2015 - Luật Kinh Tế', ' 1_2', ' Đào tạo từ xa', '0'),
	('PQ', 'PQ118321', 'PQ104', ' Phú Quốc (Kiên Giang) - Khóa 2018 - Luật Kinh Tế', ' 1_4', ' Đào tạo từ xa', '32'),
	('PQ', 'PQ119322', 'PQ105', ' Phú Quốc (Kiên Giang) - Khóa 2020 - Luật Kinh Tế', ' 1_4', ' Đào tạo từ xa', '32'),
	('PQ', 'PQ121321', 'PQ106', ' Phú Quốc (Kiên Giang) - Khóa 2021 - Luật Kinh Tế', ' 1_4', ' Đào tạo từ xa', '32'),
	('PQ', 'PQ122322', 'PQ107', ' Phú Quốc (Kiên Giang) - Khóa 2023 - Luật Kinh Tế', ' 1_4', ' Đào tạo từ xa', '32'),
	('PQ', 'PQ221321', 'PQ201', ' Phú Quốc (Kiên Giang) - Khóa 2021 - VB2 Luật Kinh Tế', ' 2_4', ' Đào tạo từ xa', '32'),
	('PQ', 'PQ222322', 'PQ202', ' Phú Quốc (Kiên Giang) - Khóa 2023 - Luật Kinh Tế VB2', ' 2_4', ' Đào tạo từ xa', '32'),
	('PT', 'PT111322', 'PT101', ' Tân Phú (TP.HCM) - Khóa 2012 - Luật Kinh Tế', ' 1_2', ' Đào tạo từ xa', '0'),
	('PY', '_TRANOVLPY', 'PY003', ' Lớp có môn học tổ chức thi trả nợ hình thức Vừa làm vừa học', '3', ' Vừa làm vừa học', '0'),
	('PY', 'PY11121', 'PY102', ' Phú Yên - Khóa 2011 - Xây Dựng', ' 1_2', ' Đào tạo từ xa', '0'),
	('PY', 'PY11131', 'PY103', ' Phú Yên - Khóa 2011 - Kinh Tế Luật', ' 1_2', ' Đào tạo từ xa', '0'),
	('PY', 'PY111313', 'PY109', ' Phú Yên - Khóa 7/2012 (HK11.3) - Kinh Tế Luật', ' 1_2', ' Đào tạo từ xa', '0'),
	('PY', 'PY11141', 'PY104', ' Phú Yên - Khóa 2011 - Quản trị kinh doanh', ' 1_2', ' Đào tạo từ xa', '0'),
	('PY', 'PY11162', 'PY106', ' Phú Yên - Khóa 2011 - (Lớp A) - Công tác xã hội', ' 1_2', ' Đào tạo từ xa', '0'),
	('PY', 'PY111623', 'PY108', ' Phú Yên - Khóa 7/2012 (HK11.3) - Công tác xã hội', ' 1_2', ' Đào tạo từ xa', '0'),
	('PY', 'PY11162B', 'PY107', ' Phú Yên - Khóa 2011 - (Lớp B) - Công tác xã hội', ' 1_2', ' Đào tạo từ xa', '0'),
	('PY', 'PY11181', 'PY105', ' Phú Yên - Khóa 2011 - Kế Toán', ' 1_2', ' Đào tạo từ xa', '0'),
	('PY', 'PY113212', 'PY113', ' Phú Yên - Khóa 2014 - Xây Dựng', ' 1_2', ' Đào tạo từ xa', '0'),
	('PY', 'PY11331', 'PY110', ' Phú Yên - Khóa 2013 - Kinh Tế Luật', ' 1_2', ' Đào tạo từ xa', '0'),
	('PY', 'PY11341', 'PY111', ' Phú Yên - Khóa 2013 - Quản Trị Kinh Doanh', ' 1_2', ' Đào tạo từ xa', '0'),
	('PY', 'PY11381', 'PY112', ' Phú Yên - Khóa 2013 - Kế Toán', ' 1_2', ' Đào tạo từ xa', '0'),
	('PY', 'PY11541', 'PY114', ' Phú Yên - Khóa 2015 - Quản Trị Kinh Doanh', ' 1_2', ' Đào tạo từ xa', '0'),
	('PY', 'PY314622', 'PY301', ' Phú Yên - VLVH - Khóa 2015 - Công Tác Xã Hội', '3', ' Vừa làm vừa học', '22'),
	('PY', 'PY317623', 'PY302', ' Phú Yên - VLVH - Khóa 2018 - Công Tác Xã Hội', ' 3_1', ' Vừa làm vừa học', '22'),
	('Q1', 'Q1115322', 'Q1101', ' Quận 1 - ĐTTX - Khóa 2016 - Luật Kinh Tế', ' 1_2', ' Đào tạo từ xa', '22'),
	('Q1', 'Q131432', 'Q1301', ' Quận 1 - VLVH - Khóa 2014 - Luật Kinh Tế', '3', ' Vừa làm vừa học', ''),
	('Q2', '_TRANOTXQ2', 'Q2001', ' Quận 2: tổ chức thi trả nợ hình thức ĐTTX', ' 1_2', ' Đào tạo từ xa', '0'),
	('Q2', 'Q2110412', 'Q2103', ' Quận 2 - Khóa 2011 - Quản trị kinh doanh', ' 1_2', ' Đào tạo từ xa', '0'),
	('Q2', 'Q2111312', 'Q2104', ' Quận 2 - Khóa 2012 - Kinh Tế Luật', ' 1_2', ' Đào tạo từ xa', '0'),
	('Q2', 'Q2112812', 'Q2105', ' Quận 2 - Khóa 2012 - Kế Toán', ' 1_2', ' Đào tạo từ xa', '0'),
	('Q2', 'Q2113312', 'Q2107', ' Quận 2 - Khóa 2014 - Kinh Tế Luật', ' 1_2', ' Đào tạo từ xa', '19'),
	('Q2', 'Q211332', 'Q2106', ' Quận 2 - Khóa 2013 - Luật Kinh Tế', ' 1_2', ' Đào tạo từ xa', '19'),
	('Q2', 'Q211532', 'Q2108', ' Quận 2 - Khóa 2015 - Luật Kinh Tế', ' 1_2', ' Đào tạo từ xa', '19'),
	('Q2', 'Q2116322', 'Q2109', ' Quận 2 - Khóa 2017 - Luật Kinh Tế', ' 1_2', ' Đào tạo từ xa', '19'),
	('Q2', 'Q2118323', 'Q2110', ' Quận 2 - Khóa 2019 - Luật Kinh Tế', ' 1_4', ' Đào tạo từ xa', '19'),
	('Q4', '_TRANOTXQ4', 'Q4001', ' BCH QS Quận 4: tổ chức thi trả nợ hình thức ĐTTX', ' 1_2', ' Đào tạo từ xa', '0'),
	('Q4', '_TRANOTXQS', 'QS001', ' BCH QS TPHCM: tổ chức thi trả nợ hình thức ĐTTX', ' 1_2', ' Đào tạo từ xa', '0'),
	('Q4', 'Q4119321', 'Q4101', ' Quận 4 - Khóa 2019 - Luật Kinh Tế', ' 1_4', ' Đào tạo từ xa', '0'),
	('Q4', 'Q4122233', 'Q4102', ' BCH QS Quận 4 - Khóa 2023 - QUẢN LÝ XÂY DỰNG', ' 1_4', ' Đào tạo từ xa', '20'),
	('Q4', 'Q42207011', 'Q4201', ' Quận 4 - Khóa 2020 - VB2 - Ngôn Ngữ Anh', ' 2_4', ' Đào tạo từ xa', '25'),
	('Q4', 'Q4222233', 'Q4202', ' BCH QS Quận 4 - Khóa 2023  -VB2  QUẢN LÝ XÂY DỰNG', ' 2_4', ' Đào tạo từ xa', '20'),
	('Q5', 'Q5314322', 'Q5301', ' Quận 5 - Hệ VLVH - Khóa 2015 - Luật Kinh Tế', '3', ' Vừa làm vừa học', '0'),
	('Q5', 'Q531532', 'Q5302', ' Quận 5 - Hệ VLVH - Khóa 2-2015 - Luật Kinh Tế', '3', ' Vừa làm vừa học', '0'),
	('Q6', 'Q6219703', 'Q6201', ' Quận 6 - Khóa 2020 - VB2 - Ngôn Ngữ Anh', ' 2_8', ' Đào tạo từ xa', '28'),
	('Q8', 'Q8113322', 'Q8102', ' Quận 8 - TP.HCM- Khóa 2014 - Luật Kinh Tế', ' 1_2', ' Đào tạo từ xa', '19'),
	('QG', 'QG1203221', 'QG101', ' BCH QS Gò Vấp - ĐTTX - Khóa 2021 - Luật Kinh Tế', ' 1_4', ' Đào tạo từ xa', '20'),
	('QG', 'QG2203421', 'QG201', ' BCH QS Gò Vấp - ĐTTX - Khóa 2021 - VB2 - Luật', ' 2_8', ' Đào tạo từ xa', '20'),
	('QH', 'QH119323', 'QH101', ' BCH QS Hóc môn - ĐTTX - Khóa 2020 - Luật Kinh Tế', ' 1_4', ' Đào tạo từ xa', '20'),
	('QH', 'QH122343', 'QH102', ' BCH QS Hóc môn - ĐTTX - Khóa 2023 - Luật', ' 1_4', ' Đào tạo từ xa', '20'),
	('QH', 'QH222343', 'QH201', ' BCH QS Hóc môn - ĐTTX - Khóa 2023 - VB2 Luật', ' 2_4', ' Đào tạo từ xa', '20'),
	('QH', 'QH222703', 'QH202', ' BCH QS Hóc môn - ĐTTX - Khóa 2023 - VB2 NNA     ', ' 2_4', ' Đào tạo từ xa', '20'),
	('QP', 'QP121322', 'QP101', ' ĐTTX VB1 LUẬT KINH TẾ  BCH QS PHÚ NHUẬN', ' 1_4', ' Đào tạo từ xa', '20'),
	('SB', '_TRANOTXSB', 'SB001', ' Lớp có môn học tổ chức thi trả nợ hình thức Đào tạo từ xa', ' 1_2', ' Đào tạo từ xa', '0'),
	('SB', '_TRANOVLSB', 'SB003', ' Lớp có môn học tổ chức thi trả nợ hình thức Vừa làm vừa học', '3', ' Vừa làm vừa học', '0'),
	('SB', 'SB11141', 'SB106', ' Sông Bé - Khóa 2012 - Quản trị kinh doanh', ' 1_2', ' Đào tạo từ xa', '0'),
	('SB', 'SB111413', 'SB107', ' Sông Bé - Khóa 2/2012 - Quản trị kinh doanh', ' 1_2', ' Đào tạo từ xa', '0'),
	('SB', 'SB11232', 'SB108', ' Sông Bé - Khóa T.9/2012 - Luật Kinh tế', ' 1_2', ' Đào tạo từ xa', '0'),
	('SB', 'SB11332', 'SB110', ' Sông Bé - Khóa 2013 - Luật Kinh Tế', ' 1_2', ' Đào tạo từ xa', '0'),
	('SB', 'SB113322', 'SB114', ' Sông Bé - Khóa 2014 -  K.1/2014 - Luật Kinh Tế', ' 1_2', ' Đào tạo từ xa', '0'),
	('SB', 'SB11332B', 'SB111', ' Sông Bé - Khóa 2013 (Lớp B) - Luật Kinh Tế', ' 1_2', ' Đào tạo từ xa', '0'),
	('SB', 'SB11341', 'SB109', ' Sông Bé - Khóa 2013 - Quản Trị Kinh Doanh', ' 1_2', ' Đào tạo từ xa', '0'),
	('SB', 'SB113412', 'SB113', ' Sông Bé - Khóa 2014 - K.1/2014 - Quản Trị Kinh Doanh', ' 1_2', ' Đào tạo từ xa', '0'),
	('SB', 'SB11341B', 'SB112', ' Sông Bé - Khóa 2013 (Lớp B) - Quản Trị Kinh Doanh', ' 1_2', ' Đào tạo từ xa', '0'),
	('SB', 'SB11421', 'SB115', ' Sông Bé - Khóa 2014 - Xây Dựng', ' 1_2', ' Đào tạo từ xa', '0'),
	('SB', 'SB11432', 'SB117', ' Sông Bé - Khóa 2014 - K.2/2014 - Luật Kinh Tế', ' 1_2', ' Đào tạo từ xa', '0'),
	('SB', 'SB11441', 'SB116', ' Sông Bé - Khóa 2014 - K.2/2014 - Quản Trị Kinh Doanh', ' 1_2', ' Đào tạo từ xa', '0'),
	('SB', 'SB11532', 'SB119', ' Sông Bé - Khóa 2015 - K.1/2015 - Luật Kinh Tế', ' 1_2', ' Đào tạo từ xa', '0'),
	('SB', 'SB11541', 'SB118', ' Sông Bé - Khóa 2015 - K.1/2015 - Quản Trị Kinh Doanh', ' 1_2', ' Đào tạo từ xa', '0'),
	('SB', 'SB116412', 'SB120', ' Sông Bé - Khóa 2017 - Quản Trị Kinh Doanh', ' 1_4', ' Đào tạo từ xa', '0'),
	('SB', 'SB317412', 'SB311', ' Sông Bé - Hệ VHVL - Khóa 2018 - Quản Trị Kinh Doanh', ' 3_1', ' Vừa làm vừa học', '0'),
	('SB', 'SB319412', 'SB312', ' Sông Bé - Hệ VHVL - Khóa 2020 - Quản Trị Kinh Doanh', ' 3_1', ' Vừa làm vừa học', '0'),
	('SD', 'SD111322', 'SD108', ' Sa Đéc/Đồng Tháp (TCT) - Khóa 2012 - Luật Kinh tế', ' 1_2', ' Đào tạo từ xa', '0'),
	('SD', 'SD111412', 'SD107', ' Sa Đéc/Đồng Tháp (TCT) - Khóa 2012 - Quản trị kinh doanh', ' 1_2', ' Đào tạo từ xa', '0'),
	('SD', 'SD111812', 'SD109', ' Sa Đéc/Đồng Tháp (TCT) - Khóa 2012 - Kế Toán', ' 1_2', ' Đào tạo từ xa', '0'),
	('SG', '_BOSUNGTXSG', 'SG002', ' Lớp học bổ sung các môn tại Sài Gòn Tourist', '1', ' Đào tạo từ xa', '0'),
	('SG', '_TRANOTXSG', 'SG001', ' Sài Gòn Tourist: tổ chức thi trả nợ hình thức ĐTTX', ' 1_4', ' Đào tạo từ xa', '0'),
	('SG', 'SG116482', 'SG101', ' Sài Gòn Tourist - TP.HCM - Khóa 2017 - QTKD CN QT Du Lịch', ' 1_2', ' Đào tạo từ xa', '25'),
	('SG', 'SG117482', 'SG102', ' Sài Gòn Tourist - TP.HCM - Khóa 2018 - QTKD CN QT Du Lịch', ' 1_4', ' Đào tạo từ xa', '25'),
	('SG', 'SG118482', 'SG103', ' Sài Gòn Tourist - TP.HCM - Khóa 2019 - QTKD CN QT Du Lịch', ' 1_4', ' Đào tạo từ xa', '25'),
	('SG', 'SG119482', 'SG104', ' Sài Gòn Tourist - TP.HCM - Khóa 2020 - QTKD CN QT Du Lịch', ' 1_4', ' Đào tạo từ xa', '28'),
	('SG', 'SG120481C', 'SG105', ' Sài Gòn Tourist-TP.HCM-Khóa 2/2020-QTKD CN QTDL Lớp Chiều', ' 1_4', ' Đào tạo từ xa', '28'),
	('SG', 'SG120481T', 'SG106', ' Sài Gòn Tourist-TP.HCM-Khóa 2/2020-QTKD CN QTDL Lớp Tối 1', ' 1_4', ' Đào tạo từ xa', '28'),
	('SG', 'SG120481T2', 'SG107', ' Sài Gòn Tourist-TP.HCM-Khóa 2/2020-QTKD CN QTDL Lớp Tối 2', ' 1_4', ' Đào tạo từ xa', '28'),
	('SG', 'SG120482T', 'SG109', ' Sài Gòn Tourist-TP.HCM-Khóa 2021-QTKD CN QTDL Lớp Tối', ' 1_4', ' Đào tạo từ xa', '28'),
	('SG', 'SG121483T', 'SG110', ' Sài Gòn Tourist-TP.HCM-Khóa 2022-DU LỊCH - Lớp Tối', ' 1_4', ' Đào tạo từ xa', '28'),
	('SG', 'SG1224812', 'SG111', ' Sài Gòn Tourist-TP.HCM-Khóa 2023-DU LỊCH - Lớp Tối', ' 1_4', ' Đào tạo từ xa', '28'),
	('ST', 'ST222703A', 'ST001', ' ĐTTX VB2 NGÔN NGỮ ANH ( LỚP A ) - ĐH SP TDTT K 2023', ' 2_4', ' Đào tạo từ xa', '0'),
	('ST', 'ST222703B', 'ST002', ' ĐTTX VB2 NGÔN NGỮ ANH ( LỚP B ) - ĐH SP TDTT K 2023', ' 2_4', ' Đào tạo từ xa', '0'),
	('T2', 'T2110312', 'T2101', ' Trường 2 - Lâm Đồng (TNXP) - Khóa 2011 - Kinh tế luật', ' 1_2', ' Đào tạo từ xa', '0'),
	('T3', 'T311332', 'T3101', ' Trường 3 (Phú Giáo) - Khóa 9/2013 - Luật Kinh tế', ' 1_2', ' Đào tạo từ xa', '0'),
	('TB', '_TRANOTXTB', 'TB001', ' Tân Bình: tổ chức thi trả nợ hình thức ĐTTX', ' 1_2', ' Đào tạo từ xa', '0'),
	('TB', 'TB110322', 'TB101', ' Tân Bình - TP.HCM - Khóa 2011 - Luật Kinh Tế', ' 1_2', ' Đào tạo từ xa', '0'),
	('TB', 'TB113322', 'TB102', ' Tân Bình - TP.HCM - Khóa 2014 - Luật Kinh Tế', ' 1_2', ' Đào tạo từ xa', '19'),
	('TB', 'TB11532', 'TB103', ' Tân Bình - TP.HCM - Khóa 2015 - Luật Kinh Tế', ' 1_2', ' Đào tạo từ xa', '19'),
	('TB', 'TB116342', 'TB104', ' Tân Bình - TP.HCM - Khóa 2017 - Luật', ' 1_2', ' Đào tạo từ xa', '19'),
	('TB', 'TB118341', 'TB105', ' Tân Bình - TP.HCM - Khóa 2018 - Luật', ' 1_4', ' Đào tạo từ xa', '19'),
	('TB', 'TB120321', 'TB106', ' Tân Bình - TP.HCM - Khóa 2020 - Luật Kinh Tế', ' 1_4', ' Đào tạo từ xa', '19'),
	('TB', 'TB121342', 'TB107', ' Tân Bình - TP.HCM - Khóa 2022 - Luật', ' 1_4', ' Đào tạo từ xa', '19'),
	('TB', 'TB122342', 'TB108', ' Tân Bình - TP.HCM - Khóa 2023 - Luật VB1', ' 1_4', ' Đào tạo từ xa', '19'),
	('TB', 'TB221342', 'TB201', ' Tân Bình - TP.HCM - Khóa 2022 - VB2 Luật', ' 2_5', ' Đào tạo từ xa', '19'),
	('TB', 'TB222342', 'TB202', ' Tân Bình - TP.HCM - Khóa 2023 -  Luật VB2', ' 2_4', ' Đào tạo từ xa', '19'),
	('TE', '_TRANOTXTE', 'TE001', ' Lớp có môn học tổ chức thi trả nợ hình thức Đào tạo từ xa', ' 1_2', ' Đào tạo từ xa', '0'),
	('TE', 'TE119343', 'TE102', ' Trường TC Tây Nguyên - Luật VB1 K 2020', ' 1_4', ' Đào tạo từ xa', '35'),
	('TE', 'TE119343M', 'TE101', ' Trường TC Tây Nguyên ( Mở tại TT GDNN - GDTX Huyện MĐRăk )', ' 1_4', ' Đào tạo từ xa', '35'),
	('TE', 'TE119413', 'TE104', ' Trường TC Tây Nguyên - QTKD VB1 K 2020', ' 1_4', ' Đào tạo từ xa', '35'),
	('TE', 'TE119813', 'TE103', ' Trường TC Tây Nguyên - Kế Toán VB1 K 2020', ' 1_4', ' Đào tạo từ xa', '35'),
	('TE', 'TE120343', 'TE107', ' Trường TC Tây Nguyên - Luật VB1 K 201', ' 1_4', ' Đào tạo từ xa', '35'),
	('TE', 'TE120413', 'TE105', ' Trường TC Tây Nguyên - QTKD VB1 K 2021', ' 1_4', ' Đào tạo từ xa', '35'),
	('TE', 'TE120813', 'TE106', ' Trường TC Tây Nguyên - Kế Toán VB1 K 2021', ' 1_4', ' Đào tạo từ xa', '35'),
	('TE', 'TE121342', 'TE108', ' Trường TC Tây Nguyên - Luật VB1 K 2022', ' 1_4', ' Đào tạo từ xa', '35'),
	('TE', 'TE121412', 'TE109', ' ĐTTX VB1 QTKD VB1 K 2022 TRUNG CẤP TÂY NGUYÊN', ' 1_4', ' Đào tạo từ xa', '35'),
	('TE', 'TE121812', 'TE110', ' ĐTTX.KẾ TOÁN VB1 K2022 TRUNG CẤP TÂY NGUYÊN', ' 1_4', ' Đào tạo từ xa', '35'),
	('TE', 'TE122341', 'TE111', ' Trường TC Tây Nguyên - Luật VB1 K 2023', ' 1_4', ' Đào tạo từ xa', '35'),
	('TE', 'TE122412', 'TE112', ' ĐTTX VB1 QTKD VB1 K 2023 TRUNG CẤP TÂY NGUYÊN', ' 1_4', ' Đào tạo từ xa', '35'),
	('TE', 'TE122812', 'TE113', ' ĐTTX.KẾ TOÁN VB1 K2023 TRUNG CẤP TÂY NGUYÊN', ' 1_4', ' Đào tạo từ xa', '35'),
	('TE', 'TE219343', 'TE202', ' Trường TC Tây Nguyên - Luật VB2 K 2020', ' 2_4', ' Đào tạo từ xa', '35'),
	('TE', 'TE219413', 'TE203', ' Trường TC Tây Nguyên - QTKD VB2 K 2020', ' 2_4', ' Đào tạo từ xa', '35'),
	('TE', 'TE219813', 'TE201', ' Trường TC Tây Nguyên - Kế Toán VB2 K 2020', ' 2_4', ' Đào tạo từ xa', '35'),
	('TE', 'TE220343', 'TE206', ' Trường TC Tây Nguyên - Luật VB2 K 2021', ' 2_4', ' Đào tạo từ xa', '35'),
	('TE', 'TE220413', 'TE204', ' Trường TC Tây Nguyên - QTKD VB2 K 2021', ' 2_4', ' Đào tạo từ xa', '35'),
	('TE', 'TE220813', 'TE205', ' Trường TC Tây Nguyên - Kế Toán VB2 K 2021', ' 2_4', ' Đào tạo từ xa', '35'),
	('TE', 'TE221342', 'TE207', ' Trường TC Tây Nguyên - Luật VB2 K 2022', ' 2_4', ' Đào tạo từ xa', '35'),
	('TE', 'TE221412', 'TE208', ' ĐTTX VB2 QTKD KHÓA 2022 TRUNG CẤP TÂY NGUYÊN', ' 2_4', ' Đào tạo từ xa', '35'),
	('TE', 'TE221812', 'TE209', ' ĐTTX.KẾ TOÁN VB2 K2022 TRUNG CẤP TÂY NGUYÊN', ' 2_4', ' Đào tạo từ xa', '35'),
	('TE', 'TE222342', 'TE212', ' ĐTTX  - Luật VB2 K 2023 Trường TC Tây Nguyên', ' 2_4', ' Đào tạo từ xa', '35'),
	('TE', 'TE222412', 'TE210', ' ĐTTX VB2 QTKD VB1 K 2023 TRUNG CẤP TÂY NGUYÊN', ' 2_4', ' Đào tạo từ xa', '35'),
	('TE', 'TE222812', 'TE211', ' ĐTTX.KẾ TOÁN VB2  K2023 TRUNG CẤP TÂY NGUYÊN', ' 2_4', ' Đào tạo từ xa', '35'),
	('TE', 'TE519413', 'TE502', ' Trường TC Tây Nguyên - QTKD Liên Thông  K 2020', ' 5_4', ' Đào tạo từ xa', '35'),
	('TE', 'TE519813', 'TE501', ' Trường TC Tây Nguyên - Kế Toán Liên Thông  K 2020', ' 5_4', ' Đào tạo từ xa', '35'),
	('TE', 'TE520413', 'TE503', ' Trường TC Tây Nguyên - QTKD Liên Thông  K 2021', ' 5_4', ' Đào tạo từ xa', '35'),
	('TE', 'TE520813', 'TE504', ' Trường TC Tây Nguyên - Kế Toán Liên Thông  K 2021', ' 5_4', ' Đào tạo từ xa', '35'),
	('TE', 'TE521412', 'TE505', ' ĐTTX LT QTKD KHÓA 2022 TRUNG CẤP TÂY NGUYÊN', ' 5_4', ' Đào tạo từ xa', '35'),
	('TE', 'TE521812', 'TE506', ' ĐTTX.KẾ TOÁN VB1 K2022 TRUNG CẤP TÂY NGUYÊN', ' 5_4', ' Đào tạo từ xa', '35'),
	('TE', 'TE522412', 'TE507', ' ĐTTX LTCĐ QTKD VB1 K 2023 TRUNG CẤP TÂY NGUYÊN', ' 5_4', ' Đào tạo từ xa', '35'),
	('TE', 'TE522812', 'TE508', ' ĐTTX.KẾ TOÁN LTCĐ  K2023 TRUNG CẤP TÂY NGUYÊN', ' 5_4', ' Đào tạo từ xa', '35'),
	('TG', 'TG108212', 'TG102', ' Tiền Giang - Khóa 1/2009 - Xây Dựng', ' 1_2', ' Đào tạo từ xa', '0'),
	('TG', 'TG11021', 'TG119', ' Tiền Giang - Khóa 2/2010 - Xây Dựng', ' 1_2', ' Đào tạo từ xa', '0'),
	('TG', 'TG111322', 'TG128', ' Tiền Giang - Khóa 2012 - Luật Kinh Tế', ' 1_2', ' Đào tạo từ xa', '0'),
	('TG', 'TG111412', 'TG129', ' Tiền Giang - Khóa 2012 - Quản trị kinh doanh', ' 1_2', ' Đào tạo từ xa', '0'),
	('TG', 'TG111812', 'TG130', ' Tiền Giang - Khóa 2012 - Kế Toán', ' 1_2', ' Đào tạo từ xa', '0'),
	('TG', 'TG11221', 'TG131', ' Tiền Giang - Khóa 2012 - Xây Dựng', ' 1_2', ' Đào tạo từ xa', '0'),
	('TG', 'TG11321', 'TG135', ' Tiền Giang - Khóa 2013 - Xây Dựng', ' 1_2', ' Đào tạo từ xa', '0'),
	('TG', 'TG11332', 'TG134', ' Tiền Giang - Khóa 2013 - Luật Kinh Tế', ' 1_2', ' Đào tạo từ xa', '0'),
	('TG', 'TG11341', 'TG133', ' Tiền Giang - Khóa 2013 - Quản trị kinh doanh', ' 1_2', ' Đào tạo từ xa', '0'),
	('TG', 'TG113412', 'TG136', ' Tiền Giang - Khóa 2014 - Quản Trị Kinh Doanh', ' 1_2', ' Đào tạo từ xa', '0'),
	('TG', 'TG11381', 'TG132', ' Tiền Giang - Khóa 2013 - Kế Toán', ' 1_2', ' Đào tạo từ xa', '0'),
	('TG', 'TG113812', 'TG137', ' Tiền Giang - Khóa 2014 - Kế Toán', ' 1_2', ' Đào tạo từ xa', '0'),
	('TG', 'TG11432', 'TG138', ' Tiền Giang - Khóa 2014 - Luật Kinh Tế', ' 1_2', ' Đào tạo từ xa', '0'),
	('TG', 'TG114412', 'TG139', ' Tiền Giang - Khóa 2015 - Quản Trị Kinh Doanh', ' 1_2', ' Đào tạo từ xa', '0'),
	('TG', 'TG114812', 'TG140', ' Tiền Giang - Khóa 2015 - Kế Toán', ' 1_2', ' Đào tạo từ xa', '0'),
	('TG', 'TG11641', 'TG141', ' Tiền Giang - Khóa 2016 - Quản Trị Kinh Doanh', ' 1_2', ' Đào tạo từ xa', '0'),
	('TG', 'TG116813', 'TG142', ' Tiền Giang - Khóa 2017 - Kế toán', ' 1_4', ' Đào tạo từ xa', '24'),
	('TG', 'TG216813', 'TG204', ' Tiền Giang - Khóa 2017 - ĐTTX VB.2 - Kế toán', ' 2_4', ' Đào tạo từ xa', '24'),
	('TG', 'TG516813', 'TG503', ' Tiền Giang - Khóa 2017 - ĐTTX Liên Thông - Kế toán', ' 5_4', ' Đào tạo từ xa', '24'),
	('TH', '_TRANOTXLG', 'LG001', ' Lớp có môn học tổ chức thi trả nợ hình thức Đào tạo từ xa', ' 1_2', ' Đào tạo từ xa', '0'),
	('TH', '_TRANOTXTH', 'TH001', ' Lớp có môn học tổ chức thi trả nợ hình thức Đào tạo từ xa', ' 1_2', ' Đào tạo từ xa', '0'),
	('TH', '_TRANOVLTH', 'TH003', ' Lớp có môn học tổ chức thi trả nợ hình thức Vừa làm vừa học', ' 3_1', ' Vừa làm vừa học', '0'),
	('TH', 'TH110322', 'TH103', ' Bình Thuận - Khóa 2011 - Luật Kinh tế', ' 1_2', ' Đào tạo từ xa', '0'),
	('TH', 'TH110412', 'TH104', ' Bình Thuận - Khóa 2011 - Quản trị kinh doanh', ' 1_2', ' Đào tạo từ xa', '0'),
	('TH', 'TH111322', 'TH110', ' Bình Thuận - Khóa 2012 - Luật Kinh tế', ' 1_2', ' Đào tạo từ xa', '0'),
	('TH', 'TH111412', 'TH108', ' Bình Thuận - Khóa 2012 - Quản trị kinh doanh', ' 1_2', ' Đào tạo từ xa', '0'),
	('TH', 'TH111812', 'TH109', ' Bình Thuận - Khóa 2012 - Kế Toán', ' 1_2', ' Đào tạo từ xa', '0'),
	('TH', 'TH112322', 'TH112', ' Bình Thuận - Khóa 2013 - Luật Kinh Tế', ' 1_2', ' Đào tạo từ xa', '0'),
	('TH', 'TH112412', 'TH111', ' Bình Thuận - Khóa 2013 - Quản Trị Kinh Doanh', ' 1_2', ' Đào tạo từ xa', '0'),
	('TH', 'TH112812', 'TH113', ' Bình Thuận - Khóa 2013 - Kế Toán', ' 1_2', ' Đào tạo từ xa', '0'),
	('TH', 'TH113322', 'TH116', ' Bình Thuận - Khóa 2014 - Luật Kinh Tế', ' 1_2', ' Đào tạo từ xa', '0'),
	('TH', 'TH113412', 'TH114', ' Bình Thuận - Khóa 2014 - Quản Trị Kinh Doanh', ' 1_2', ' Đào tạo từ xa', '0'),
	('TH', 'TH113812', 'TH115', ' Bình Thuận - Khóa 2014 - Kế Toán', ' 1_2', ' Đào tạo từ xa', '0'),
	('TH', 'TH114322', 'TH119', ' Bình Thuận - Khóa 2015 -VB.1- Luật Kinh Tế', ' 1_2', ' Đào tạo từ xa', '0'),
	('TH', 'TH114412', 'TH117', ' Bình Thuận - Khóa 2015 -VB.1- Quản Trị Kinh Doanh', ' 1_2', ' Đào tạo từ xa', '0'),
	('TH', 'TH114812', 'TH118', ' Bình Thuận - Khóa 2015 -VB.1- Kế Toán', ' 1_2', ' Đào tạo từ xa', '0'),
	('TH', 'TH11622', 'TH121', ' Bình Thuận - Khóa 2016 - VB1 - Xây Dựng - CN Cấp Thoát Nước', ' 1_2', ' Đào tạo từ xa', '0'),
	('TH', 'TH11632', 'TH123', ' Bình Thuận - Khóa 2016 - VB1 - Luật Kinh Tế', ' 1_2', ' Đào tạo từ xa', '0'),
	('TH', 'TH116323', 'TH126', ' Bình Thuận - Khóa 2017 - VB1 - Luật Kinh Tế', ' 1_2', ' Đào tạo từ xa', '27'),
	('TH', 'TH116343', 'TH125', ' Bình Thuận - Khóa 2017 - VB1 - Luật', ' 1_2', ' Đào tạo từ xa', '27'),
	('TH', 'TH11641', 'TH122', ' Bình Thuận - Khóa 2016 - VB1 - Quản Trị Kinh Doanh', ' 1_2', ' Đào tạo từ xa', '0'),
	('TH', 'TH116413', 'TH127', ' Bình Thuận - Khóa 2017 - VB1 - Quản Trị Kinh Doanh', ' 1_2', ' Đào tạo từ xa', '0'),
	('TH', 'TH11681', 'TH120', ' Bình Thuận - Khóa 2016 - VB1 - Kế Toán', ' 1_2', ' Đào tạo từ xa', '0'),
	('TH', 'TH116813', 'TH128', ' Bình Thuận - Khóa 2017 - VB1 - Kế Toán', ' 1_2', ' Đào tạo từ xa', '0'),
	('TH', 'TH117343', 'TH130', ' Bình Thuận - Khóa 2018 - VB1 - Luật', ' 1_4', ' Đào tạo từ xa', '27'),
	('TH', 'TH117413', 'TH131', ' Bình Thuận - Khóa 2018 - VB1 - ĐTTX - VB1 - QTKD', ' 1_4', ' Đào tạo từ xa', '27'),
	('TH', 'TH117813L', 'TH129', ' Lagi / Bình Thuận - Khóa 2018 - ĐTTX - VB1 - Kế toán', ' 1_4', ' Đào tạo từ xa', '32'),
	('TH', 'TH118341L', 'TH132', ' Lagi / Bình Thuận - Khóa 2019 - ĐTTX - VB1 - Luật', ' 1_4', ' Đào tạo từ xa', '32'),
	('TH', 'TH118342', 'TH133', ' Bình Thuận - Khóa 2019 - VB1 - Luật', ' 1_4', ' Đào tạo từ xa', '27'),
	('TH', 'TH118412', 'TH134', ' Bình Thuận - Khóa 2019 - VB1 - Quản Trị Kinh Doanh', ' 1_4', ' Đào tạo từ xa', '27'),
	('TH', 'TH118812', 'TH135', ' Bình Thuận - Khóa 2019 - VB1 - Kế Toán', ' 1_4', ' Đào tạo từ xa', '27'),
	('TH', 'TH119212', 'TH139', ' Bình Thuận - Khóa 2020 - VB1 - XD  DD & CN', ' 1_4', ' Đào tạo từ xa', '27'),
	('TH', 'TH119342', 'TH136', ' Bình Thuận - Khóa 2020 - VB1 - Luật', ' 1_4', ' Đào tạo từ xa', '27'),
	('TH', 'TH119412', 'TH137', ' Bình Thuận - Khóa 2020 - VB1 - Quản Trị Kinh Doanh', ' 1_4', ' Đào tạo từ xa', '27'),
	('TH', 'TH119812', 'TH138', ' Bình Thuận - Khóa 2020 - VB1 - Kế Toán', ' 1_4', ' Đào tạo từ xa', '27'),
	('TH', 'TH120343', 'TH140', ' Bình Thuận - Khóa 2021 - VB1 - Luật', ' 1_4', ' Đào tạo từ xa', '27'),
	('TH', 'TH121341L', 'TH141', ' Lagi / Bình Thuận - Khóa 2022 - ĐTTX - VB1 - Luật', ' 1_4', ' Đào tạo từ xa', '27'),
	('TH', 'TH121343', 'TH143', ' Bình Thuận - Khóa 2022 - VB1 - LUẬT', ' 1_4', ' Đào tạo từ xa', '27'),
	('TH', 'TH121412', 'TH142', ' Bình Thuận - Khóa 2022 - VB1 - QTKD', ' 1_4', ' Đào tạo từ xa', '27'),
	('TH', 'TH121813', 'TH144', ' ĐTTX-VB1 KẾ TOÁN BÌNH THUẬN K2022', ' 1_4', ' Đào tạo từ xa', '27'),
	('TH', 'TH122342', 'TH145', ' Bình Thuận - Khóa 2023 - VB1 - LUẬT', ' 1_4', ' Đào tạo từ xa', '27'),
	('TH', 'TH122412', 'TH146', ' Bình Thuận - Khóa 2023 - VB1 - QTKD', ' 1_4', ' Đào tạo từ xa', '27'),
	('TH', 'TH122812', 'TH147', ' Bình Thuận - khóa 2023 VB1 KẾ TOÁN', ' 1_4', ' Đào tạo từ xa', '27'),
	('TH', 'TH21622A', 'TH208A', ' Bình Thuận - Khóa 2016 - VB2 - Cấp th nước - K.Kỹ Thuật', ' 2_3', ' Đào tạo từ xa', '0'),
	('TH', 'TH21622B', 'TH208B', ' Bình Thuận - Khóa 2016 - VB2 - Cấp th nước - K.Kinh Tế', ' 2_3', ' Đào tạo từ xa', '0'),
	('TH', 'TH21632', 'TH210', ' Bình Thuận - Khóa 2016 - VB2 - Luật Kinh Tế', ' 2_2', ' Đào tạo từ xa', '0'),
	('TH', 'TH216323', 'TH211', ' Bình Thuận - Khóa 2017 - VB2 - Luật Kinh Tế', ' 2_2', ' Đào tạo từ xa', '0'),
	('TH', 'TH21641', 'TH209', ' Bình Thuận - Khóa 2016 - VB2 - Quản Trị Kinh Doanh', ' 2_2', ' Đào tạo từ xa', '0'),
	('TH', 'TH21681', 'TH207', ' Bình Thuận - Khóa 2016 - VB2 - Kế Toán', ' 2_2', ' Đào tạo từ xa', '0'),
	('TH', 'TH216813', 'TH213', ' Bình Thuận - Khóa 2017 - VB2 - Kế Toán', ' 2_4', ' Đào tạo từ xa', '0'),
	('TH', 'TH217413', 'TH215', ' Bình Thuận - Khóa 2018 - VB2 - QTKD', ' 2_4', ' Đào tạo từ xa', '27'),
	('TH', 'TH217813L', 'TH214', ' Lagi / Bình Thuận - Khóa 2018 - ĐTTX - VB2 - Kế toán', ' 2_4', ' Đào tạo từ xa', '32'),
	('TH', 'TH218412', 'TH216', ' Bình Thuận - Khóa 2019 - VB2 - Quản Trị Kinh Doanh', ' 2_4', ' Đào tạo từ xa', '27'),
	('TH', 'TH218812', 'TH217', ' Bình Thuận - Khóa 2019 - VB2 - Kế Toán', ' 2_4', ' Đào tạo từ xa', '27'),
	('TH', 'TH219212', 'TH220', ' Bình Thuận - Khóa 2020 - VB2 - XD DD & CN', ' 2_4', ' Đào tạo từ xa', '27'),
	('TH', 'TH219412', 'TH218', ' Bình Thuận - Khóa 2020 - VB2 - Quản Trị Kinh Doanh', ' 2_4', ' Đào tạo từ xa', '27'),
	('TH', 'TH219812', 'TH219', ' Bình Thuận - Khóa 2020 - VB2 - Kế Toán', ' 2_4', ' Đào tạo từ xa', '27'),
	('TH', 'TH220343', 'TH221', ' Bình Thuận - Khóa 2021 - VB2 -  Luật', ' 2_4', ' Đào tạo từ xa', '27'),
	('TH', 'TH221341L', 'TH222', ' Lagi / Bình Thuận - Khóa 2022 - ĐTTX - VB2 - Luật', ' 2_4', ' Đào tạo từ xa', '32'),
	('TH', 'TH221343', 'TH224', ' Bình Thuận - Khóa 2022 - VB2 - LUẬT', ' 2_4', ' Đào tạo từ xa', '27'),
	('TH', 'TH221412', 'TH223', ' Bình Thuận - Khóa 2022 - VB2 -  QTKD', ' 2_4', ' Đào tạo từ xa', '27'),
	('TH', 'TH221813', 'TH225', ' ĐTTX-VB2 KẾ TOÁN BÌNH THUẬN K2022', ' 2_4', ' Đào tạo từ xa', '27'),
	('TH', 'TH222342', 'TH226', ' Bình Thuận - Khóa 2023 - VB2 - LUẬT', ' 2_4', ' Đào tạo từ xa', '27'),
	('TH', 'TH222412', 'TH227', ' Bình Thuận - Khóa 2023 - VB2 -  QTKD', ' 2_4', ' Đào tạo từ xa', '27'),
	('TH', 'TH222812', 'TH228', ' Bình Thuận - Khóa 2023 - VB2 - KẾ TOÁN', ' 2_4', ' Đào tạo từ xa', '27'),
	('TH', 'TH316343', 'TH301', ' Bình Thuận - Hệ VLVH  - K 2017 - Luật', '3', ' Vừa làm vừa học', '24'),
	('TH', 'TH317341', 'TH302', ' Bình Thuận - Hệ VLVH  - K 2017 - Lớp Luật (ngân sách)', ' 3_1', ' Vừa làm vừa học', '29'),
	('TH', 'TH418701', 'TH402', ' Bình Thuận - Hệ VLVH VB2 - K 2019 - Ngôn Ngữ Anh', ' 4_3', ' Vừa làm vừa học', '27'),
	('TH', 'TH420703', 'TH403', ' Bình Thuận - Hệ VLVH VB2 - K 2021 - Ngôn Ngữ Anh', ' 4_3', ' Vừa làm vừa học', '27'),
	('TH', 'TH51622', 'TH506', ' Bình Thuận - Khóa 2016 - LTĐH - Xây Dựng - CN Cấp Thoát Nước', ' 5_1', ' Đào tạo từ xa', '0'),
	('TH', 'TH51641', 'TH507', ' Bình Thuận - Khóa 2016 - LTĐH - Quản Trị Kinh Doanh', '5', ' Đào tạo từ xa', '0'),
	('TH', 'TH51681', 'TH505', ' Bình Thuận - Khóa 2016 - LTĐH - Kế Toán', '5', ' Đào tạo từ xa', '0'),
	('TH', 'TH517413', 'TH511', ' Bình Thuận - Khóa 2018 - LTĐH - QTKD', ' 5_4', ' Đào tạo từ xa', '27'),
	('TH', 'TH518412', 'TH512', ' Bình Thuận - Khóa 2019 - LTĐH - QTKD', ' 5_4', ' Đào tạo từ xa', '27'),
	('TH', 'TH518812', 'TH513', ' Bình Thuận - Khóa 2019 - LTĐH - Kế Toán', ' 5_4', ' Đào tạo từ xa', '27'),
	('TH', 'TH519212', 'TH516', ' Bình Thuận - Khóa 2020 - LTĐH - XD DD & CN', ' 5_4', ' Đào tạo từ xa', '0'),
	('TH', 'TH519412', 'TH514', ' Bình Thuận - Khóa 2020 - LTĐH - QTKD', ' 5_4', ' Đào tạo từ xa', '27'),
	('TH', 'TH519812', 'TH515', ' Bình Thuận - Khóa 2020 - LTĐH - Kế Toán', ' 5_4', ' Đào tạo từ xa', '27'),
	('TH', 'TH521412', 'TH517', ' Bình Thuận - Khóa 2022 - LTĐH - QTKD', ' 5_4', ' Đào tạo từ xa', '27'),
	('TH', 'TH521813', 'TH518', ' ĐTTX- LTCĐ  KẾ TOÁN BÌNH THUẬN K2022', ' 5_4', ' Đào tạo từ xa', '0'),
	('TH', 'TH522412', 'TH519', ' Bình Thuận - Khóa 2023 - LTĐH - QTKD', ' 5_4', ' Đào tạo từ xa', '0'),
	('TH', 'TH522812', 'TH520', ' Bình Thuận - Khóa 2023 - LTCĐ KẾ TOÁN', ' 5_4', ' Đào tạo từ xa', '0'),
	('TM', '_TRANOVLTM', 'TM003', ' Lớp có môn học tổ chức thi trả nợ hình thức Vừa làm vừa học', ' 3_1', ' Vừa làm vừa học', '0'),
	('TM', 'TM316343', 'TM301', ' Đồng Tháp Mười - VLVH K 2017 - Luật', '3', ' Vừa làm vừa học', '25'),
	('TM', 'TM316353', 'TM302', ' Đồng Tháp Mười - VLVH K 2017 -KT CN Quản lý Công', '3', ' Vừa làm vừa học', '25'),
	('TM', 'TM318343', 'TM303', ' Đồng Tháp Mười - VLVH K 2019 - Luật', ' 3_1', ' Vừa làm vừa học', '25'),
	('TM', 'TM319342', 'TM304', ' Đồng Tháp Mười - VLVH K 2020 - Luật', ' 3_1', ' Vừa làm vừa học', '25'),
	('TM', 'TM320342', 'TM305', ' Đồng Tháp Mười - VLVH K 2021 - Luật', ' 3_1', ' Vừa làm vừa học', '25'),
	('TM', 'TM320343', 'TM306', ' Đồng Tháp Mười - VLVH K2/ 2021 - Luật', ' 3_1', ' Vừa làm vừa học', '25'),
	('TM', 'TM321341', 'TM307', ' Đồng Tháp Mười - VLVH K 2022 - Luật', ' 3_1', ' Vừa làm vừa học', '25'),
	('TM', 'TM321343', 'TM308', ' ĐỒNG THÁP MƯỜI - VLVH LUẬT  VB1 - K2/2022', ' 3_1', ' Vừa làm vừa học', '25'),
	('TM', 'TM322342', 'TM309', ' ĐỒNG THÁP MƯỜI - VLVH VB1 - K 2023', ' 3_1', ' Vừa làm vừa học', '30'),
	('TM', 'TM420342', 'TM401', ' Đồng Tháp Mười - VLVH K 2021 - VB2 Luật', ' 4_3', ' Vừa làm vừa học', '25'),
	('TM', 'TM420343', 'TM402', ' Đồng Tháp Mười - VLVH K 2/2021 - VB2 Luật', ' 4_3', ' Vừa làm vừa học', '25'),
	('TM', 'TM421341', 'TM403', ' Đồng Tháp Mười - VLVH K 2022 - VB2 Luật', ' 4_3', ' Vừa làm vừa học', '25'),
	('TM', 'TM421343', 'TM404', ' ĐỒNG THÁP MƯỜI - VB2 VLVH - LUẬT - K 2/2022', ' 4_3', ' Vừa làm vừa học', '25'),
	('TM', 'TM422342', 'TM405', ' ĐỒNG THÁP MƯỜI - VB2 VLVH - LUẬT - K 2023', ' 4_3', ' Vừa làm vừa học', '30'),
	('TN', '_TRANOTXTN', 'TN001', ' Lớp có môn học tổ chức thi trả nợ hình thức Đào tạo từ xa', ' 1_2', ' Đào tạo từ xa', '0'),
	('TN', '_TRANOVLTN', 'TN003', ' Lớp có môn học tổ chức thi trả nợ hình thức Vừa làm vừa học', '3', ' Vừa làm vừa học', '0'),
	('TN', 'TN11141', 'TN106', ' Tây Ninh - Khóa 2011 - Quản trị kinh doanh', ' 1_2', ' Đào tạo từ xa', '0'),
	('TN', 'TN11181', 'TN107', ' Tây Ninh - Khóa 2011 - Kế Toán', ' 1_2', ' Đào tạo từ xa', '0'),
	('TN', 'TN11241', 'TN108', ' Tây Ninh - Khóa 2012 - Quản trị kinh doanh', ' 1_2', ' Đào tạo từ xa', '0'),
	('TN', 'TN11281', 'TN109', ' Tây Ninh - Khóa 2012 - Kế Toán', ' 1_2', ' Đào tạo từ xa', '0'),
	('TN', 'TN11341', 'TN110', ' Tây Ninh - Khóa 2013 - Quản Trị Kinh Doanh', ' 1_2', ' Đào tạo từ xa', '0'),
	('TN', 'TN11381', 'TN111', ' Tây Ninh - Khóa 2013 - Kế Toán', ' 1_2', ' Đào tạo từ xa', '0'),
	('TN', 'TN11441', 'TN113', ' Tây Ninh - Khóa 2014 - Quản Trị Kinh Doanh', ' 1_2', ' Đào tạo từ xa', '0'),
	('TN', 'TN11481', 'TN112', ' Tây Ninh - Khóa 2014 - Kế Toán', ' 1_2', ' Đào tạo từ xa', '0'),
	('TN', 'TN115412', 'TN115', ' Tây Ninh - Khóa 2016 - Quản Trị Kinh Doanh', ' 1_2', ' Đào tạo từ xa', '0'),
	('TN', 'TN115812', 'TN114', ' Tây Ninh - Khóa 2016 - Kế Toán', ' 1_2', ' Đào tạo từ xa', '0'),
	('TN', 'TN116412', 'TN116', ' Tây Ninh - Khóa 2017 - QTKD', ' 1_4', ' Đào tạo từ xa', '19'),
	('TN', 'TN118413', 'TN117', ' Tây Ninh - Khóa 2019 - QTKD', ' 1_4', ' Đào tạo từ xa', '19'),
	('TN', 'TN120411', 'TN118', ' Tây Ninh - Khóa 2021 - QTKD', ' 1_4', ' Đào tạo từ xa', '19'),
	('TN', 'TN121412', 'TN119', ' Tây Ninh - Khóa 2022 - QTKD', ' 1_4', ' Đào tạo từ xa', '19'),
	('TN', 'TN122411', 'TN120', ' Tây Ninh - Khóa 2/2022 - QTKD', ' 1_4', ' Đào tạo từ xa', '19'),
	('TN', 'TN320811', 'TN302', ' Tây Ninh - Hệ VLVH - Khóa 2020 - Kế Toán', ' 3_1', ' Vừa làm vừa học', '19'),
	('TN', 'TN322811', 'TN303', ' TÂY NINH VLVH K 2023', ' 3_1', ' Vừa làm vừa học', '19'),
	('TN', 'TN419701', 'TN401', ' Tây Ninh - Hệ VB2 VLVH - Khóa 2019 - NGÔN NGữ ANH', ' 4_3', ' Vừa làm vừa học', '19'),
	('TN', 'TN920812', 'TN902', ' Tây Ninh - LT CĐ (VLVH) - Khóa 2021 - Kế Toán', ' 9_3', ' Vừa làm vừa học', '19'),
	('TN', 'TN9T20812', 'TN9T01', ' Tây Ninh - LT TC (VLVH) - Khóa 2021 - Kế Toán', ' 9T_1', ' Vừa làm vừa học', '19'),
	('TR', '_TRANOTXTR', 'TR001', ' Lớp có môn học tổ chức thi trả nợ hình thức Đào tạo từ xa', ' 1_2', ' Đào tạo từ xa', '0'),
	('TR', 'TR113312A', 'TR102', ' Nhơn Trạch/Đồng Nai - Khóa 2014 (LớP A) - Kinh Tế Luật', ' 1_2', ' Đào tạo từ xa', '17'),
	('TR', 'TR116312', 'TR103', ' Nhơn Trạch/Đồng Nai - Khóa 2017 - Kinh Tế Luật', ' 1_2', ' Đào tạo từ xa', '27'),
	('TR', 'TR120341', 'TR104', ' Nhơn Trạch/Đồng Nai - Khóa 2020 - Luật VB1', ' 1_4', ' Đào tạo từ xa', '27'),
	('TR', 'TR220341', 'TR203', ' Nhơn Trạch/Đồng Nai - Khóa 2020 - Luật VB2', ' 2_4', ' Đào tạo từ xa', '27'),
	('TT', 'TT112322', 'TT101', ' TT. GDTX Tôn Đức Thắng - K.2013 - Luật Kinh Tế', ' 1_2', ' Đào tạo từ xa', '0'),
	('TT', 'TT112622', 'TT102', ' TT. GDTX Tôn Đức Thắng - K.2013 - Công Tác Xã Hội', ' 1_2', ' Đào tạo từ xa', '0'),
	('TV', 'TV31432', 'TV301', ' Trà Vinh - Hệ VHVL - Khóa 2014 - Luật Kinh Tế', '3', ' Vừa làm vừa học', '0'),
	('TV', 'TV31462', 'TV302', ' Trà Vinh - Hệ VHVL - Khóa 2014 - Công Tác Xã Hội', '3', ' Vừa làm vừa học', '24'),
	('TV', 'TV31562', 'TV303', ' Trà Vinh - Hệ VHVL - Khóa 2015 - Công Tác Xã Hội', '3', ' Vừa làm vừa học', '24'),
	('VD', 'VD517412', 'VD501', ' Tr CĐ Viễn Đông - Khóa 2018 - LT - ĐTTX -Quản Trị Kinh Doanh', ' 5_4', ' Đào tạo từ xa', '0'),
	('VM', '_TRANOTXVM', 'VM001', ' CĐ Việt-Mỹ: tổ chức thi trả nợ hình thức ĐTTX', ' 1_2', ' Đào tạo từ xa', '0'),
	('VM', 'VM518413', 'VM501', ' CĐ Việt Mỹ - LT - ĐTTX - Khóa 2019 - Quản Trị Kinh Doanh', ' 5_3', ' Đào tạo từ xa', '30'),
	('VM', 'VM518483', 'VM502', ' CĐ Việt Mỹ - LT - ĐTTX - Khóa 2019 - QTKD CN QT Du Lịch', ' 5_3', ' Đào tạo từ xa', '30'),
	('VM', 'VM518703', 'VM503', ' CĐ Việt Mỹ - LT - ĐTTX - Khóa 2019 - Ngôn Ngữ Anh', ' 5_3', ' Đào tạo từ xa', '30'),
	('VM', 'VM519412', 'VM504', ' CĐ Việt Mỹ - LT - ĐTTX - Khóa 2020 - Quản Trị Kinh Doanh', ' 5_3', ' Đào tạo từ xa', '30'),
	('VM', 'VM519701', 'VM505', ' CĐ Việt Mỹ - LT - ĐTTX - Khóa 2020 - Ngôn Ngữ Anh', ' 5_3', ' Đào tạo từ xa', '30'),
	('VM', 'VM520413', 'VM506', ' CĐ Việt Mỹ - LT - ĐTTX - Khóa 2021 - Quản Trị Kinh Doanh', ' 5_3', ' Đào tạo từ xa', '25'),
	('VM', 'VM520703', 'VM507', ' CĐ Việt Mỹ - LT - ĐTTX - Khóa 2021 - Ngôn Ngữ Anh', ' 5_3', ' Đào tạo từ xa', '25'),
	('VM', 'VM521703', 'VM508', ' CĐ Việt Mỹ - LT - ĐTTX - Khóa 2022 - Ngôn Ngữ Anh', ' 5_3', ' Đào tạo từ xa', '25'),
	('VM', 'VM522413', 'VM509', ' CĐ Việt Mỹ - LT - ĐTTX - Khóa 2023 - Quản Trị Kinh Doanh', ' 5_4', ' Đào tạo từ xa', '0'),
	('VS', 'VS222343', 'VS201', ' CĐ Việt SINGAPORE - ĐTTX - Khóa 2023 - VB2  LUẬT', ' 2_4', ' Đào tạo từ xa', '28'),
	('VT', '_TRANOTXVT', 'VT001', ' Lớp có môn học tổ chức thi trả nợ hình thức Đào tạo từ xa', ' 1_2', ' Đào tạo từ xa', '0'),
	('VT', 'VT111322', 'VT107', ' Vũng Tàu - Khóa 2012 - Luật Kinh Tế', ' 1_2', ' Đào tạo từ xa', '0'),
	('VT', 'VT111412', 'VT106', ' Vũng Tàu - Khóa 2012 - Quản trị kinh doanh', ' 1_2', ' Đào tạo từ xa', '0'),
	('VT', 'VT11332', 'VT108', ' Vũng Tàu - Khóa 2013 - Luật Kinh Tế', ' 1_2', ' Đào tạo từ xa', '0'),
	('VT', 'VT113322', 'VT109', ' Vũng Tàu - Khóa 2014 - Luật Kinh Tế', ' 1_2', ' Đào tạo từ xa', '0'),
	('VT', 'VT113412', 'VT110', ' Vũng Tàu - Khóa 2014 - Quản Trị Kinh Doanh', ' 1_2', ' Đào tạo từ xa', '0'),
	('VT', 'VT11532', 'VT111', ' Vũng Tàu - Khóa 2015 - Luật Kinh Tế', ' 1_2', ' Đào tạo từ xa', '0'),
	('VT', 'VT11541', 'VT113', ' Vũng Tàu - Khóa 2015 - Quản Trị Kinh Doanh', ' 1_2', ' Đào tạo từ xa', '0'),
	('VT', 'VT11581', 'VT112', ' Vũng Tàu - Khóa 2015 - Kế Toán', ' 1_2', ' Đào tạo từ xa', '0'),
	('VT', 'VT11634', 'VT114', ' Vũng Tàu - Khóa 2017 - VB1 - Luật Học', ' 1_2', ' Đào tạo từ xa', '27'),
	('VT', 'VT116413', 'VT116', ' Vũng Tàu - Khóa 2017 - VB1 - Quản Trị Kinh Doanh', ' 1_4', ' Đào tạo từ xa', '27'),
	('VT', 'VT116813', 'VT115', ' Vũng Tàu - Khóa 2017 - VB1 - Kế Toán', ' 1_4', ' Đào tạo từ xa', '27'),
	('VT', 'VT11734', 'VT117', ' Vũng Tàu - Khóa 2018 - VB1 - Luật Học', ' 1_4', ' Đào tạo từ xa', '27'),
	('VT', 'VT118323', 'VT119', ' Vũng Tàu - Khóa 2019 - Luật Kinh Tế', ' 1_4', ' Đào tạo từ xa', '28'),
	('VT', 'VT118413', 'VT118', ' Vũng Tàu - Khóa 2019 - Quản Trị Kinh Doanh', ' 1_4', ' Đào tạo từ xa', '28'),
	('VT', 'VT119322', 'VT120', ' Vũng Tàu - Khóa 2020 - Luật Kinh Tế', ' 1_4', ' Đào tạo từ xa', '28'),
	('VT', 'VT120411', 'VT121', ' Vũng Tàu - Khóa 2021 - Quản Trị Kinh Doanh', ' 1_4', ' Đào tạo từ xa', '28'),
	('VT', 'VT121341', 'VT122', ' Vũng Tàu - Khóa 2021 - Luật', ' 1_4', ' Đào tạo từ xa', '28'),
	('VT', 'VT121343', 'VT124', ' Vũng Tàu - Khóa 2022 - Luật VB1', ' 1_4', ' Đào tạo từ xa', '28'),
	('VT', 'VT121811', 'VT123', ' Vũng Tàu - Khóa 2021 - Kế toán', ' 1_4', ' Đào tạo từ xa', '28'),
	('VT', 'VT216323', 'VT207', ' Vũng Tàu - Khóa 2017 VB.2 - ĐTTX - Luật Kinh Tế', ' 2_4', ' Đào tạo từ xa', '27'),
	('VT', 'VT216413', 'VT209', ' Vũng Tàu - Khóa 2017 VB.2 - ĐTTX - Quản Trị Kinh Doanh', ' 2_4', ' Đào tạo từ xa', '27'),
	('VT', 'VT218323', 'VT209', ' Vũng Tàu - Khóa 2019 VB.2 - ĐTTX - Luật Kinh tế', ' 2_4', ' Đào tạo từ xa', '28'),
	('VT', 'VT219322', 'VT211', ' Vũng Tàu - Khóa 2020 VB.2 - ĐTTX - Luật Kinh tế', ' 2_4', ' Đào tạo từ xa', '28'),
	('VT', 'VT221341', 'VT212', ' Vũng Tàu - Khóa 2021 VB.2 - ĐTTX - Luật', ' 2_4', ' Đào tạo từ xa', '28'),
	('VT', 'VT221343', 'VT214', ' Vũng Tàu - Khóa 2022 - Luật VB2', ' 2_4', ' Đào tạo từ xa', '28'),
	('VT', 'VT221811', 'VT213', ' Vũng Tàu - Khóa 2021 VB.2 - ĐTTX - Kế Toán', ' 2_4', ' Đào tạo từ xa', '28'),
	('VT', 'VT516413', 'VT503', ' Vũng Tàu - Khóa 2017 - LT - ĐTTX - Quản Trị Kinh Doanh', ' 5_4', ' Đào tạo từ xa', '27'),
	('VT', 'VT516813', 'VT504', ' Vũng Tàu - Khóa 2017 - LT - ĐTTX - Kế Toán', ' 5_4', ' Đào tạo từ xa', '27'),
	('VT', 'VT521811', 'VT505', ' Vũng Tàu - Khóa 2021 - LT - ĐTTX - Kế Toán', ' 5_4', ' Đào tạo từ xa', '28'),
	('XL', '_TRANOTXXL', 'XL001', ' Lớp có môn học tổ chức thi trả nợ hình thức Đào tạo từ xa', ' 1_4', ' Đào tạo từ xa', '0'),
	('XL', '_TRANOVLXL', 'XL003', ' Lớp có môn học tổ chức thi trả nợ hình thức Vừa làm vừa học', '3', ' Vừa làm vừa học', '0'),
	('XL', 'XL121343', 'XL101', ' XUÂN LỘC - KHÓA 2022 - VB1 LUẬT', ' 1_4', ' Đào tạo từ xa', '28'),
	('XL', 'XL221343', 'XL201', ' XUÂN LỘC - KHÓA 2022 - VB2 LUẬT', ' 2_4', ' Đào tạo từ xa', '28'),
	('XL', 'XL31432', 'XL301', ' Xuân Lộc/Đồng Nai - VLVH - Khóa 2014 - Luật Kinh Tế', '3', ' Vừa làm vừa học', '27'),
	('XO', '_TRANOTXXO', 'XO001', ' Lớp có môn học tổ chức thi trả nợ hình thức Đào tạo từ xa', ' 1_2', ' Đào tạo từ xa', '0'),
	('XO', 'XO11331', 'XO104', ' Thống Nhất Đồng Nai - Khóa 2013 - Kinh Tế Luật', ' 1_2', ' Đào tạo từ xa', '0'),
	('XO', 'XO115322', 'XO105', ' Thống Nhất Đồng Nai - Khóa 2016 - Luật Kinh Tế', ' 1_2', ' Đào tạo từ xa', '22'),
	('XO', 'XO116342', 'XO106', ' Thống Nhất Đồng Nai - Khóa 2017 - Luật', ' 1_2', ' Đào tạo từ xa', '22'),
	('XO', 'XO119342', 'XO107', ' Thống Nhất Đồng Nai - Khóa 2020 - Luật', ' 1_4', ' Đào tạo từ xa', '22'),
	('XO', 'XO121343', 'XO108', ' Thống Nhất Đồng Nai - Khóa 2022 - Luật VB1', ' 1_4', ' Đào tạo từ xa', '22'),
	('XO', 'XO122342', 'XO109', ' Thống Nhất Đồng Nai - Khóa 2023 - Luật VB1', ' 1_4', ' Đào tạo từ xa', '22'),
	('XO', 'XO221343', 'XO201', ' Thống Nhất Đồng Nai - Khóa 2022 - Luật VB2', ' 2_4', ' Đào tạo từ xa', '22'),
	('XO', 'XO222342', 'XO202', ' Thống Nhất Đồng Nai - Khóa 2023 - Luật VB2', ' 2_4', ' Đào tạo từ xa', '22'),
	('YK', 'YK11162', 'YT103', ' TT.ĐTBD CB DS - Bộ Y Tế/ Kiên Giang - Khóa 2011 - CTXH', ' 1_2', ' Đào tạo từ xa', '0');
/*!40000 ALTER TABLE `link_unit_accounting` ENABLE KEYS */;

-- Dumping structure for table theodoihocphi.permission
DROP TABLE IF EXISTS `permission`;
CREATE TABLE IF NOT EXISTS `permission` (
  `permission` varchar(100) CHARACTER SET utf8 COLLATE utf8_unicode_ci NOT NULL,
  `descript` varchar(500) CHARACTER SET utf8 COLLATE utf8_unicode_ci DEFAULT NULL,
  PRIMARY KEY (`permission`)
) ENGINE=InnoDB DEFAULT CHARSET=utf8mb3 COLLATE=utf8_unicode_ci;

-- Dumping data for table theodoihocphi.permission: ~6 rows (approximately)
/*!40000 ALTER TABLE `permission` DISABLE KEYS */;
INSERT INTO `permission` (`permission`, `descript`) VALUES
	('account', 'Kế toán'),
	('admin', 'Administrator'),
	('ADMIN_DVLK', 'admin đơn vị liên kết'),
	('hoc_lieu', 'Học liệu'),
	('leader', 'Lãnh đạo'),
	('QLV', 'Quản lý vùng');
/*!40000 ALTER TABLE `permission` ENABLE KEYS */;

-- Dumping structure for table theodoihocphi.permission_action
DROP TABLE IF EXISTS `permission_action`;
CREATE TABLE IF NOT EXISTS `permission_action` (
  `ID` int NOT NULL AUTO_INCREMENT,
  `permission` varchar(100) CHARACTER SET utf8 COLLATE utf8_unicode_ci NOT NULL,
  `action` varchar(100) CHARACTER SET utf8 COLLATE utf8_unicode_ci NOT NULL,
  PRIMARY KEY (`ID`,`permission`,`action`),
  KEY `fk_per_ac` (`permission`),
  KEY `fk_ac_per` (`action`),
  CONSTRAINT `fk_ac_per` FOREIGN KEY (`action`) REFERENCES `action` (`action`) ON DELETE CASCADE ON UPDATE CASCADE,
  CONSTRAINT `fk_per_ac` FOREIGN KEY (`permission`) REFERENCES `permission` (`permission`) ON DELETE CASCADE ON UPDATE CASCADE
) ENGINE=InnoDB AUTO_INCREMENT=1523 DEFAULT CHARSET=utf8mb3 COLLATE=utf8_unicode_ci;

-- Dumping data for table theodoihocphi.permission_action: ~53 rows (approximately)
/*!40000 ALTER TABLE `permission_action` DISABLE KEYS */;
INSERT INTO `permission_action` (`ID`, `permission`, `action`) VALUES
	(114, 'account', 'accounting'),
	(144, 'account', 'reset_password'),
	(1117, 'account', 'guide'),
	(1359, 'account', 'revenue'),
	(1519, 'account', 'search'),
	(1521, 'account', 'list_student'),
	(1522, 'account', 'one_student'),
	(54, 'admin', 'course_ware'),
	(55, 'admin', 'list_student'),
	(57, 'admin', 'statistical'),
	(71, 'admin', 'accounting'),
	(74, 'admin', 'get_class'),
	(107, 'admin', 'search'),
	(142, 'admin', 'reset_password'),
	(1118, 'admin', 'guide'),
	(1226, 'admin', 'subject_register'),
	(1281, 'admin', 'one_student'),
	(1360, 'admin', 'revenue'),
	(1482, 'admin', 'register'),
	(1499, 'ADMIN_DVLK', 'accounting'),
	(1500, 'ADMIN_DVLK', 'course_ware'),
	(1501, 'ADMIN_DVLK', 'get_class'),
	(1502, 'ADMIN_DVLK', 'guide'),
	(1503, 'ADMIN_DVLK', 'list_student'),
	(1504, 'ADMIN_DVLK', 'one_student'),
	(1505, 'ADMIN_DVLK', 'reset_password'),
	(1506, 'ADMIN_DVLK', 'revenue'),
	(1507, 'ADMIN_DVLK', 'search'),
	(1508, 'ADMIN_DVLK', 'statistical'),
	(1509, 'ADMIN_DVLK', 'subject_register'),
	(109, 'hoc_lieu', 'course_ware'),
	(1119, 'hoc_lieu', 'guide'),
	(1227, 'hoc_lieu', 'subject_register'),
	(1282, 'hoc_lieu', 'one_student'),
	(1361, 'hoc_lieu', 'revenue'),
	(100, 'leader', 'list_student'),
	(101, 'leader', 'get_class'),
	(103, 'leader', 'search'),
	(104, 'leader', 'statistical'),
	(1006, 'leader', 'reset_password'),
	(1120, 'leader', 'guide'),
	(1228, 'leader', 'subject_register'),
	(1283, 'leader', 'one_student'),
	(1362, 'leader', 'revenue'),
	(1510, 'QLV', 'get_class'),
	(1511, 'QLV', 'guide'),
	(1512, 'QLV', 'list_student'),
	(1513, 'QLV', 'one_student'),
	(1514, 'QLV', 'reset_password'),
	(1515, 'QLV', 'revenue'),
	(1516, 'QLV', 'search'),
	(1517, 'QLV', 'statistical'),
	(1518, 'QLV', 'subject_register');
/*!40000 ALTER TABLE `permission_action` ENABLE KEYS */;

-- Dumping structure for table theodoihocphi.receipt_book
DROP TABLE IF EXISTS `receipt_book`;
CREATE TABLE IF NOT EXISTS `receipt_book` (
  `ID_receipt` varchar(100) CHARACTER SET utf8 COLLATE utf8_unicode_ci NOT NULL,
  `ID_dvlk` varchar(5) CHARACTER SET utf8 COLLATE utf8_unicode_ci DEFAULT NULL,
  `dvlk` varchar(255) CHARACTER SET utf8 COLLATE utf8_unicode_ci DEFAULT NULL,
  `ID_semester` varchar(45) CHARACTER SET utf8 COLLATE utf8_unicode_ci DEFAULT NULL,
  `semester` varchar(100) CHARACTER SET utf8 COLLATE utf8_unicode_ci DEFAULT NULL,
  `start_day` date DEFAULT NULL,
  `end_day` date DEFAULT NULL,
  `create_day` date DEFAULT NULL,
  `status` varchar(45) CHARACTER SET utf8 COLLATE utf8_unicode_ci DEFAULT NULL,
  PRIMARY KEY (`ID_receipt`)
) ENGINE=InnoDB DEFAULT CHARSET=utf8mb3 COLLATE=utf8_unicode_ci;

-- Dumping data for table theodoihocphi.receipt_book: ~0 rows (approximately)
/*!40000 ALTER TABLE `receipt_book` DISABLE KEYS */;
/*!40000 ALTER TABLE `receipt_book` ENABLE KEYS */;

-- Dumping structure for table theodoihocphi.student_accounting
DROP TABLE IF EXISTS `student_accounting`;
CREATE TABLE IF NOT EXISTS `student_accounting` (
  `mssv` varchar(45) CHARACTER SET utf8 COLLATE utf8_unicode_ci NOT NULL,
  `first_name` varchar(100) CHARACTER SET utf8 COLLATE utf8_unicode_ci DEFAULT NULL,
  `last_name` varchar(100) CHARACTER SET utf8 COLLATE utf8_unicode_ci DEFAULT NULL,
  `maNhom` varchar(100) CHARACTER SET utf8 COLLATE utf8_unicode_ci DEFAULT NULL,
  `id_bill` varchar(45) CHARACTER SET utf8 COLLATE utf8_unicode_ci NOT NULL,
  `fee_bill` varchar(45) CHARACTER SET utf8 COLLATE utf8_unicode_ci DEFAULT NULL,
  `pay_date` varchar(100) CHARACTER SET utf8 COLLATE utf8_unicode_ci DEFAULT NULL,
  `ghiChu` varchar(500) CHARACTER SET utf8 COLLATE utf8_unicode_ci DEFAULT NULL,
  `ID_accounting` varchar(100) CHARACTER SET utf8 COLLATE utf8_unicode_ci DEFAULT NULL,
  PRIMARY KEY (`id_bill`),
  KEY `fk_accounting` (`ID_accounting`),
  CONSTRAINT `fk_accounting` FOREIGN KEY (`ID_accounting`) REFERENCES `accounting` (`ID_accounting`) ON DELETE CASCADE ON UPDATE CASCADE
) ENGINE=InnoDB DEFAULT CHARSET=utf8mb3 COLLATE=utf8_unicode_ci;

-- Dumping data for table theodoihocphi.student_accounting: ~0 rows (approximately)
/*!40000 ALTER TABLE `student_accounting` DISABLE KEYS */;
/*!40000 ALTER TABLE `student_accounting` ENABLE KEYS */;

-- Dumping structure for table theodoihocphi.student_receipt_book
DROP TABLE IF EXISTS `student_receipt_book`;
CREATE TABLE IF NOT EXISTS `student_receipt_book` (
  `mssv` varchar(50) CHARACTER SET utf8 COLLATE utf8_unicode_ci NOT NULL,
  `first_name` varchar(200) CHARACTER SET utf8 COLLATE utf8_unicode_ci DEFAULT NULL,
  `last_name` varchar(200) CHARACTER SET utf8 COLLATE utf8_unicode_ci DEFAULT NULL,
  `birth_day` varchar(50) CHARACTER SET utf8 COLLATE utf8_unicode_ci DEFAULT NULL,
  `class` varchar(50) CHARACTER SET utf8 COLLATE utf8_unicode_ci DEFAULT NULL,
  `ID_subject` varchar(50) CHARACTER SET utf8 COLLATE utf8_unicode_ci NOT NULL,
  `subject` varchar(255) CHARACTER SET utf8 COLLATE utf8_unicode_ci DEFAULT NULL,
  `day_pay` varchar(50) CHARACTER SET utf8 COLLATE utf8_unicode_ci DEFAULT NULL,
  `email` varchar(255) CHARACTER SET utf8 COLLATE utf8_unicode_ci DEFAULT NULL,
  `phone1` varchar(20) CHARACTER SET utf8 COLLATE utf8_unicode_ci DEFAULT NULL,
  `phone2` varchar(20) CHARACTER SET utf8 COLLATE utf8_unicode_ci DEFAULT NULL,
  `receiver` varchar(255) CHARACTER SET utf8 COLLATE utf8_unicode_ci DEFAULT NULL,
  `room` varchar(255) CHARACTER SET utf8 COLLATE utf8_unicode_ci DEFAULT NULL,
  `building` varchar(255) CHARACTER SET utf8 COLLATE utf8_unicode_ci DEFAULT NULL,
  `house_number` varchar(255) CHARACTER SET utf8 COLLATE utf8_unicode_ci DEFAULT NULL,
  `street_name` varchar(255) CHARACTER SET utf8 COLLATE utf8_unicode_ci DEFAULT NULL,
  `town` varchar(255) CHARACTER SET utf8 COLLATE utf8_unicode_ci DEFAULT NULL,
  `ward` varchar(255) CHARACTER SET utf8 COLLATE utf8_unicode_ci DEFAULT NULL,
  `district` varchar(255) CHARACTER SET utf8 COLLATE utf8_unicode_ci DEFAULT NULL,
  `city` varchar(255) CHARACTER SET utf8 COLLATE utf8_unicode_ci DEFAULT NULL,
  `receive_day` date DEFAULT NULL,
  `ID_receipt` varchar(100) CHARACTER SET utf8 COLLATE utf8_unicode_ci DEFAULT NULL,
  PRIMARY KEY (`mssv`,`ID_subject`),
  KEY `fk_receipt` (`ID_receipt`),
  CONSTRAINT `fk_receipt` FOREIGN KEY (`ID_receipt`) REFERENCES `receipt_book` (`ID_receipt`) ON DELETE CASCADE ON UPDATE CASCADE
) ENGINE=InnoDB DEFAULT CHARSET=utf8mb3 COLLATE=utf8_unicode_ci;

-- Dumping data for table theodoihocphi.student_receipt_book: ~0 rows (approximately)
/*!40000 ALTER TABLE `student_receipt_book` DISABLE KEYS */;
/*!40000 ALTER TABLE `student_receipt_book` ENABLE KEYS */;

-- Dumping structure for table theodoihocphi.user
DROP TABLE IF EXISTS `user`;
CREATE TABLE IF NOT EXISTS `user` (
  `mail` varchar(200) CHARACTER SET utf8 COLLATE utf8_unicode_ci NOT NULL,
  `password1` varchar(500) CHARACTER SET utf8 COLLATE utf8_unicode_ci DEFAULT NULL,
  `password2` varchar(500) CHARACTER SET utf8 COLLATE utf8_unicode_ci DEFAULT NULL,
  `full_name` varchar(200) CHARACTER SET utf8 COLLATE utf8_unicode_ci DEFAULT NULL,
  `phone` varchar(20) CHARACTER SET utf8 COLLATE utf8_unicode_ci DEFAULT NULL,
  `group_user` tinyint(1) DEFAULT NULL COMMENT '1: admin\\\\\\\\n2: dvlk\\\\\\\\n3: qlv \\\\\\\\n4: leader\\\\\\\\n5: account',
  `super_user` tinyint(1) DEFAULT NULL,
  PRIMARY KEY (`mail`)
) ENGINE=InnoDB DEFAULT CHARSET=utf8mb3 COLLATE=utf8_unicode_ci;

-- Dumping data for table theodoihocphi.user: ~142 rows (approximately)
/*!40000 ALTER TABLE `user` DISABLE KEYS */;
INSERT INTO `user` (`mail`, `password1`, `password2`, `full_name`, `phone`, `group_user`, `super_user`) VALUES
	('admin@oude.edu.vn', '172fea0e97c05cfdcf1e01daecbaf4d3b6b1cd0c11c0f3635c43a7a01a753616', 'cbc5293941e6404b933b12e8ca2595ac2f4f809492d85f8d6d9fd83783292986', 'super admin', '0393887272', 1, 1),
	('bahoangtg01@gmail.com', 'cf21b69ffbb745ca77f5f95713cfa18ac5009eb57c5e900f537cef965d22cc7b', '089fbe916148d2bd7439ea614b0e26fbd52b8ff1163ee2f384ad627bd3d0660f', NULL, NULL, 2, NULL),
	('baotrongtcn@gmail.com', '28320bc0b74236e27fcf0d4b9307b0ec8d18e423fa9b527f8d808fed21bdefc7', '6cc9bf3bdcc58f81ba446623f34388ce8ad3deec862e28e1cd78ea7987f42b69', 'Nguyễn Bảo Trọng', ' ', 2, NULL),
	('bentre_tranhongchau@bentre.edu.vn', '3e7f2e0d9f6b625a6d4d2d2b305397c8d15e97e21bdb9ae38fd490499bb21f2a', '7db105e7bd8a212dc7c6100ed9d17ddef411d362b2fa19c2c3a5d60fb99a3839', 'Trần Hồng Châu', '0393887272', 2, NULL),
	('boconganhtt0511@gmail.com', '8136dc2c7e7176f10a0a19c63fea4805fd7ebf34ad9886937c764fe56abf7fb4', '4ad2f91d5afdf6c8fb141cfe51741adb827726fcebd0d7f6fe6f9d61ffcfe642', 'Bồ Công Anh', '0393887272', 2, NULL),
	('buiducchuong74@gmail.com', '46efdf20fd1d32de21272ae62fbeb7a085848ecfaf4d45056d037a3d1ba1b0b2', 'f43055d9c0902848b893a0faed49a3467dd951be43dab9b17e26ecbca86d9dca', 'Bùi Đức Chương', '0393887272', 2, NULL),
	('buihuygiapgl@gmail.com', 'e4630d1caa848f1276f1cdf24893ae6aa8b68861a49592de3952727227896a3d', '3287a13b3e9b263a4feaa5b6888b35b141cecc685ef918db27395a39a5436ec0', 'Bùi Huy Giáp', ' ', 2, NULL),
	('buixuancuong2000@gmail.com', '354e0795a0bfa3f760715157e3d86a561b43b2f25e6ae51ec505baee3bdb125a', '3f91c61c14383ecda6b795fa13c7ae49268b95423c15b90401f10cea4a3d546b', NULL, NULL, 2, NULL),
	('buixuantruong2000@gmail.com', 'e89c6a4bb21f29dcad0ed41020cc185fca892a411c4a0057277a2d12502fc8bf', '094bfb03effdc5795c2b88252c3cb09bbd3cc1008b683cd8b5ae0b04ee49dc79', 'Bùi Xuân Cường', '0393887272', 2, NULL),
	('caothigiang84@gmail.com', '3c94ee8e537bc747f1822a80f8a68a45f804feb85040857f454855688db1b51d', '6e097ce0c08a44dc90f9513ca4d75ee97b8d13a4c579c3b14364d216b4647f8a', 'Cao Thị Giang', ' ', 2, NULL),
	('chiendh.gdtxchauthanh@haugiang.edu.vn', 'b30c1c17b29afdbecd76dd3bead85c05b88e24147be3c3a6d47e36c69758ff2d', '3ab99f06dee55b43832f5fe6966a44e2b575d224ae0a0f1d305432a7d2217721', NULL, NULL, 2, NULL),
	('cong.nt@ou.edu.vn', '927ea5ab01d35177742987a0a5bf9b1e864ee376c74fb21521e2b73b374d45d8', '1b5f5a1bff256bdce998ea50266733d99149caacb3c4eed940d1bab2cacecdf0', NULL, NULL, 2, NULL),
	('congthu78@gmail.com', '0e64c300c6b8f311a7ec6774fe67f1a25ee9d237ac8243abfc5e278d3ce260d1', '1a94e8021ee7d550c938b9f0131ce53c8dd953cdbecdad52f1b50db56ae39625', NULL, NULL, 2, NULL),
	('danghanh0111@gmail.com', '4e2e3247e34dd3b6d352965d0faa2eb7ccfdb6ea7abe8ee763b3e4305de72679', '5ab33a2438a5c60a4d60b8f8a4a20904cf1b3c2aded875a2c530e04c619f597b', 'Đặng Lê Hồng Hạnh', ' ', 2, NULL),
	('dangthitram989@gmail.com', '0444a6464147953736e0c40bf6926c4b5975ef38d2e32b723186cf9a091bd70e', '90a1f533d1b98529d29d8bdfea41e3c46155838361437e48506547ceea74f233', 'Đặng Thị Trâm', 'null', 2, NULL),
	('dhhhanh@btu.edu.vn', 'afa3c9ab287998bb2ac577a5f64adbdb1f431d4139ea0df0a648082095524b58', '0de6f4a99df7298a03c4e0e6c20d3120203cde1306acf30492ee66e99900d5d9', NULL, NULL, 2, NULL),
	('dinhhabinh29@gmail.com', '5caf966e1ccf14e96f9dce38166b194313967552f9d11efd53f5b2c77928a514', 'aa19d134dde4440f9a2ab8c1fb64c41b6f5a133c24dc275a10ff1bac066b60c8', 'Đinh Thị Hà Bình', '0393887272', 2, NULL),
	('dodangnhan1969@gmail.com', '516d14b34b2b785347422e78b03428bddb48b203f9ac1fd9ab4b083b40e5e37f', 'd39cac4b11f3efc6d160f26ed08d89f610f3c02ec41aaaaff95fd5fbfdcfcdd0', 'Đỗ Đăng Nhân', ' ', 2, NULL),
	('dong83otm@gmail.com', '722de0fdd2f7bcdfd402520dfe9a698518f99a6192a6ad79ad3b0943a17da0e9', '0a9737cf84cbefa5e8d32c3ce3f3283c09356d387c6955c889c24a58f23d065c', 'Nguyễn Văn Đông', ' ', 2, NULL),
	('dongchequoc6768@gmail.com', 'c12efa65bbe953215ea709b6333896e8ec068a81eceee6e3fc9b22a6c56dca5c', 'e7d85ff58e4c0112b3f6706b3651a2dbef5b0696e492602374040250212ab852', 'Đồng Chế Quốc', ' ', 2, NULL),
	('dtgdtx@gmail.com', '0161d06faa2614ef3c77e7945b0709ec2fd0494166a951b06afe0c4da7cec77c', '9091e7e537c0ff55b86e9ca846a911518e3f1788d3adbe1789571d23eadbcdb8', NULL, NULL, 2, NULL),
	('dtpha@btu.edu.vn', 'a693f21ef5aae2c1c93f947275bdac237b7809415e613289f68d23b593bc8cfa', 'cd9818615cf7f3608d71a2b0ebcef8c27c933ec8892eb49b7a31be493c4ea70d', NULL, NULL, 2, NULL),
	('ducduoc73@yahoo.com.vn', '91631434c219255b6d8f6ccff346b1953ad5b33dba903dbf2dbcded0bed0751f', 'c2ced3f32ed5fe6315fc320199f202691f36d693cf4e3b840d50cbda0cb6372f', NULL, NULL, 2, NULL),
	('dung.pgdtanchau@gmail.com', '553ad194714570da460e5af08a0ad72663453ee4119469600b1338bc7fadf189', '60d881dae5a9da79063e9437e2199cb0dd76900480ca1f56ecd56ae6e92cacd2', 'Phan Anh Dũng', ' ', 2, NULL),
	('duongduongcm@yahoo.com', '8674d7a1f58a837ddc030deba178321523368e61e6722c19f3aee5849bb52484', 'a51577e1aeb62f41d06dc57f23af35cd63a8cb56c06b512b48660dfd48c6a3b4', 'Dương Thùy Dương', '0918786976', 2, NULL),
	('duy.nguyen2@oude.edu.vn', '78db77d7c6946d6cce786ef340970c2bfc138d793a55e4a3a30df3518a8327cc', '78db77d7c6946d6cce786ef340970c2bfc138d793a55e4a3a30df3518a8327cc', 'Nguyễn Kim Duy', '0393887272', 1, NULL),
	('duy.nk@ou.edu.vn', '6035eba7da655fe33883f2c9fe68e863098761bfd5f85c3405579a35077e3b8f', 'd87ee9587522f71c9d022198d1d343a477d899d8844851e5fb9b7835fe34ac04', 'Duy Kế Toán trường', '0968884644', 5, NULL),
	('duy.nk27021998@gmail.com', 'a0880d5f6f3608ab592a354638b0e155560a135b0bf49f627cc3e5ad5a845eda', '8dff87b678651f23208d117fb92415ed5b51ccab7053dba3bf096c400717dd16', 'Duy KT DVLK', '0968884644', 2, NULL),
	('dvdong@btu.edu.vn', '02cf988dde7c4bcf381484e805d2974d3d17e146041735337c5856d45c5f1bb8', 'eee66163b2db69ece7927cfc9270204988ac908bf6288c2e1ddc51f8bbc88a99', 'null', 'null', 2, NULL),
	('gdtx.gdtxnhontrach@dongnai.edu.vn', '8cb0c3b384d5899b94826304078073b52b4178fe3f0c4caa24689f60e0e689d3', '554ddd370283e6477749ab6219d5092d491bd29e2a1632eac314fb65154c4aff', 'null', 'null', 2, NULL),
	('hai6365@gmail.com', '124dff1eaa02a2d46c26bea9b8e56b9b63891811c9e4b0f0961912d34f290650', '82444f3d5f1a25499d460e56651aff099c936ba34026d1dc0987e1f0bcb4479c', 'Phạm Hoàng Hải', ' ', 3, NULL),
	('haiau2407@gmail.com', '5455a9c0ba2d9a6095e5b677373ef2edd916d935d2217322e3b31f0002955aa9', '965f24895630a29d7c7391c7563255b824d4a1dc5d8d9909bc276bd1692b1cc4', 'Nguyễn Hoàng Nam', ' ', 2, NULL),
	('hathinga@gdtxgiadinh.edu.vn', 'de00e4f87347d187306d511a8cd7b79fdf5afaee230fdbeb05dfaf85b40aa96c', '8ce5f546584ac75cd1f3e5a3eebb2fe18682ea79472b839e829e383a18d6adb1', NULL, NULL, 2, NULL),
	('hoanan2013@gmail.com', '4beec755bd6aba902fff9f095633b3c2b759abc6ad9068f81ce8cefebf370528', 'df05d5aef7a353ec0f4f10482834ee3ade24d74b8747fee404e83739687ccab2', NULL, NULL, 2, NULL),
	('hoanguyenquynhgdtx@gmail.com', '5399e005393c464ac74a920b28894bd409d0fac7394a75a1e49e1e4bd1985ea8', '5ae1a6b4e5b8317e24ada1aa205022dfffe2766649a10c6238c57c328341868b', 'Nguyễn Quỳnh Hoa', ' ', 2, NULL),
	('hoangy.dtntpr@ninhthuan.edu.vn', 'd3fb5349c97f1a3af00b0a9e8d376bbfc9f606d01d4df483af3e21cbe60d5e79', 'd3e3c15d8c4a2ff4f69bb84807cd6b4c1971bdb53d8f375463c9771d592da5c2', 'Đặng Hoàng Ý', ' ', 2, NULL),
	('hongcam36@gmail.com', '17fd31bcdb4ad1a9e43b792ec7302a1d1224b81ba420de6e48219f753a125523', 'c1fd0b241a65753b85420ea41584cfabe193d5c5862306295930065251ffbe58', 'Nguyễn Thị Hồng Cẩm', '0903334836', 2, NULL),
	('hongminhgdtx88@gmail.com', '51dec9c54327943e5670d7e2b8cfb9dccd5fce9a8a50c60a50419d2a8ad81a5a', 'c3750d5415cae37137c449e5c9ef70e5c7f3f96ba46077ea7cfe05c03d544b37', 'Lê Thị Hồng Minh', ' ', 3, NULL),
	('hophilong2011@yahoo.com', '26b9e45f6a5aa865feacf9d29fc804b9061f242c72f18faf7bf0ac368c59cc9f', '39fa821a311e54f001807e592b8523a7a2a41e41510fdd703c2e41e3c2454f60', 'Hồ Phi Long', '0961327337', 2, NULL),
	('huulocn6@gmail.com', 'a149dcb993dab397dd4a71bcdaf4dfeb230cfcb86b41eb53f0f3eed74e655f5b', 'e2284edbaf1a441ecd1af7bf99f43f8bcaf5198768da8ab00a982b58f5d86ac3', 'Nguyễn Hữu Lộc', ' ', 3, NULL),
	('huutrung@dtcc.edu.vn', 'd879a4c9a7b54ccabb50bd3ee7556dc85586c79d4fb87ba4e120b68540ba5580', 'a25a05fb435e7b90b876df948169ea80bb81366f137b643db019e50f1d11dd12', 'Trần Hữu Trung', ' ', 2, NULL),
	('huythong0872@gmail.com', '0ba155a4e09dcf629a9fdc96fefd19513d8e76c35ddb6d0003423eb71aa5fd32', 'b1cc6ff8de032bfb1b035ceb6f48a28763b600b5463df6c58bcbc2cf91c0a103', 'Phan Đỗ Huy Thông', ' ', 2, NULL),
	('khang.lnq@ou.edu.vn', 'e69b2ffc15c2d1fd348a63a8f70ac117578b97c97c2637fcc8f7bed8e64fca22', '064156911c5e15f1ce4c0fe40be38cedf290aa7b6be53e1819dd8495962986e5', 'Lê Nguyễn Quốc Khang', '0979798332', 4, NULL),
	('khanh.nguyen@caodangvietmy.edu.vn', 'c1ecb1eab980a18a15216db07d0b9f747dd2c195e5b4cdc58cb5b2f4ef37d2f1', '6c896b99da99bdf8ce56f9633145419d724046c41c879fbfd3f5c4048bb50cca', 'Nguyễn Văn Khanh', ' ', 2, NULL),
	('kimngango88@gmail.com', '927c29a0b835aa488585cb3a3af2e735e0b1bcef0191f0c20d9549a9b16ecee2', 'e61b7b5e53bb72a0b389ec09fc14fcca93e4c3586ce354e1babc26bb82051e5e', NULL, NULL, 2, NULL),
	('kimthanhcse@gmail.com', 'ef90ef8bd7eefe278c44607b90b3161c1355cbd7b1d36dc59ad25f8416f5e191', '0698c26286657e57bc4e736a2981f1a705480d01de3cb93ba16cb5eed9c4706e', 'Ngô Thị Kim Thanh', ' ', 2, NULL),
	('lananhgdtxpy@gmail.com', '668494bff7a3346f6bcb17258e08d986589d62301785221f1aca38b4e2ca3959', 'ad892b115f32170e7eaa75ce32d177c0526db29fa992a48ea4c7771f81d1099e', NULL, NULL, 2, NULL),
	('lehoangan.cmcc@gmail.com', 'c565a6f60a6cb037676d35b0fae0721955a22bb09d28acbef76291b5d26bd866', '9b650b705dffdaeb43df3b6068a080dfd2f26c5657dfcb7092f088a9626d2486', 'Lê Hoàng Ân', '0919449936', 2, NULL),
	('lehongpq@gmail.com', 'ee98c8ddfd3b0f3ca79a0a8a0901ffb195dd1cf681ed8ed97ab8a9d0c2102994', '9b673f64bf3581ea7e986e5f95009debb167a84d3effb0484334b63dec5c43a2', 'Lê Thị Hồng', ' ', 2, NULL),
	('lekhanhtoanlkt@gmail.com', '41c44bad49273e3ade9588cdd10e314af399c23cc03429e59eb844f098641baa', '88cae70b9b2ee0e544d2e0ceebb2a4d2ca30d90a3be01e69713b96bcaabbea3f', NULL, NULL, 2, NULL),
	('lequocmongbao.gdtxag@gmail.com', 'c61d0c6ddcfe2a3c96cdd30eac8ea7876b6c09033753929d4dc4b7e7c9003084', '6b9b79b463daf8dcdff105057e4ca2e7e3b73475da80379cb0cdf616796122c3', NULL, NULL, 2, NULL),
	('levannoi.chupah@gmail.com', '7f801ba6d24f6fd0815ffa1e79ccae67d8e2c04f0b6c04bf73fc7705abc5ce6f', 'bdad7fbcb15405412efacc876da98c898896d06e920505512dc660832cf6df71', 'Lê Văn Nội', ' ', 2, NULL),
	('levanthuanpleiku@gmail.com', '98509a25d7b52ee5693e0a294c76849e6218ecb088dd8b762ee296f4e60364b3', 'a662e4f18724583197a79241ccf2ee23a34799c5dd4a716fda162d9918c9c837', 'Lê Văn Thuận', ' ', 2, NULL),
	('liemnh@haugiang.edu.vn', 'ef3470e0550accee9a4b32714e38663d911a94cd7d43343f5d7dac47ab0d74ae', 'ecf4cded0518db0d713bea9112f324214929025afdaf7ed1bf4a590377298e6e', 'Nguyễn Hoàng Liêm', ' ', 2, NULL),
	('loanketoan79@gmail.com', 'e594c338081f826475cbac95b976d87e74b43b3d55e232cfffed8100e29d0aa0', 'ece47abc22f10ffeead211c4841a02d22d3bfcba911e2e309ffee564ad145993', 'Phạm Thị Loan', '0393887272', 2, NULL),
	('loc.nth@ou.edu.vn', '537e95ac45f68fd18a5bf2fab00969c227720151623bd4ace662d5c095ee2124', '346f25c5100c97b0d3f6e372d2244550210e983b992f3b21f64e6d9b659bf678', 'Nguyễn Thành Lộc', ' ', 5, NULL),
	('lplinh1987@gmail.com', 'bdbc15cccd2c6c30f092f785289fbf10e9d96fe3186f6093a8931e4165c76efb', '1c3d1cf9a4199f7656aa3ab40886f5aa8a7b8634657baef121ce8c7f0e2eda86', 'Lê Phan Linh', '0393887272', 2, NULL),
	('lthmay82.vn@gmail.com', '0b2c1f923fd0bab173421c27c5b17760dbb78f72d96134e925bd54fad996438c', 'b49e8c2dff155d9cfd5cad4bc3106b2c72d873e8c18d59329272731105262977', 'Lâm Thanh Máy', '0393887272', 2, NULL),
	('luan.mh@ou.edu.vn', 'e0312895417eb09499a03aacdefdb268937c6ca8d5de656b4ca4e54340db9a0b', '27537eeb64df5135acc0b62f20dff914a2f9b7d3e0e354065faa5d91a5d3e5ce', 'Mạc Hoàng Luân', '0393887272', 5, NULL),
	('luat.pham@oude.edu.vn', '58db86f6d8e3bcf8e4b66b56960d05608017578ec39164b1f86e902ae28fd469', '623daa609d8dd81eebb44120e9e208969203fa3462bbab0fbc46b64cdec5094c', 'phạm Viết Luật', '0393887272', 3, NULL),
	('luong.nt@ou.edu.vn', '3d471de92e8f6a8e14d1f76dbd6ffe8244746d2a1dda93ac46c4ea18c4577b12', '02084e89ea94792a01660bcbcd4893491b057769296119b06cb3547df931f5af', 'Nguyễn Tấn Lượng', NULL, 5, NULL),
	('luongvinhthuyhien007@gmail.com', '96918f86d999535a837053033eedd23ee636f400af26c2450c34d1416f262395', '7c0093edb708c443344bd4d4f60e69286cc8c98c6ef40060600347517849e158', NULL, NULL, 2, NULL),
	('mai.nguyen@caodangvietmy.edu.vn', '77e36779f068e094cf0380beae39a47e5e24c57e5badfdda1061135fa3ea198f', 'f3f224ff1628e003f2ffab41b040888e6c0e725ebbc8de23db4aac2919c41453', 'Nguyễn Thị Tuyết Mai', ' ', 2, NULL),
	('minhcsdn2005@gmail.com', 'c2731d2a344a79120dad11fe1fdecb7b6f2e9a165359f7503efb3c941cbcb8be', '7668096395c25ddb015b14ee274bf2171027a47d1e2a02ff397347e6e6a1a20b', 'Nguyễn Thị Nguyệt Minh', ' ', 2, NULL),
	('minhthu.bt955@gmail.com', '3549e1bb7cdb13425afe8001a5698a0d47288c73cee33510776c0547dcce484d', 'a1ed70e4c2346471be68f2dae487f84801ed171b271b002ac65139b5d0642636', 'Lê Vũ Minh Thư', '0988955123', 2, NULL),
	('minhtrivtau@yahoo.com.vn', 'b9402e08231dd40de34654c74e0f6b9b758a7b014f3c43c23a2c17623e074222', '5bd3ee529b31e7fa2a37be04c35aa0d55e201705431e0b5bd69aa2f04ed59d9a', 'Nguyễn Minh Trí', '0393887272', 3, NULL),
	('misshonglinh02@gmail.com', '31e9c1b83c48918b04033a9a77644232b62381ca0f9ef31ccd73451b87b3901a', '244cc298a3f600bd3eb9de5d55e9dddd4aad8bc3209eafc4ea8fde871924fb5b', 'Nguyễn Hồng Lĩnh', ' ', 2, NULL),
	('muoinv.gdtxtinh@haugiang.edu.vn', 'c20f49a7e67096b93b01c7c69f8bb3fb30179e6b518d8e598d9a66955082fdd1', '20e911de648d96d128964567cfb63c96ab4e74c500b5799b51b1cb303b2e1e31', 'Nguyễn Văn Mười', ' ', 2, NULL),
	('myng8388@gmail.com', '08a9a5c71ed2241807d8547823720a4e7bacdab3eecc71a001e1d26b9aaf663d', 'aa0e1c3226f84898f9fb42977a182d5b5498400dc365eb781f97998a386be1f8', 'Nguyễn Thị Trà My', ' ', 2, NULL),
	('namhoang.qd4@gmail.com', '9797dc9feb5c43993e2a0cfe05b2240461698a379759ec17165436f7ff06bbd4', 'f71ddaaf32f5d40da634b680642ba9dfa3a1d53821fe19887cfef88c6daab4ea', 'Hoàng Thu Nam', ' ', 2, NULL),
	('ngan.ntth@ou.edu.vn', 'bf61759b99d93d00e2d5d7147504048fd6f5429e331488e923de7d84280dfbb0', '7aacca7c8a7633e83f5957909729dd34b1465bcaac5946316eee139202f15f16', NULL, NULL, 2, NULL),
	('ngapa.ttgdtxpq@kiengiang.edu.vn', '674bdc8f5358386766597540f905634e4d06a11becbe2cd09691cca7d3e7d2d8', '9c5c58ecb89a512e64c547b207309a1a21c375a5995524be0742567d0f1ec03f', NULL, NULL, 2, NULL),
	('ngaphuai2000@gmail.com', '14c459b43fa5c46e1e5cbd933b630bda528522f6a0df53791c8182ef541ad076', 'd4589b3e94654defe83df364afb465eb82e2ff5cff1739df62fe16fa530ba9b0', 'Phù Ái Nga', ' ', 2, NULL),
	('ngochieptcn@yahoo.com.vn', 'e3a6f3b359a14119da1b72148bdcd99bfa30a4acbd009130766c9175f1ac9236', '7d71082110408d47358c309b7cc071307ba9001d4c451075cf1df6cacf8ec45c', 'Võ Thị Ngọc Hiệp', ' ', 2, NULL),
	('ngocmai.nd208@gmail.com', '5c424132ceb813ccd968b037f1e66e7ce6cff9db18a26b14cc6ca57dd77941c4', 'f10704d533a5db5cb5355378251f7f0b89d862b793be75482a664ce43312e55c', 'Mai Ngọc Mai', ' ', 2, NULL),
	('ngovandang1977@gmail.com', '6b8eccd4e6c31a57b67ad4b8deebe484bf8ecc4a1d9a91548b0685e54896b05b', 'b416a54269685526ab5841a755d35f971d0fea68f149985edde1649b8a8b8b74', 'Ngô Văn Đặng', ' ', 3, NULL),
	('nguyenhau70@gmail.com', '3c445cbf1f01e17081af29a6b810e028c656f3a4db2b47b4e06e9aa79017f7a1', 'b86e01ad9200daa92f7e827a8b7f88c2342ee79ec52ddca7e307237834da6c1d', 'Nguyễn Thị Hậu', '0393887272', 2, NULL),
	('nguyennhuhuynh.cm@gmail.com', '10b84faa2fa745a71d880ea0ee1cd7fbb1f89938733ac90a50415f8b4d8d5284', 'd0b36d7e45f55618e9a18d77e0f987fadbdbb0dc00819ae1bbd615b433eefa30', 'Nguyễn Như Huỳnh', '0912096963', 2, NULL),
	('nguyentcncuchi@gmail.com', 'bef233b2d6d479140d4002ec9f23484293c72a1f8349088f8ac93ce18f97e0ca', '686160776a81185162b926b54f5fc4cd9174bf12d2a0edc98a849e4ecf6d29db', NULL, NULL, 2, NULL),
	('nguyenvanducgl@gmail.com', '0b8a6b8611db7c4da9cdace66f14c9e43b0a630f275e39f4683e5da277af4772', 'f982a21bf2f3ebed91d190bb4aa59df6ad7a64e1ae3e71133aecafe22892b3d7', 'Nguyễn Văn Đức', ' ', 2, NULL),
	('nguyenvanhieu759@gmail.com', 'cbf3de580d54243d9a83896f7b04424ebbed816a2859e83672e80255465926c6', '21b226ba79e52169282b9749d8a470aa3d278de895ed20bd6e43c1d04891f48a', 'Nguyễn Văn Hiếu', '0393887272', 2, NULL),
	('nnthao@dtcc.edu.vn', '12ca558b2c5a3e9878ad0773fad5f142363c13f58cf7ee98c0c7e85fdc8f74ee', '86211ccdad73e46478195691f7040007c07dc6b1bc415e4226281605f8699d37', 'Nguyễn Ngọc Thảo', ' ', 2, NULL),
	('ntknga@dtcc.edu.vn', '9748ebe72d8928d6aefd3dc656e9993e3832be6ceb0e8bfa891621a512aeb545', 'b417ed75c72ad5cb61d519d6e1dfce34de13c7d1dddb89a758310f9f17b43fe0', 'Ngô Thị Kim Ngà', ' ', 2, NULL),
	('ntle.gdtxtinh@khanhhoa.edu.vn', 'eeac4c932c73a1249230ed17691ec8e0a191cce2e3d0aade2a424569bb0fccaa', 'f5fed7cf720a802f365163191e14177f0f45c19c522efe61b31872cd1c564537', 'Nguyễn Thị Lệ', '0393887272', 2, NULL),
	('ntnha.gdtxbd@gmail.com', 'c434bdd39b2428ad49b384995c1cab67c1d9291e4c57437f9a82148766ab3d9d', '8a48023f4ce051d7fb67f643a2c328a465eff3bdb74206a5a30ad50b8b69a6ac', 'Nguyễn Tấn Nha', ' ', 2, NULL),
	('Nvs0103@gmail.com', '1657e895dfae0edb8165b63ebb66d37f5987e8cb051ccd46d198fff1d814005c', 'dd08a5e006663dcdd1492db830f263a0ab0db64970d0968a1a68eaf07bc5d381', 'Nguyễn Văn Sinh', ' ', 2, NULL),
	('phanlien818212@gmail.com', 'fda3d27b399d286e734f730b9970f7913b38ee9239b305f80300bbf87d3549f8', '28bc0a9d672f9503648f506011f1b047e7dd9ffc9c8fadbf8be910cd2b832385', 'Phan Thị Bích Liên', ' ', 2, NULL),
	('phingdtx@gmail.com', '88e6f6619eaceee2024c2497c839def9d4081fb89bdc0b2b2821c201daa21576', 'ca67fe014b38879bd1f3bc6257925c30b2d8327756853ef5ac512ab1d9477887', NULL, NULL, 2, NULL),
	('phuoc.nk@ou.edu.vn', 'b3d3f558c64f9ef10e2892835dff3c5eefbe3afb2816cc82712149d2f1143d00', 'e28e95f69ccf38f84fd01d47497503596e7239e1232a1d8c05112523e746f1a3', 'Nguyễn Kim Phước', '0918181008', 4, NULL),
	('ptdung@btu.edu.vn', 'dd57c19ff96c2f4777762fc92bbb907adba25557e0e6d88cf6c8ed63aad4b81b', 'bf26078f4decbee49113207749955d0d896af140265c3da95660ce103d3fdee4', 'Phạm Thị Dung', ' ', 2, NULL),
	('pvrsing.tnxp@hcm.edu.vn', '2fec5ce6f06e51214194018ab761156d1153b6be2854d9affac968315a25d9af', 'fd150af988f3114c10964bcfbbd23b76409ac5b5453f9a9d62ad372e94977591', 'Phạm Văn Ri Sing', ' ', 2, NULL),
	('quynhhoagdtx@yahoo.com', '2eeaabb0958536df776eb9505508f9643cca012ed129051dc48e62a85dbd162c', 'd56b4d6eef1c6f6755b5bbff9064d143f9b223bbf43c01bbf4377dcbc791699a', NULL, NULL, 2, NULL),
	('quynhpham.261190@gmail.com.com', 'f5b7db18a6043b345d92463cc3c682db9c9ee8d4801966a9aa93a9d440c70038', 'e3274e463aaa377d416a951412ade86dfbbe970abf24753c1a02a57d6afc02f0', 'Phạm Thanh Hương Quỳnh', ' ', 3, NULL),
	('rising_lathedo@yahoo.com', 'b44cd16381c7426178f00763a5768515ed8d856e7ea23fb107a0e1e3f4f6d096', 'd4345d40a01bee2074bb3811552e82e27c551899f4495ec3c44ad8e764a44701', NULL, NULL, 2, NULL),
	('rongdnchuse@gmail.com', 'bcc92e0a715bd13c378670bcf59c6daa09d0ce18174d8449cf8923debee611aa', 'af605ff86a6b8626a6ae66c751f5529490d260236d012e3f2e870496746b589e', 'Ngô A Rông', ' ', 2, NULL),
	('sang.pdp@ou.edu.vn', 'ad5e3b50c5c04416922ba8395c604fd09bfdd21aa4d34c9557d007bf19dee6cd', 'fafd9c996d1feb4123c43e86e8219163a1bfb058893b1e4ce478b310c6d188b5', 'Sang AdminDVLK', '0968884644', 2, NULL),
	('sanggdtx@gmail.com', '0677e234c34e5463065ed600edc801d1091572157c3ed756f8883c7df8731c0d', '367323fc40267b7d45042eefe5666ef030a2bc980f20881f9ef736fbf2307ab2', 'Sang Nhơn Trạch', '0393887272', 2, NULL),
	('sinh.lx@ou.edu.vn', 'ba22f5989bb5530de6f0db5c63f27be868995fa4c808d842899c8b3134a781ac', '97f97fe9bdf2114e64383fe394dc7c475b63e324bc8732b88f4d20215de21078', NULL, NULL, 2, NULL),
	('sonthicdspst@gmail.com', 'f72a261b4d65a9d8bd29fcde5472cbb6d74141e93f9b2c2ace182c36eff09bcb', '14cefe126087ed6d712798d6c25de0826abc92e94dc967f431c1234311856ccf', 'Sơn Thi', ' ', 2, NULL),
	('tanpham19@yahoo.com', 'da77060a2afedb59be83bd7750f13f02daeadae705f9dfadea1cc7517aac71d8', 'da42c5df29eae1498d31277214d6c26e384843f3ee4d261fc1c7bf8fb0ea7ee5', 'Phạm Minh Tấn', '0393887272', 2, NULL),
	('taxuanmai.79@gmail.com', 'df0e04bca66cd29279628d590a7e129a657c3091caa6364d6a66adcdabaa4aa7', 'a48bd9b1c725035001da0753313b5b8a12891217217a0ed0149722812d4c1014', 'Tạ Thị Xuân Mai', '0393887272', 2, NULL),
	('thang.nq@ou.edu.vn', 'b002df6f38b5c31cff5d1663a7f2eea9267ae95b1fac5a32551be624ceae0581', '874e911a5c5948819f763b64ad4559b9b4a6f03459ff66cde25a15e152667009', 'Nguyễn Quốc Thắng', '0393887272', 5, NULL),
	('thanhduy041975@gmail.com', '0238fb43b12a6ef707716b3ecaae89861870ec3714d7b8a683de0fc8c8faca37', 'd81763683552f40f6e466a9c78285b1aabeb9a4fb916fcb2fed565f70c88ab16', 'null', 'null', 2, NULL),
	('thanhhaittdntn@gmail.com', 'ad8ee7300ff74f2e25e633dafb430d3402e9a30a636166ad47c843bf46cd4c9a', 'b92ed6b0466e2e44dfb41495659d66a1b59b898eca11eb9b96e45903a9f86cc6', 'Phạm Thanh Hải', '0393887272', 2, NULL),
	('thanhhuyen091983@gmail.com', '1b84e45a7679866f3238f25c16053afdc70214ad3597c6d7a833f459b3f72769', '1595c595e08ab61d9b0d8650404f6133693dbf8d31ec88c36b89a25b12c35176', 'Nguyễn Thanh Huyền', '0988915102', 2, NULL),
	('thao.nta@ou.edu.vn', '1a19d386bc23a908c7e66e7012f252cfeae671ddfbe26d34d5b6a4027aa32bc6', 'b76561ee880e37de37291d0b4baeb9c543484ab228cb897db534d478db68c499', 'Nguyễn Thị Anh Thảo', '0393887272', 4, NULL),
	('thaodien23071981@gmail.com', '3c00b3dbde5c69cc8c006ca700abe281598a1afc3cf941e71cd7f68e4513f6f1', '4a37f4a5bb40fcb93c4160c9bdfd93285c3550f4ebd85eb2eeec54d8de73c61f', 'Trần Thị Thanh Thảo', ' ', 2, NULL),
	('thaoly19011978@gmail.com', 'cd8ad65f2a80737c52cc2124e10524e7447a4b90decf2e24ab885b9913d15700', '60022294ba4767738f85c9e740e74d124b208ad646328fce6799f54a00f0ffb9', 'Nguyễn Thị Thảo Ly', '0949954756', 2, NULL),
	('thephuong85nb@gmail.com', '79d2cabea1caedb153666976d8759cf0e4ca8c04453911078ef7f4018e43417a', '9814c863b2bfa4f068c3555ccec611ebf190d31ed863a29b3a15d19827ce886e', NULL, NULL, 2, NULL),
	('thua.nguyen@caodangvietmy.edu.vn', '3b78c98d5512af8c950fd4b49ddccf08fb36c4f6eedeb8ab2aacf96f4e3b1cf4', 'c909c1554a1dbc3dc73d76d29fc86925522d319182124812157ae6d984eac6a0', 'Nguyễn Ngọc Thừa', ' ', 2, NULL),
	('thybinh07@gmail.com', '4549358dbd3b63099efa823b5f61d270697ce538d6b83f1dcacc39f4dc1a7b40', '9458b91803ac6477ed45cc826ac71d8951feeda675bc00ee5d7042980a8bb226', NULL, NULL, 2, NULL),
	('tqoanh@btu.edu.vn', '102e6ff424a916b839af7a4ddcd69f20824346faf29df0e2aaddd1346621b000', '6837cf1cc1ae6f55fc197b5cd5e7c1e897a680afbc9a2ef8841dcd99c4e129cd', 'Trần Quốc Oanh', ' ', 2, NULL),
	('tranducduoc1973@gmail.com', '0e0e873792fac6fa2aff2996960b9e458e3b4faf62311d2bce05ab9108a5ad23', 'ba782a4373ec566bd183f1e50f50051384820d09a1c69e3aaa4f88d91f6621be', 'Trần Đức Được', ' ', 2, NULL),
	('tranngochuykt1990@gmail.com', 'f13dce6869642470c99eb397314dc034be5a4bb4bab4b165919d2bf0a9237967', 'b2dac1379b4be59ab6d6b0162c093b4cbfa89f049469fe2cf1be49886329dbad', NULL, NULL, 2, NULL),
	('tranthanhhiepvl05@gmail.com', 'c4c64aaa4d1f65b307b6809d87dc0a64ffba17b465fa11b9fe7845f44d180592', 'f49f38b77467c6c77b132dfa9f4166a6cadfad7395ea39fd1e7c31a589cd0615', NULL, NULL, 2, NULL),
	('trantutayninh55@gmail.com', 'f507d6e6b7106ad3304e76629ad064a7d0dc5b387aad8f825db69ccb9945512d', '4e5ecba6b6abd688ca66f98d33af894f5587637bad43b4ebb39e2557db50cc18', 'Trần Văn Tú', ' ', 3, NULL),
	('trongthachng@gmail.com', '06fc81a5705894467e4dba0b05b0af4318a00299b645d9067100ef5da87aae3f', '3f2ad036fd25780b8d69aa597b87051b447470971e90a16e16d14df2f55ffda8', 'null', 'null', 2, NULL),
	('ttbdctpn@gmail.com', '39c778cd66924ffd5770843e74143a9a84ea242fd41384b006218e073aa495a5', '6ae53c0bcd9902cd31d1b17575851d2f4c9ec4f0df2247553f2b33c5e473302b', NULL, NULL, 2, NULL),
	('ttcndongthapmuoi@gmail.com', '1062201e2fd1e9c6275348a175946a3ba14f66d8dd5beb88ffb625bf187cb23a', '50d7f2cc365f982b6be4d54b690777e972db8aa6f6bd35c78197114f8e235d7a', 'Tô Thị Kim Thoa', '0393887272', 2, NULL),
	('tttlinh275@gmail.com', '0c2b5570d73bb960ca9f4aa6958c9e5be5b7a9aed774625b397cf57688522adc', 'b643f24bb2685e915453afcb6ea01b30bb66b3bd0b6566bc311502385a789a38', 'Trần Thị Thùy Linh', '0393887272', 2, NULL),
	('tuantcktcntn@gmail.com', 'f36a478e3d933baae4db5ba87d0836f52f4a1a9e4c129e20fb77771d51e7078d', 'ec72c879c5e67791aef75207fda24407da9a7b5be5b9ab8de945973c6c1d02cb', 'Nguyễn Huy Tuấn', ' ', 2, NULL),
	('tvchinh@btu.edu.vn', '0594448a28a53c7bfc085262d77c6344665098ad47455a81dcb219cdfa35c794', 'cb70e2344504ba7ca3603f9f48d4afb31fcef9dc4a4fe3c54d6f385bf674ad31', 'Trương Văn Chính', ' ', 2, NULL),
	('tvthanh.gdtxtinh@khanhhoa.edu.vn', '951c8cf177eaa08d91193a04a1881a14768915e324def7564b471a71b262419d', 'f85191bb7d05aad6bcc869600655bb46a238ee65dfe465f1e16399e9db6b30ba', 'Trần Văn Thanh', '0393887272', 2, NULL),
	('txhgiao@kgc.edu.vn', '6a6deba5b1c5e515400b94173766970cba93ec27b1097314a9bd05e9602ad150', '79b27e9e6bf662bd7d23d57ba22e7e41c6ba79b1d3dc48360e85f6fb0a50873d', NULL, NULL, 2, NULL),
	('van.ntm@ou.edu.vn', 'ae0c6a6cef63d050fb50ef5c611449cf8af7ea2f20892ae6e0c04127b7baebce', '31caa1e293302b1cd268a2f2cee0e948cd15614ee715f85de404b5ab0eec9ef1', 'Võ Thị Mỹ Vân', '0393887272', 5, NULL),
	('Van.vtm@ou.edu.vn', 'd11f06f82a1e21ff4fd33dc13de6c1c55998b0b415d5eb6219a5f57512130612', '1a8556200ad7dcaae9210e177bbcd0d8b88c218e6ebd23772f15046abd223b25', 'Võ Thị Mỹ Vân', ' ', 5, NULL),
	('vantaihpp@gmail.com', 'f85421d793a31616b5ae9bc25d48cd4de149758e1199465977673cb82e9bae86', '37dc98be2bae06a875867c6c05694a8b41d09b0f995e75cf85c3bffed799313d', 'Trần Văn Tài', '0393887272', 2, NULL),
	('vinhtrungcapcongdoanbrvt@gmail.com', '9d536fdd11ba1c4ec139a1712a089a84ed26845c08b7da5f5ede84f325beaa7e', 'c33370062dd6c66049b002c861dc2277d2e4c2352baf2ff05d64d327d42c4536', 'Trần Quang Vinh', '0393887272', 3, NULL),
	('vivandalat@gmail.com', '50ab5b99e9d240d1990f724ef9faac86c6498b36ced4806c50d15384a40c195c', '580d5a5193d6d5f832c2f494b57285f4b8e11f3939afbeff56e564ff623f1ab3', NULL, NULL, 2, NULL),
	('vokhoahg@gmail.com', 'b6c1b7c57a25d14dceb66e8962166626ce5422a3e930ec6f573e1f383bc076e0', '708ab471329504d64ac33ed13660bf06247da3f3951357dfb60dd81379a9bc26', 'Võ Đăng Khoa', ' ', 2, NULL),
	('vothihangpk@gmail.com', 'c0bde01d73ec8a03b03a17f0f0d2a22f202e64b99f973b865df25f2d95e6de5a', '91f662d4871007e4e12f6b33af758bb7df7278ddf3c42c88ae7dafe9f4c1415a', 'Võ Thị Hằng', ' ', 2, NULL),
	('vothilamkieu@gmail.com', 'ef7ce67db1f0f9e3c31c889087909d26fed6d9f18677be356983fcfbf52a602d', 'ab632bdda9eafb0114fe915bf26d0d72cf24b8cfdfb2db967349c08daf213585', NULL, NULL, 2, NULL),
	('vovanthuygdtxgialai@gmail.com', '689ad62bcbd04760e8194c15438019b61eecba104e0b32cdcd3ffbd83017f2f4', 'b0fda80ff714043560454d7552a3ab431005ffc28344ce872e4231bc4cde3a27', 'Võ Văn Thủy', 'null', 2, NULL),
	('vovantienttgl@gmail.com', '7b5cd23bdc3ff07b18012732e4b3b6668490ba371fdcedf405018fdc17ece594', 'e98f0bc9116c9e58791027d8685eb7ac890afca98001db633bb85f5010800ccb', 'Võ Văn Tiên', ' ', 2, NULL),
	('vunggdtx.vt@gmail.com', '9637483c95191f074bc340dd4189d75461342dab4dda07fa7dafc8faf19f59d4', 'd074520352e3e0ccdeb688141a524eb8af5bb792e480d262acdbca2603b63863', 'null', 'null', 2, NULL),
	('vy.ttt@ou.edu.vn', 'ed1fafb9709aced6391e7e73aebe02400441bc34ab5794160009bf47b7ba8c99', 'fe98dac0328aea3722d6a12bab3427a15a848584f7ce21029bc05705bdef51e6', 'Trần Thùy Thủy Vy', '0393887272', 5, NULL),
	('vynguyen090690@gmail.com', 'cab75ee7ca44094936299f315ad2d2d0b654475c2178d8981e500ff523655448', 'e6cc3cf9004df34a2e91037c0d9f5bda12cfb47bc2ce6925bf924d122ea66d85', 'Nguyễn Thảo Tường Vy', ' ', 3, NULL),
	('vythaodnlg@gmail.com', '43c282a0d1c3a1cad39c1c58ba75716d543fd880870c291ca7a36212ef322968', '408c336d78aaf147564d9659c23af7e59ef7f5933e26e19c0010440f6a818cce', 'Nguyễn Thị Mỹ Thảo', '0933417998', 2, NULL),
	('xuantien.gdtxchupah@gmail.com', '37aadd4f1d103a0e70079315b2d8671d94180032ad0488953ce62d611fed331f', '6b5f3da54f55463598d8a6231b1f79d37528757e86a7920aa2a06d6da1e5d86d', 'Nguyễn Xuân Tiến', ' ', 2, NULL),
	('xuyen_tcndh@yahoo.com.vn', 'cb542669012dca44eec756825d17caa78628c7b4674e887987728bbe56789fa1', 'eec27244517bb1e719000a0b3b463f6431aeaa6e7ca59da09dc694cc5f4e2943', NULL, NULL, 2, NULL),
	('xuyenphan611@gmail.com', '77519a986f5b0634af0d6ac46b71b289155aac96c0b7e77add45d78a485a6c73', '21fa2ceb1b960ac5b7c8ff9cb5e7dad81804e9224dfa5af5b1d494b9a199cb49', 'Phan Thị kim Xuyến', '0902924792', 2, NULL),
	('yennn@sthc.edu.vn', '0ae85382783fb4a9c54bcb261f51f1ad6c2594c27568b2762f150df8ebd1b623', 'a04150fffdb51a8b62d8af8281338143f9e08b3b4c7f71e2dcd99d7d85c09a81', NULL, NULL, 2, NULL);
/*!40000 ALTER TABLE `user` ENABLE KEYS */;

-- Dumping structure for table theodoihocphi.user_link_unit
DROP TABLE IF EXISTS `user_link_unit`;
CREATE TABLE IF NOT EXISTS `user_link_unit` (
  `mail` varchar(200) CHARACTER SET utf8 COLLATE utf8_unicode_ci NOT NULL,
  `unit` varchar(100) CHARACTER SET utf8 COLLATE utf8_unicode_ci NOT NULL,
  PRIMARY KEY (`mail`,`unit`),
  KEY `fk_lu` (`unit`),
  CONSTRAINT `fk_lu` FOREIGN KEY (`unit`) REFERENCES `link_unit` (`unit`) ON DELETE CASCADE ON UPDATE CASCADE,
  CONSTRAINT `fk_u` FOREIGN KEY (`mail`) REFERENCES `user` (`mail`) ON DELETE CASCADE ON UPDATE CASCADE
) ENGINE=InnoDB DEFAULT CHARSET=utf8mb3 COLLATE=utf8_unicode_ci;

-- Dumping data for table theodoihocphi.user_link_unit: ~792 rows (approximately)
/*!40000 ALTER TABLE `user_link_unit` DISABLE KEYS */;
INSERT INTO `user_link_unit` (`mail`, `unit`) VALUES
	('admin@oude.edu.vn', '_K'),
	('duy.nguyen2@oude.edu.vn', '_K'),
	('admin@oude.edu.vn', '_T'),
	('duy.nguyen2@oude.edu.vn', '_T'),
	('admin@oude.edu.vn', 'AG'),
	('loc.nth@ou.edu.vn', 'AG'),
	('luat.pham@oude.edu.vn', 'AG'),
	('Van.vtm@ou.edu.vn', 'AG'),
	('admin@oude.edu.vn', 'AP'),
	('loc.nth@ou.edu.vn', 'AP'),
	('luat.pham@oude.edu.vn', 'AP'),
	('Van.vtm@ou.edu.vn', 'AP'),
	('admin@oude.edu.vn', 'BA'),
	('duy.nguyen2@oude.edu.vn', 'BA'),
	('loc.nth@ou.edu.vn', 'BA'),
	('luat.pham@oude.edu.vn', 'BA'),
	('Van.vtm@ou.edu.vn', 'BA'),
	('admin@oude.edu.vn', 'BB'),
	('duy.nguyen2@oude.edu.vn', 'BB'),
	('duy.nk27021998@gmail.com', 'BB'),
	('loc.nth@ou.edu.vn', 'BB'),
	('luat.pham@oude.edu.vn', 'BB'),
	('sang.pdp@ou.edu.vn', 'BB'),
	('Van.vtm@ou.edu.vn', 'BB'),
	('admin@oude.edu.vn', 'BC'),
	('duy.nguyen2@oude.edu.vn', 'BC'),
	('loc.nth@ou.edu.vn', 'BC'),
	('luat.pham@oude.edu.vn', 'BC'),
	('Van.vtm@ou.edu.vn', 'BC'),
	('admin@oude.edu.vn', 'BD'),
	('danghanh0111@gmail.com', 'BD'),
	('duy.nguyen2@oude.edu.vn', 'BD'),
	('loc.nth@ou.edu.vn', 'BD'),
	('luat.pham@oude.edu.vn', 'BD'),
	('ntnha.gdtxbd@gmail.com', 'BD'),
	('tranducduoc1973@gmail.com', 'BD'),
	('Van.vtm@ou.edu.vn', 'BD'),
	('admin@oude.edu.vn', 'BE'),
	('duy.nguyen2@oude.edu.vn', 'BE'),
	('loc.nth@ou.edu.vn', 'BE'),
	('luat.pham@oude.edu.vn', 'BE'),
	('Van.vtm@ou.edu.vn', 'BE'),
	('admin@oude.edu.vn', 'BH'),
	('duy.nguyen2@oude.edu.vn', 'BH'),
	('loc.nth@ou.edu.vn', 'BH'),
	('luat.pham@oude.edu.vn', 'BH'),
	('Van.vtm@ou.edu.vn', 'BH'),
	('admin@oude.edu.vn', 'BI'),
	('duy.nguyen2@oude.edu.vn', 'BI'),
	('loc.nth@ou.edu.vn', 'BI'),
	('luat.pham@oude.edu.vn', 'BI'),
	('Van.vtm@ou.edu.vn', 'BI'),
	('admin@oude.edu.vn', 'BL'),
	('duy.nguyen2@oude.edu.vn', 'BL'),
	('loc.nth@ou.edu.vn', 'BL'),
	('luat.pham@oude.edu.vn', 'BL'),
	('Van.vtm@ou.edu.vn', 'BL'),
	('admin@oude.edu.vn', 'BO'),
	('duy.nguyen2@oude.edu.vn', 'BO'),
	('loc.nth@ou.edu.vn', 'BO'),
	('luat.pham@oude.edu.vn', 'BO'),
	('Van.vtm@ou.edu.vn', 'BO'),
	('admin@oude.edu.vn', 'BP'),
	('duy.nguyen2@oude.edu.vn', 'BP'),
	('loc.nth@ou.edu.vn', 'BP'),
	('luat.pham@oude.edu.vn', 'BP'),
	('Van.vtm@ou.edu.vn', 'BP'),
	('admin@oude.edu.vn', 'BR'),
	('dangthitram989@gmail.com', 'BR'),
	('duy.nguyen2@oude.edu.vn', 'BR'),
	('loc.nth@ou.edu.vn', 'BR'),
	('luat.pham@oude.edu.vn', 'BR'),
	('ngocmai.nd208@gmail.com', 'BR'),
	('Van.vtm@ou.edu.vn', 'BR'),
	('vinhtrungcapcongdoanbrvt@gmail.com', 'BR'),
	('admin@oude.edu.vn', 'BT'),
	('bentre_tranhongchau@bentre.edu.vn', 'BT'),
	('duy.nguyen2@oude.edu.vn', 'BT'),
	('loanketoan79@gmail.com', 'BT'),
	('loc.nth@ou.edu.vn', 'BT'),
	('luat.pham@oude.edu.vn', 'BT'),
	('thanhduy041975@gmail.com', 'BT'),
	('Van.vtm@ou.edu.vn', 'BT'),
	('admin@oude.edu.vn', 'BV'),
	('duy.nguyen2@oude.edu.vn', 'BV'),
	('loc.nth@ou.edu.vn', 'BV'),
	('luat.pham@oude.edu.vn', 'BV'),
	('Van.vtm@ou.edu.vn', 'BV'),
	('admin@oude.edu.vn', 'C4'),
	('dodangnhan1969@gmail.com', 'C4'),
	('duy.nguyen2@oude.edu.vn', 'C4'),
	('loc.nth@ou.edu.vn', 'C4'),
	('luat.pham@oude.edu.vn', 'C4'),
	('misshonglinh02@gmail.com', 'C4'),
	('namhoang.qd4@gmail.com', 'C4'),
	('thaodien23071981@gmail.com', 'C4'),
	('Van.vtm@ou.edu.vn', 'C4'),
	('admin@oude.edu.vn', 'CA'),
	('duy.nguyen2@oude.edu.vn', 'CA'),
	('loc.nth@ou.edu.vn', 'CA'),
	('luat.pham@oude.edu.vn', 'CA'),
	('Van.vtm@ou.edu.vn', 'CA'),
	('admin@oude.edu.vn', 'CC'),
	('baotrongtcn@gmail.com', 'CC'),
	('duy.nguyen2@oude.edu.vn', 'CC'),
	('haiau2407@gmail.com', 'CC'),
	('huythong0872@gmail.com', 'CC'),
	('loc.nth@ou.edu.vn', 'CC'),
	('luat.pham@oude.edu.vn', 'CC'),
	('ngochieptcn@yahoo.com.vn', 'CC'),
	('Van.vtm@ou.edu.vn', 'CC'),
	('admin@oude.edu.vn', 'CD'),
	('duy.nguyen2@oude.edu.vn', 'CD'),
	('loc.nth@ou.edu.vn', 'CD'),
	('luat.pham@oude.edu.vn', 'CD'),
	('Van.vtm@ou.edu.vn', 'CD'),
	('admin@oude.edu.vn', 'CG'),
	('duy.nguyen2@oude.edu.vn', 'CG'),
	('loc.nth@ou.edu.vn', 'CG'),
	('luat.pham@oude.edu.vn', 'CG'),
	('Van.vtm@ou.edu.vn', 'CG'),
	('admin@oude.edu.vn', 'CH'),
	('duy.nguyen2@oude.edu.vn', 'CH'),
	('loc.nth@ou.edu.vn', 'CH'),
	('luat.pham@oude.edu.vn', 'CH'),
	('Van.vtm@ou.edu.vn', 'CH'),
	('admin@oude.edu.vn', 'CL'),
	('duy.nguyen2@oude.edu.vn', 'CL'),
	('huutrung@dtcc.edu.vn', 'CL'),
	('loc.nth@ou.edu.vn', 'CL'),
	('luat.pham@oude.edu.vn', 'CL'),
	('nnthao@dtcc.edu.vn', 'CL'),
	('ntknga@dtcc.edu.vn', 'CL'),
	('Van.vtm@ou.edu.vn', 'CL'),
	('admin@oude.edu.vn', 'CM'),
	('duongduongcm@yahoo.com', 'CM'),
	('duy.nguyen2@oude.edu.vn', 'CM'),
	('lehoangan.cmcc@gmail.com', 'CM'),
	('loc.nth@ou.edu.vn', 'CM'),
	('luat.pham@oude.edu.vn', 'CM'),
	('nguyennhuhuynh.cm@gmail.com', 'CM'),
	('Van.vtm@ou.edu.vn', 'CM'),
	('admin@oude.edu.vn', 'CN'),
	('duy.nguyen2@oude.edu.vn', 'CN'),
	('loc.nth@ou.edu.vn', 'CN'),
	('luat.pham@oude.edu.vn', 'CN'),
	('Van.vtm@ou.edu.vn', 'CN'),
	('admin@oude.edu.vn', 'CQ'),
	('duy.nguyen2@oude.edu.vn', 'CQ'),
	('loc.nth@ou.edu.vn', 'CQ'),
	('luat.pham@oude.edu.vn', 'CQ'),
	('Van.vtm@ou.edu.vn', 'CQ'),
	('admin@oude.edu.vn', 'CR'),
	('duy.nguyen2@oude.edu.vn', 'CR'),
	('loc.nth@ou.edu.vn', 'CR'),
	('luat.pham@oude.edu.vn', 'CR'),
	('Van.vtm@ou.edu.vn', 'CR'),
	('admin@oude.edu.vn', 'CT'),
	('duy.nguyen2@oude.edu.vn', 'CT'),
	('loc.nth@ou.edu.vn', 'CT'),
	('luat.pham@oude.edu.vn', 'CT'),
	('Van.vtm@ou.edu.vn', 'CT'),
	('admin@oude.edu.vn', 'CV'),
	('duy.nguyen2@oude.edu.vn', 'CV'),
	('loc.nth@ou.edu.vn', 'CV'),
	('luat.pham@oude.edu.vn', 'CV'),
	('Van.vtm@ou.edu.vn', 'CV'),
	('admin@oude.edu.vn', 'DA'),
	('duy.nguyen2@oude.edu.vn', 'DA'),
	('loc.nth@ou.edu.vn', 'DA'),
	('luat.pham@oude.edu.vn', 'DA'),
	('Van.vtm@ou.edu.vn', 'DA'),
	('admin@oude.edu.vn', 'DB'),
	('duy.nguyen2@oude.edu.vn', 'DB'),
	('loc.nth@ou.edu.vn', 'DB'),
	('luat.pham@oude.edu.vn', 'DB'),
	('Van.vtm@ou.edu.vn', 'DB'),
	('admin@oude.edu.vn', 'DD'),
	('duy.nguyen2@oude.edu.vn', 'DD'),
	('loc.nth@ou.edu.vn', 'DD'),
	('luat.pham@oude.edu.vn', 'DD'),
	('Van.vtm@ou.edu.vn', 'DD'),
	('admin@oude.edu.vn', 'DG'),
	('duy.nguyen2@oude.edu.vn', 'DG'),
	('loc.nth@ou.edu.vn', 'DG'),
	('luat.pham@oude.edu.vn', 'DG'),
	('Van.vtm@ou.edu.vn', 'DG'),
	('admin@oude.edu.vn', 'DH'),
	('duy.nguyen2@oude.edu.vn', 'DH'),
	('hongcam36@gmail.com', 'DH'),
	('loc.nth@ou.edu.vn', 'DH'),
	('luat.pham@oude.edu.vn', 'DH'),
	('Van.vtm@ou.edu.vn', 'DH'),
	('xuyenphan611@gmail.com', 'DH'),
	('admin@oude.edu.vn', 'DK'),
	('duy.nguyen2@oude.edu.vn', 'DK'),
	('loc.nth@ou.edu.vn', 'DK'),
	('luat.pham@oude.edu.vn', 'DK'),
	('Van.vtm@ou.edu.vn', 'DK'),
	('admin@oude.edu.vn', 'DM'),
	('duy.nguyen2@oude.edu.vn', 'DM'),
	('loc.nth@ou.edu.vn', 'DM'),
	('luat.pham@oude.edu.vn', 'DM'),
	('Van.vtm@ou.edu.vn', 'DM'),
	('admin@oude.edu.vn', 'DN'),
	('duy.nguyen2@oude.edu.vn', 'DN'),
	('loc.nth@ou.edu.vn', 'DN'),
	('luat.pham@oude.edu.vn', 'DN'),
	('Van.vtm@ou.edu.vn', 'DN'),
	('admin@oude.edu.vn', 'DR'),
	('loc.nth@ou.edu.vn', 'DR'),
	('luat.pham@oude.edu.vn', 'DR'),
	('Van.vtm@ou.edu.vn', 'DR'),
	('admin@oude.edu.vn', 'DT'),
	('duy.nguyen2@oude.edu.vn', 'DT'),
	('loc.nth@ou.edu.vn', 'DT'),
	('luat.pham@oude.edu.vn', 'DT'),
	('Van.vtm@ou.edu.vn', 'DT'),
	('admin@oude.edu.vn', 'EA'),
	('loc.nth@ou.edu.vn', 'EA'),
	('luat.pham@oude.edu.vn', 'EA'),
	('Van.vtm@ou.edu.vn', 'EA'),
	('admin@oude.edu.vn', 'GC'),
	('duy.nguyen2@oude.edu.vn', 'GC'),
	('loc.nth@ou.edu.vn', 'GC'),
	('luat.pham@oude.edu.vn', 'GC'),
	('Van.vtm@ou.edu.vn', 'GC'),
	('admin@oude.edu.vn', 'GD'),
	('duy.nguyen2@oude.edu.vn', 'GD'),
	('loc.nth@ou.edu.vn', 'GD'),
	('luat.pham@oude.edu.vn', 'GD'),
	('Van.vtm@ou.edu.vn', 'GD'),
	('admin@oude.edu.vn', 'GI'),
	('duy.nguyen2@oude.edu.vn', 'GI'),
	('loc.nth@ou.edu.vn', 'GI'),
	('luat.pham@oude.edu.vn', 'GI'),
	('Van.vtm@ou.edu.vn', 'GI'),
	('admin@oude.edu.vn', 'GL'),
	('buihuygiapgl@gmail.com', 'GL'),
	('duy.nguyen2@oude.edu.vn', 'GL'),
	('levanthuanpleiku@gmail.com', 'GL'),
	('loc.nth@ou.edu.vn', 'GL'),
	('luat.pham@oude.edu.vn', 'GL'),
	('Van.vtm@ou.edu.vn', 'GL'),
	('vothihangpk@gmail.com', 'GL'),
	('vovanthuygdtxgialai@gmail.com', 'GL'),
	('vovantienttgl@gmail.com', 'GL'),
	('admin@oude.edu.vn', 'GM'),
	('buihuygiapgl@gmail.com', 'GM'),
	('duy.nguyen2@oude.edu.vn', 'GM'),
	('levanthuanpleiku@gmail.com', 'GM'),
	('loc.nth@ou.edu.vn', 'GM'),
	('luat.pham@oude.edu.vn', 'GM'),
	('Van.vtm@ou.edu.vn', 'GM'),
	('vothihangpk@gmail.com', 'GM'),
	('vovanthuygdtxgialai@gmail.com', 'GM'),
	('vovantienttgl@gmail.com', 'GM'),
	('admin@oude.edu.vn', 'GN'),
	('duy.nguyen2@oude.edu.vn', 'GN'),
	('loc.nth@ou.edu.vn', 'GN'),
	('luat.pham@oude.edu.vn', 'GN'),
	('Van.vtm@ou.edu.vn', 'GN'),
	('admin@oude.edu.vn', 'GO'),
	('buihuygiapgl@gmail.com', 'GO'),
	('duy.nguyen2@oude.edu.vn', 'GO'),
	('levanthuanpleiku@gmail.com', 'GO'),
	('loc.nth@ou.edu.vn', 'GO'),
	('luat.pham@oude.edu.vn', 'GO'),
	('Van.vtm@ou.edu.vn', 'GO'),
	('vothihangpk@gmail.com', 'GO'),
	('vovanthuygdtxgialai@gmail.com', 'GO'),
	('vovantienttgl@gmail.com', 'GO'),
	('admin@oude.edu.vn', 'GP'),
	('buihuygiapgl@gmail.com', 'GP'),
	('duy.nguyen2@oude.edu.vn', 'GP'),
	('levannoi.chupah@gmail.com', 'GP'),
	('levanthuanpleiku@gmail.com', 'GP'),
	('loc.nth@ou.edu.vn', 'GP'),
	('luat.pham@oude.edu.vn', 'GP'),
	('phanlien818212@gmail.com', 'GP'),
	('Van.vtm@ou.edu.vn', 'GP'),
	('vothihangpk@gmail.com', 'GP'),
	('vovanthuygdtxgialai@gmail.com', 'GP'),
	('vovantienttgl@gmail.com', 'GP'),
	('xuantien.gdtxchupah@gmail.com', 'GP'),
	('admin@oude.edu.vn', 'GQ'),
	('duy.nguyen2@oude.edu.vn', 'GQ'),
	('loc.nth@ou.edu.vn', 'GQ'),
	('luat.pham@oude.edu.vn', 'GQ'),
	('Van.vtm@ou.edu.vn', 'GQ'),
	('admin@oude.edu.vn', 'GR'),
	('duy.nguyen2@oude.edu.vn', 'GR'),
	('loc.nth@ou.edu.vn', 'GR'),
	('luat.pham@oude.edu.vn', 'GR'),
	('Van.vtm@ou.edu.vn', 'GR'),
	('admin@oude.edu.vn', 'GS'),
	('buihuygiapgl@gmail.com', 'GS'),
	('duy.nguyen2@oude.edu.vn', 'GS'),
	('kimthanhcse@gmail.com', 'GS'),
	('levanthuanpleiku@gmail.com', 'GS'),
	('loc.nth@ou.edu.vn', 'GS'),
	('luat.pham@oude.edu.vn', 'GS'),
	('nguyenvanducgl@gmail.com', 'GS'),
	('rongdnchuse@gmail.com', 'GS'),
	('Van.vtm@ou.edu.vn', 'GS'),
	('vothihangpk@gmail.com', 'GS'),
	('vovanthuygdtxgialai@gmail.com', 'GS'),
	('vovantienttgl@gmail.com', 'GS'),
	('admin@oude.edu.vn', 'GU'),
	('duy.nguyen2@oude.edu.vn', 'GU'),
	('loc.nth@ou.edu.vn', 'GU'),
	('luat.pham@oude.edu.vn', 'GU'),
	('Van.vtm@ou.edu.vn', 'GU'),
	('admin@oude.edu.vn', 'GV'),
	('duy.nguyen2@oude.edu.vn', 'GV'),
	('loc.nth@ou.edu.vn', 'GV'),
	('luat.pham@oude.edu.vn', 'GV'),
	('Van.vtm@ou.edu.vn', 'GV'),
	('admin@oude.edu.vn', 'HB'),
	('duy.nguyen2@oude.edu.vn', 'HB'),
	('loc.nth@ou.edu.vn', 'HB'),
	('luat.pham@oude.edu.vn', 'HB'),
	('Van.vtm@ou.edu.vn', 'HB'),
	('admin@oude.edu.vn', 'HD'),
	('duy.nguyen2@oude.edu.vn', 'HD'),
	('loc.nth@ou.edu.vn', 'HD'),
	('luat.pham@oude.edu.vn', 'HD'),
	('Van.vtm@ou.edu.vn', 'HD'),
	('admin@oude.edu.vn', 'HG'),
	('duy.nguyen2@oude.edu.vn', 'HG'),
	('loc.nth@ou.edu.vn', 'HG'),
	('luat.pham@oude.edu.vn', 'HG'),
	('muoinv.gdtxtinh@haugiang.edu.vn', 'HG'),
	('Van.vtm@ou.edu.vn', 'HG'),
	('vokhoahg@gmail.com', 'HG'),
	('admin@oude.edu.vn', 'HM'),
	('duy.nguyen2@oude.edu.vn', 'HM'),
	('loc.nth@ou.edu.vn', 'HM'),
	('luat.pham@oude.edu.vn', 'HM'),
	('Van.vtm@ou.edu.vn', 'HM'),
	('admin@oude.edu.vn', 'HN'),
	('duy.nguyen2@oude.edu.vn', 'HN'),
	('loc.nth@ou.edu.vn', 'HN'),
	('luat.pham@oude.edu.vn', 'HN'),
	('Van.vtm@ou.edu.vn', 'HN'),
	('admin@oude.edu.vn', 'HT'),
	('admin@oude.edu.vn', 'HU'),
	('duy.nguyen2@oude.edu.vn', 'HU'),
	('loc.nth@ou.edu.vn', 'HU'),
	('luat.pham@oude.edu.vn', 'HU'),
	('Van.vtm@ou.edu.vn', 'HU'),
	('admin@oude.edu.vn', 'HV'),
	('duy.nguyen2@oude.edu.vn', 'HV'),
	('loc.nth@ou.edu.vn', 'HV'),
	('luat.pham@oude.edu.vn', 'HV'),
	('Van.vtm@ou.edu.vn', 'HV'),
	('admin@oude.edu.vn', 'HX'),
	('duy.nguyen2@oude.edu.vn', 'HX'),
	('loc.nth@ou.edu.vn', 'HX'),
	('luat.pham@oude.edu.vn', 'HX'),
	('Van.vtm@ou.edu.vn', 'HX'),
	('admin@oude.edu.vn', 'KG'),
	('duy.nguyen2@oude.edu.vn', 'KG'),
	('loc.nth@ou.edu.vn', 'KG'),
	('luat.pham@oude.edu.vn', 'KG'),
	('Van.vtm@ou.edu.vn', 'KG'),
	('admin@oude.edu.vn', 'KH'),
	('duy.nguyen2@oude.edu.vn', 'KH'),
	('loc.nth@ou.edu.vn', 'KH'),
	('luat.pham@oude.edu.vn', 'KH'),
	('Van.vtm@ou.edu.vn', 'KH'),
	('admin@oude.edu.vn', 'LA'),
	('duy.nguyen2@oude.edu.vn', 'LA'),
	('loc.nth@ou.edu.vn', 'LA'),
	('luat.pham@oude.edu.vn', 'LA'),
	('Van.vtm@ou.edu.vn', 'LA'),
	('admin@oude.edu.vn', 'LB'),
	('duy.nguyen2@oude.edu.vn', 'LB'),
	('loc.nth@ou.edu.vn', 'LB'),
	('luat.pham@oude.edu.vn', 'LB'),
	('Van.vtm@ou.edu.vn', 'LB'),
	('admin@oude.edu.vn', 'LC'),
	('duy.nguyen2@oude.edu.vn', 'LC'),
	('loc.nth@ou.edu.vn', 'LC'),
	('luat.pham@oude.edu.vn', 'LC'),
	('Van.vtm@ou.edu.vn', 'LC'),
	('admin@oude.edu.vn', 'LD'),
	('duy.nguyen2@oude.edu.vn', 'LD'),
	('loc.nth@ou.edu.vn', 'LD'),
	('luat.pham@oude.edu.vn', 'LD'),
	('Van.vtm@ou.edu.vn', 'LD'),
	('admin@oude.edu.vn', 'LG'),
	('duy.nguyen2@oude.edu.vn', 'LG'),
	('loc.nth@ou.edu.vn', 'LG'),
	('luat.pham@oude.edu.vn', 'LG'),
	('minhthu.bt955@gmail.com', 'LG'),
	('thanhhuyen091983@gmail.com', 'LG'),
	('thaoly19011978@gmail.com', 'LG'),
	('Van.vtm@ou.edu.vn', 'LG'),
	('admin@oude.edu.vn', 'LH'),
	('duy.nguyen2@oude.edu.vn', 'LH'),
	('loc.nth@ou.edu.vn', 'LH'),
	('luat.pham@oude.edu.vn', 'LH'),
	('Van.vtm@ou.edu.vn', 'LH'),
	('admin@oude.edu.vn', 'LN'),
	('duy.nguyen2@oude.edu.vn', 'LN'),
	('loc.nth@ou.edu.vn', 'LN'),
	('luat.pham@oude.edu.vn', 'LN'),
	('Van.vtm@ou.edu.vn', 'LN'),
	('admin@oude.edu.vn', 'LT'),
	('duy.nguyen2@oude.edu.vn', 'LT'),
	('loc.nth@ou.edu.vn', 'LT'),
	('luat.pham@oude.edu.vn', 'LT'),
	('Van.vtm@ou.edu.vn', 'LT'),
	('admin@oude.edu.vn', 'MC'),
	('duy.nguyen2@oude.edu.vn', 'MC'),
	('loc.nth@ou.edu.vn', 'MC'),
	('luat.pham@oude.edu.vn', 'MC'),
	('Van.vtm@ou.edu.vn', 'MC'),
	('admin@oude.edu.vn', 'MD'),
	('duy.nguyen2@oude.edu.vn', 'MD'),
	('loc.nth@ou.edu.vn', 'MD'),
	('luat.pham@oude.edu.vn', 'MD'),
	('Van.vtm@ou.edu.vn', 'MD'),
	('admin@oude.edu.vn', 'MR'),
	('loc.nth@ou.edu.vn', 'MR'),
	('luat.pham@oude.edu.vn', 'MR'),
	('Van.vtm@ou.edu.vn', 'MR'),
	('admin@oude.edu.vn', 'NA'),
	('duy.nguyen2@oude.edu.vn', 'NA'),
	('loc.nth@ou.edu.vn', 'NA'),
	('luat.pham@oude.edu.vn', 'NA'),
	('Van.vtm@ou.edu.vn', 'NA'),
	('admin@oude.edu.vn', 'NB'),
	('duy.nguyen2@oude.edu.vn', 'NB'),
	('loc.nth@ou.edu.vn', 'NB'),
	('luat.pham@oude.edu.vn', 'NB'),
	('Van.vtm@ou.edu.vn', 'NB'),
	('admin@oude.edu.vn', 'NH'),
	('duy.nguyen2@oude.edu.vn', 'NH'),
	('loc.nth@ou.edu.vn', 'NH'),
	('luat.pham@oude.edu.vn', 'NH'),
	('Van.vtm@ou.edu.vn', 'NH'),
	('admin@oude.edu.vn', 'NT'),
	('dong83otm@gmail.com', 'NT'),
	('dongchequoc6768@gmail.com', 'NT'),
	('duy.nguyen2@oude.edu.vn', 'NT'),
	('hoanguyenquynhgdtx@gmail.com', 'NT'),
	('hoangy.dtntpr@ninhthuan.edu.vn', 'NT'),
	('loc.nth@ou.edu.vn', 'NT'),
	('luat.pham@oude.edu.vn', 'NT'),
	('Nvs0103@gmail.com', 'NT'),
	('Van.vtm@ou.edu.vn', 'NT'),
	('admin@oude.edu.vn', 'NU'),
	('duy.nguyen2@oude.edu.vn', 'NU'),
	('loc.nth@ou.edu.vn', 'NU'),
	('luat.pham@oude.edu.vn', 'NU'),
	('Van.vtm@ou.edu.vn', 'NU'),
	('admin@oude.edu.vn', 'NV'),
	('duy.nguyen2@oude.edu.vn', 'NV'),
	('loc.nth@ou.edu.vn', 'NV'),
	('luat.pham@oude.edu.vn', 'NV'),
	('Van.vtm@ou.edu.vn', 'NV'),
	('admin@oude.edu.vn', 'NX'),
	('duy.nguyen2@oude.edu.vn', 'NX'),
	('loc.nth@ou.edu.vn', 'NX'),
	('luat.pham@oude.edu.vn', 'NX'),
	('pvrsing.tnxp@hcm.edu.vn', 'NX'),
	('Van.vtm@ou.edu.vn', 'NX'),
	('admin@oude.edu.vn', 'OM'),
	('duy.nguyen2@oude.edu.vn', 'OM'),
	('loc.nth@ou.edu.vn', 'OM'),
	('luat.pham@oude.edu.vn', 'OM'),
	('Van.vtm@ou.edu.vn', 'OM'),
	('admin@oude.edu.vn', 'PB'),
	('duy.nguyen2@oude.edu.vn', 'PB'),
	('loc.nth@ou.edu.vn', 'PB'),
	('luat.pham@oude.edu.vn', 'PB'),
	('Van.vtm@ou.edu.vn', 'PB'),
	('admin@oude.edu.vn', 'PD'),
	('duy.nguyen2@oude.edu.vn', 'PD'),
	('loc.nth@ou.edu.vn', 'PD'),
	('luat.pham@oude.edu.vn', 'PD'),
	('Van.vtm@ou.edu.vn', 'PD'),
	('admin@oude.edu.vn', 'PG'),
	('duy.nguyen2@oude.edu.vn', 'PG'),
	('loc.nth@ou.edu.vn', 'PG'),
	('luat.pham@oude.edu.vn', 'PG'),
	('Van.vtm@ou.edu.vn', 'PG'),
	('admin@oude.edu.vn', 'PL'),
	('duy.nguyen2@oude.edu.vn', 'PL'),
	('loc.nth@ou.edu.vn', 'PL'),
	('luat.pham@oude.edu.vn', 'PL'),
	('Van.vtm@ou.edu.vn', 'PL'),
	('admin@oude.edu.vn', 'PN'),
	('duy.nguyen2@oude.edu.vn', 'PN'),
	('loc.nth@ou.edu.vn', 'PN'),
	('luat.pham@oude.edu.vn', 'PN'),
	('Van.vtm@ou.edu.vn', 'PN'),
	('admin@oude.edu.vn', 'PQ'),
	('duy.nguyen2@oude.edu.vn', 'PQ'),
	('lehongpq@gmail.com', 'PQ'),
	('loc.nth@ou.edu.vn', 'PQ'),
	('luat.pham@oude.edu.vn', 'PQ'),
	('ngaphuai2000@gmail.com', 'PQ'),
	('sonthicdspst@gmail.com', 'PQ'),
	('Van.vtm@ou.edu.vn', 'PQ'),
	('admin@oude.edu.vn', 'PT'),
	('duy.nguyen2@oude.edu.vn', 'PT'),
	('loc.nth@ou.edu.vn', 'PT'),
	('luat.pham@oude.edu.vn', 'PT'),
	('Van.vtm@ou.edu.vn', 'PT'),
	('admin@oude.edu.vn', 'PV'),
	('duy.nguyen2@oude.edu.vn', 'PV'),
	('loc.nth@ou.edu.vn', 'PV'),
	('luat.pham@oude.edu.vn', 'PV'),
	('Van.vtm@ou.edu.vn', 'PV'),
	('admin@oude.edu.vn', 'PY'),
	('duy.nguyen2@oude.edu.vn', 'PY'),
	('loc.nth@ou.edu.vn', 'PY'),
	('luat.pham@oude.edu.vn', 'PY'),
	('Van.vtm@ou.edu.vn', 'PY'),
	('admin@oude.edu.vn', 'Q1'),
	('duy.nguyen2@oude.edu.vn', 'Q1'),
	('loc.nth@ou.edu.vn', 'Q1'),
	('luat.pham@oude.edu.vn', 'Q1'),
	('Van.vtm@ou.edu.vn', 'Q1'),
	('admin@oude.edu.vn', 'Q2'),
	('duy.nguyen2@oude.edu.vn', 'Q2'),
	('loc.nth@ou.edu.vn', 'Q2'),
	('luat.pham@oude.edu.vn', 'Q2'),
	('Van.vtm@ou.edu.vn', 'Q2'),
	('admin@oude.edu.vn', 'Q4'),
	('duy.nguyen2@oude.edu.vn', 'Q4'),
	('loc.nth@ou.edu.vn', 'Q4'),
	('luat.pham@oude.edu.vn', 'Q4'),
	('Van.vtm@ou.edu.vn', 'Q4'),
	('admin@oude.edu.vn', 'Q5'),
	('duy.nguyen2@oude.edu.vn', 'Q5'),
	('loc.nth@ou.edu.vn', 'Q5'),
	('luat.pham@oude.edu.vn', 'Q5'),
	('Van.vtm@ou.edu.vn', 'Q5'),
	('admin@oude.edu.vn', 'Q6'),
	('duy.nguyen2@oude.edu.vn', 'Q6'),
	('loc.nth@ou.edu.vn', 'Q6'),
	('luat.pham@oude.edu.vn', 'Q6'),
	('Van.vtm@ou.edu.vn', 'Q6'),
	('admin@oude.edu.vn', 'Q8'),
	('duy.nguyen2@oude.edu.vn', 'Q8'),
	('loc.nth@ou.edu.vn', 'Q8'),
	('luat.pham@oude.edu.vn', 'Q8'),
	('Van.vtm@ou.edu.vn', 'Q8'),
	('admin@oude.edu.vn', 'Q9'),
	('duy.nguyen2@oude.edu.vn', 'Q9'),
	('loc.nth@ou.edu.vn', 'Q9'),
	('luat.pham@oude.edu.vn', 'Q9'),
	('Van.vtm@ou.edu.vn', 'Q9'),
	('admin@oude.edu.vn', 'QG'),
	('duy.nguyen2@oude.edu.vn', 'QG'),
	('loc.nth@ou.edu.vn', 'QG'),
	('luat.pham@oude.edu.vn', 'QG'),
	('Van.vtm@ou.edu.vn', 'QG'),
	('admin@oude.edu.vn', 'QH'),
	('duy.nguyen2@oude.edu.vn', 'QH'),
	('loc.nth@ou.edu.vn', 'QH'),
	('luat.pham@oude.edu.vn', 'QH'),
	('Van.vtm@ou.edu.vn', 'QH'),
	('admin@oude.edu.vn', 'QP'),
	('duy.nguyen2@oude.edu.vn', 'QP'),
	('loc.nth@ou.edu.vn', 'QP'),
	('luat.pham@oude.edu.vn', 'QP'),
	('Van.vtm@ou.edu.vn', 'QP'),
	('admin@oude.edu.vn', 'SB'),
	('duy.nguyen2@oude.edu.vn', 'SB'),
	('loc.nth@ou.edu.vn', 'SB'),
	('luat.pham@oude.edu.vn', 'SB'),
	('Van.vtm@ou.edu.vn', 'SB'),
	('admin@oude.edu.vn', 'SD'),
	('duy.nguyen2@oude.edu.vn', 'SD'),
	('loc.nth@ou.edu.vn', 'SD'),
	('luat.pham@oude.edu.vn', 'SD'),
	('Van.vtm@ou.edu.vn', 'SD'),
	('admin@oude.edu.vn', 'SG'),
	('duy.nguyen2@oude.edu.vn', 'SG'),
	('loc.nth@ou.edu.vn', 'SG'),
	('luat.pham@oude.edu.vn', 'SG'),
	('Van.vtm@ou.edu.vn', 'SG'),
	('admin@oude.edu.vn', 'ST'),
	('admin@oude.edu.vn', 'T1'),
	('duy.nguyen2@oude.edu.vn', 'T1'),
	('loc.nth@ou.edu.vn', 'T1'),
	('luat.pham@oude.edu.vn', 'T1'),
	('Van.vtm@ou.edu.vn', 'T1'),
	('admin@oude.edu.vn', 'T2'),
	('duy.nguyen2@oude.edu.vn', 'T2'),
	('loc.nth@ou.edu.vn', 'T2'),
	('luat.pham@oude.edu.vn', 'T2'),
	('Van.vtm@ou.edu.vn', 'T2'),
	('admin@oude.edu.vn', 'T3'),
	('duy.nguyen2@oude.edu.vn', 'T3'),
	('loc.nth@ou.edu.vn', 'T3'),
	('luat.pham@oude.edu.vn', 'T3'),
	('Van.vtm@ou.edu.vn', 'T3'),
	('admin@oude.edu.vn', 'T6'),
	('duy.nguyen2@oude.edu.vn', 'T6'),
	('loc.nth@ou.edu.vn', 'T6'),
	('luat.pham@oude.edu.vn', 'T6'),
	('Van.vtm@ou.edu.vn', 'T6'),
	('admin@oude.edu.vn', 'TA'),
	('duy.nguyen2@oude.edu.vn', 'TA'),
	('loc.nth@ou.edu.vn', 'TA'),
	('luat.pham@oude.edu.vn', 'TA'),
	('Van.vtm@ou.edu.vn', 'TA'),
	('admin@oude.edu.vn', 'TB'),
	('duy.nguyen2@oude.edu.vn', 'TB'),
	('loc.nth@ou.edu.vn', 'TB'),
	('luat.pham@oude.edu.vn', 'TB'),
	('Van.vtm@ou.edu.vn', 'TB'),
	('admin@oude.edu.vn', 'TC'),
	('duy.nguyen2@oude.edu.vn', 'TC'),
	('loc.nth@ou.edu.vn', 'TC'),
	('luat.pham@oude.edu.vn', 'TC'),
	('Van.vtm@ou.edu.vn', 'TC'),
	('admin@oude.edu.vn', 'TD'),
	('duy.nguyen2@oude.edu.vn', 'TD'),
	('loc.nth@ou.edu.vn', 'TD'),
	('luat.pham@oude.edu.vn', 'TD'),
	('Van.vtm@ou.edu.vn', 'TD'),
	('admin@oude.edu.vn', 'TE'),
	('caothigiang84@gmail.com', 'TE'),
	('duy.nguyen2@oude.edu.vn', 'TE'),
	('loc.nth@ou.edu.vn', 'TE'),
	('luat.pham@oude.edu.vn', 'TE'),
	('myng8388@gmail.com', 'TE'),
	('tuantcktcntn@gmail.com', 'TE'),
	('Van.vtm@ou.edu.vn', 'TE'),
	('admin@oude.edu.vn', 'TG'),
	('duy.nguyen2@oude.edu.vn', 'TG'),
	('loc.nth@ou.edu.vn', 'TG'),
	('luat.pham@oude.edu.vn', 'TG'),
	('Van.vtm@ou.edu.vn', 'TG'),
	('admin@oude.edu.vn', 'TH'),
	('duy.nguyen2@oude.edu.vn', 'TH'),
	('dvdong@btu.edu.vn', 'TH'),
	('loc.nth@ou.edu.vn', 'TH'),
	('luat.pham@oude.edu.vn', 'TH'),
	('ptdung@btu.edu.vn', 'TH'),
	('tqoanh@btu.edu.vn', 'TH'),
	('tvchinh@btu.edu.vn', 'TH'),
	('Van.vtm@ou.edu.vn', 'TH'),
	('admin@oude.edu.vn', 'TL'),
	('duy.nguyen2@oude.edu.vn', 'TL'),
	('loc.nth@ou.edu.vn', 'TL'),
	('luat.pham@oude.edu.vn', 'TL'),
	('Van.vtm@ou.edu.vn', 'TL'),
	('admin@oude.edu.vn', 'TM'),
	('duy.nguyen2@oude.edu.vn', 'TM'),
	('loc.nth@ou.edu.vn', 'TM'),
	('lthmay82.vn@gmail.com', 'TM'),
	('luat.pham@oude.edu.vn', 'TM'),
	('minhcsdn2005@gmail.com', 'TM'),
	('tanpham19@yahoo.com', 'TM'),
	('Van.vtm@ou.edu.vn', 'TM'),
	('admin@oude.edu.vn', 'TN'),
	('dung.pgdtanchau@gmail.com', 'TN'),
	('duy.nguyen2@oude.edu.vn', 'TN'),
	('loc.nth@ou.edu.vn', 'TN'),
	('luat.pham@oude.edu.vn', 'TN'),
	('ngovandang1977@gmail.com', 'TN'),
	('trantutayninh55@gmail.com', 'TN'),
	('tttlinh275@gmail.com', 'TN'),
	('Van.vtm@ou.edu.vn', 'TN'),
	('admin@oude.edu.vn', 'TP'),
	('duy.nguyen2@oude.edu.vn', 'TP'),
	('loc.nth@ou.edu.vn', 'TP'),
	('luat.pham@oude.edu.vn', 'TP'),
	('Van.vtm@ou.edu.vn', 'TP'),
	('admin@oude.edu.vn', 'TR'),
	('duy.nguyen2@oude.edu.vn', 'TR'),
	('gdtx.gdtxnhontrach@dongnai.edu.vn', 'TR'),
	('loc.nth@ou.edu.vn', 'TR'),
	('luat.pham@oude.edu.vn', 'TR'),
	('sanggdtx@gmail.com', 'TR'),
	('Van.vtm@ou.edu.vn', 'TR'),
	('admin@oude.edu.vn', 'TT'),
	('duy.nguyen2@oude.edu.vn', 'TT'),
	('loc.nth@ou.edu.vn', 'TT'),
	('luat.pham@oude.edu.vn', 'TT'),
	('Van.vtm@ou.edu.vn', 'TT'),
	('admin@oude.edu.vn', 'TU'),
	('duy.nguyen2@oude.edu.vn', 'TU'),
	('loc.nth@ou.edu.vn', 'TU'),
	('luat.pham@oude.edu.vn', 'TU'),
	('Van.vtm@ou.edu.vn', 'TU'),
	('admin@oude.edu.vn', 'TV'),
	('duy.nguyen2@oude.edu.vn', 'TV'),
	('loc.nth@ou.edu.vn', 'TV'),
	('luat.pham@oude.edu.vn', 'TV'),
	('Van.vtm@ou.edu.vn', 'TV'),
	('admin@oude.edu.vn', 'TW'),
	('duy.nguyen2@oude.edu.vn', 'TW'),
	('loc.nth@ou.edu.vn', 'TW'),
	('luat.pham@oude.edu.vn', 'TW'),
	('Van.vtm@ou.edu.vn', 'TW'),
	('admin@oude.edu.vn', 'UB'),
	('duy.nguyen2@oude.edu.vn', 'UB'),
	('loc.nth@ou.edu.vn', 'UB'),
	('luat.pham@oude.edu.vn', 'UB'),
	('Van.vtm@ou.edu.vn', 'UB'),
	('admin@oude.edu.vn', 'UT'),
	('duy.nguyen2@oude.edu.vn', 'UT'),
	('loc.nth@ou.edu.vn', 'UT'),
	('luat.pham@oude.edu.vn', 'UT'),
	('Van.vtm@ou.edu.vn', 'UT'),
	('admin@oude.edu.vn', 'VD'),
	('duy.nguyen2@oude.edu.vn', 'VD'),
	('loc.nth@ou.edu.vn', 'VD'),
	('luat.pham@oude.edu.vn', 'VD'),
	('Van.vtm@ou.edu.vn', 'VD'),
	('admin@oude.edu.vn', 'VL'),
	('duy.nguyen2@oude.edu.vn', 'VL'),
	('loc.nth@ou.edu.vn', 'VL'),
	('luat.pham@oude.edu.vn', 'VL'),
	('Van.vtm@ou.edu.vn', 'VL'),
	('admin@oude.edu.vn', 'VM'),
	('duy.nguyen2@oude.edu.vn', 'VM'),
	('khanh.nguyen@caodangvietmy.edu.vn', 'VM'),
	('loc.nth@ou.edu.vn', 'VM'),
	('luat.pham@oude.edu.vn', 'VM'),
	('mai.nguyen@caodangvietmy.edu.vn', 'VM'),
	('thua.nguyen@caodangvietmy.edu.vn', 'VM'),
	('Van.vtm@ou.edu.vn', 'VM'),
	('admin@oude.edu.vn', 'VS'),
	('admin@oude.edu.vn', 'VT'),
	('duy.nguyen2@oude.edu.vn', 'VT'),
	('hongminhgdtx88@gmail.com', 'VT'),
	('loc.nth@ou.edu.vn', 'VT'),
	('luat.pham@oude.edu.vn', 'VT'),
	('minhtrivtau@yahoo.com.vn', 'VT'),
	('Van.vtm@ou.edu.vn', 'VT'),
	('vunggdtx.vt@gmail.com', 'VT'),
	('vynguyen090690@gmail.com', 'VT'),
	('admin@oude.edu.vn', 'WT'),
	('duy.nguyen2@oude.edu.vn', 'WT'),
	('loc.nth@ou.edu.vn', 'WT'),
	('luat.pham@oude.edu.vn', 'WT'),
	('Van.vtm@ou.edu.vn', 'WT'),
	('admin@oude.edu.vn', 'XL'),
	('hai6365@gmail.com', 'XL'),
	('huulocn6@gmail.com', 'XL'),
	('loc.nth@ou.edu.vn', 'XL'),
	('luat.pham@oude.edu.vn', 'XL'),
	('quynhpham.261190@gmail.com.com', 'XL'),
	('Van.vtm@ou.edu.vn', 'XL'),
	('admin@oude.edu.vn', 'XN'),
	('duy.nguyen2@oude.edu.vn', 'XN'),
	('loc.nth@ou.edu.vn', 'XN'),
	('luat.pham@oude.edu.vn', 'XN'),
	('Van.vtm@ou.edu.vn', 'XN'),
	('admin@oude.edu.vn', 'XO'),
	('duy.nguyen2@oude.edu.vn', 'XO'),
	('loc.nth@ou.edu.vn', 'XO'),
	('luat.pham@oude.edu.vn', 'XO'),
	('nguyenvanhieu759@gmail.com', 'XO'),
	('thanhhaittdntn@gmail.com', 'XO'),
	('trongthachng@gmail.com', 'XO'),
	('Van.vtm@ou.edu.vn', 'XO'),
	('admin@oude.edu.vn', 'XP'),
	('duy.nguyen2@oude.edu.vn', 'XP'),
	('loc.nth@ou.edu.vn', 'XP'),
	('luat.pham@oude.edu.vn', 'XP'),
	('Van.vtm@ou.edu.vn', 'XP'),
	('admin@oude.edu.vn', 'XT'),
	('duy.nguyen2@oude.edu.vn', 'XT'),
	('loc.nth@ou.edu.vn', 'XT'),
	('luat.pham@oude.edu.vn', 'XT'),
	('Van.vtm@ou.edu.vn', 'XT'),
	('admin@oude.edu.vn', 'YB'),
	('duy.nguyen2@oude.edu.vn', 'YB'),
	('loc.nth@ou.edu.vn', 'YB'),
	('luat.pham@oude.edu.vn', 'YB'),
	('Van.vtm@ou.edu.vn', 'YB'),
	('admin@oude.edu.vn', 'YK'),
	('duy.nguyen2@oude.edu.vn', 'YK'),
	('loc.nth@ou.edu.vn', 'YK'),
	('luat.pham@oude.edu.vn', 'YK'),
	('Van.vtm@ou.edu.vn', 'YK'),
	('admin@oude.edu.vn', 'YT'),
	('duy.nguyen2@oude.edu.vn', 'YT'),
	('loc.nth@ou.edu.vn', 'YT'),
	('luat.pham@oude.edu.vn', 'YT'),
	('Van.vtm@ou.edu.vn', 'YT');
/*!40000 ALTER TABLE `user_link_unit` ENABLE KEYS */;

-- Dumping structure for table theodoihocphi.user_permission
DROP TABLE IF EXISTS `user_permission`;
CREATE TABLE IF NOT EXISTS `user_permission` (
  `ID` int NOT NULL AUTO_INCREMENT,
  `mail` varchar(200) CHARACTER SET utf8 COLLATE utf8_unicode_ci NOT NULL,
  `permission` varchar(100) CHARACTER SET utf8 COLLATE utf8_unicode_ci NOT NULL,
  PRIMARY KEY (`ID`,`mail`,`permission`),
  KEY `fk_permission_user` (`permission`),
  KEY `fk_user_permission` (`mail`),
  CONSTRAINT `fk_permission_user` FOREIGN KEY (`permission`) REFERENCES `permission` (`permission`) ON DELETE CASCADE ON UPDATE CASCADE,
  CONSTRAINT `fk_user_permission` FOREIGN KEY (`mail`) REFERENCES `user` (`mail`) ON DELETE CASCADE ON UPDATE CASCADE
) ENGINE=InnoDB AUTO_INCREMENT=667 DEFAULT CHARSET=utf8mb3 COLLATE=utf8_unicode_ci;

-- Dumping data for table theodoihocphi.user_permission: ~97 rows (approximately)
/*!40000 ALTER TABLE `user_permission` DISABLE KEYS */;
INSERT INTO `user_permission` (`ID`, `mail`, `permission`) VALUES
	(189, 'luong.nt@ou.edu.vn', 'account'),
	(245, 'luan.mh@ou.edu.vn', 'account'),
	(246, 'van.ntm@ou.edu.vn', 'account'),
	(247, 'thang.nq@ou.edu.vn', 'account'),
	(248, 'vy.ttt@ou.edu.vn', 'account'),
	(292, 'dung.pgdtanchau@gmail.com', 'account'),
	(295, 'vinhtrungcapcongdoanbrvt@gmail.com', 'account'),
	(296, 'bentre_tranhongchau@bentre.edu.vn', 'account'),
	(298, 'loanketoan79@gmail.com', 'account'),
	(301, 'quynhpham.261190@gmail.com.com', 'account'),
	(304, 'tttlinh275@gmail.com', 'account'),
	(311, 'vynguyen090690@gmail.com', 'account'),
	(312, 'duy.nk@ou.edu.vn', 'account'),
	(453, 'duy.nk27021998@gmail.com', 'account'),
	(457, 'sang.pdp@ou.edu.vn', 'account'),
	(461, 'ngaphuai2000@gmail.com', 'account'),
	(467, 'ngochieptcn@yahoo.com.vn', 'account'),
	(608, 'loc.nth@ou.edu.vn', 'account'),
	(609, 'Van.vtm@ou.edu.vn', 'account'),
	(614, 'myng8388@gmail.com', 'account'),
	(619, 'hoangy.dtntpr@ninhthuan.edu.vn', 'account'),
	(620, 'thua.nguyen@caodangvietmy.edu.vn', 'account'),
	(626, 'ptdung@btu.edu.vn', 'account'),
	(627, 'ngocmai.nd208@gmail.com', 'account'),
	(630, 'phanlien818212@gmail.com', 'account'),
	(636, 'lehoangan.cmcc@gmail.com', 'account'),
	(639, 'rongdnchuse@gmail.com', 'account'),
	(640, 'minhthu.bt955@gmail.com', 'account'),
	(650, 'dodangnhan1969@gmail.com', 'account'),
	(653, 'vokhoahg@gmail.com', 'account'),
	(660, 'vothihangpk@gmail.com', 'account'),
	(665, 'nguyenvanhieu759@gmail.com', 'account'),
	(129, 'duy.nguyen2@oude.edu.vn', 'admin'),
	(195, 'admin@oude.edu.vn', 'admin'),
	(294, 'minhtrivtau@yahoo.com.vn', 'ADMIN_DVLK'),
	(297, 'thanhduy041975@gmail.com', 'ADMIN_DVLK'),
	(299, 'hai6365@gmail.com', 'ADMIN_DVLK'),
	(300, 'huulocn6@gmail.com', 'ADMIN_DVLK'),
	(302, 'trantutayninh55@gmail.com', 'ADMIN_DVLK'),
	(303, 'ngovandang1977@gmail.com', 'ADMIN_DVLK'),
	(306, 'lthmay82.vn@gmail.com', 'ADMIN_DVLK'),
	(307, 'tanpham19@yahoo.com', 'ADMIN_DVLK'),
	(309, 'vunggdtx.vt@gmail.com', 'ADMIN_DVLK'),
	(310, 'hongminhgdtx88@gmail.com', 'ADMIN_DVLK'),
	(455, 'sang.pdp@ou.edu.vn', 'ADMIN_DVLK'),
	(460, 'lehongpq@gmail.com', 'ADMIN_DVLK'),
	(462, 'sonthicdspst@gmail.com', 'ADMIN_DVLK'),
	(463, 'huythong0872@gmail.com', 'ADMIN_DVLK'),
	(464, 'baotrongtcn@gmail.com', 'ADMIN_DVLK'),
	(465, 'haiau2407@gmail.com', 'ADMIN_DVLK'),
	(610, 'sanggdtx@gmail.com', 'ADMIN_DVLK'),
	(611, 'gdtx.gdtxnhontrach@dongnai.edu.vn', 'ADMIN_DVLK'),
	(612, 'tuantcktcntn@gmail.com', 'ADMIN_DVLK'),
	(613, 'caothigiang84@gmail.com', 'ADMIN_DVLK'),
	(615, 'dong83otm@gmail.com', 'ADMIN_DVLK'),
	(616, 'dongchequoc6768@gmail.com', 'ADMIN_DVLK'),
	(617, 'hoanguyenquynhgdtx@gmail.com', 'ADMIN_DVLK'),
	(618, 'Nvs0103@gmail.com', 'ADMIN_DVLK'),
	(621, 'khanh.nguyen@caodangvietmy.edu.vn', 'ADMIN_DVLK'),
	(622, 'mai.nguyen@caodangvietmy.edu.vn', 'ADMIN_DVLK'),
	(623, 'tvchinh@btu.edu.vn', 'ADMIN_DVLK'),
	(624, 'tqoanh@btu.edu.vn', 'ADMIN_DVLK'),
	(625, 'dvdong@btu.edu.vn', 'ADMIN_DVLK'),
	(628, 'levannoi.chupah@gmail.com', 'ADMIN_DVLK'),
	(629, 'xuantien.gdtxchupah@gmail.com', 'ADMIN_DVLK'),
	(631, 'pvrsing.tnxp@hcm.edu.vn', 'ADMIN_DVLK'),
	(632, 'huutrung@dtcc.edu.vn', 'ADMIN_DVLK'),
	(633, 'nnthao@dtcc.edu.vn', 'ADMIN_DVLK'),
	(635, 'duongduongcm@yahoo.com', 'ADMIN_DVLK'),
	(637, 'nguyenvanducgl@gmail.com', 'ADMIN_DVLK'),
	(638, 'kimthanhcse@gmail.com', 'ADMIN_DVLK'),
	(641, 'thanhhuyen091983@gmail.com', 'ADMIN_DVLK'),
	(642, 'thaoly19011978@gmail.com', 'ADMIN_DVLK'),
	(643, 'vythaodnlg@gmail.com', 'ADMIN_DVLK'),
	(644, 'hongcam36@gmail.com', 'ADMIN_DVLK'),
	(645, 'minhcsdn2005@gmail.com', 'ADMIN_DVLK'),
	(646, 'xuyenphan611@gmail.com', 'ADMIN_DVLK'),
	(647, 'ntknga@dtcc.edu.vn', 'ADMIN_DVLK'),
	(648, 'thaodien23071981@gmail.com', 'ADMIN_DVLK'),
	(649, 'namhoang.qd4@gmail.com', 'ADMIN_DVLK'),
	(651, 'liemnh@haugiang.edu.vn', 'ADMIN_DVLK'),
	(652, 'muoinv.gdtxtinh@haugiang.edu.vn', 'ADMIN_DVLK'),
	(654, 'ntnha.gdtxbd@gmail.com', 'ADMIN_DVLK'),
	(655, 'tranducduoc1973@gmail.com', 'ADMIN_DVLK'),
	(656, 'danghanh0111@gmail.com', 'ADMIN_DVLK'),
	(657, 'vovantienttgl@gmail.com', 'ADMIN_DVLK'),
	(658, 'levanthuanpleiku@gmail.com', 'ADMIN_DVLK'),
	(659, 'vovanthuygdtxgialai@gmail.com', 'ADMIN_DVLK'),
	(661, 'buihuygiapgl@gmail.com', 'ADMIN_DVLK'),
	(662, 'thanhhaittdntn@gmail.com', 'ADMIN_DVLK'),
	(664, 'trongthachng@gmail.com', 'ADMIN_DVLK'),
	(666, 'misshonglinh02@gmail.com', 'ADMIN_DVLK'),
	(187, 'phuoc.nk@ou.edu.vn', 'hoc_lieu'),
	(186, 'khang.lnq@ou.edu.vn', 'leader'),
	(188, 'phuoc.nk@ou.edu.vn', 'leader'),
	(244, 'thao.nta@ou.edu.vn', 'leader'),
	(308, 'luat.pham@oude.edu.vn', 'QLV');
/*!40000 ALTER TABLE `user_permission` ENABLE KEYS */;

/*!40101 SET SQL_MODE=IFNULL(@OLD_SQL_MODE, '') */;
/*!40014 SET FOREIGN_KEY_CHECKS=IF(@OLD_FOREIGN_KEY_CHECKS IS NULL, 1, @OLD_FOREIGN_KEY_CHECKS) */;
/*!40101 SET CHARACTER_SET_CLIENT=@OLD_CHARACTER_SET_CLIENT */;
/*!40111 SET SQL_NOTES=@OLD_SQL_NOTES */;
