-- MySQL dump 10.13  Distrib 8.0.27, for Win64 (x86_64)
--
-- Host: localhost    Database: theodoihocphi
-- ------------------------------------------------------
-- Server version	8.0.27

/*!40101 SET @OLD_CHARACTER_SET_CLIENT=@@CHARACTER_SET_CLIENT */;
/*!40101 SET @OLD_CHARACTER_SET_RESULTS=@@CHARACTER_SET_RESULTS */;
/*!40101 SET @OLD_COLLATION_CONNECTION=@@COLLATION_CONNECTION */;
/*!50503 SET NAMES utf8 */;
/*!40103 SET @OLD_TIME_ZONE=@@TIME_ZONE */;
/*!40103 SET TIME_ZONE='+00:00' */;
/*!40014 SET @OLD_UNIQUE_CHECKS=@@UNIQUE_CHECKS, UNIQUE_CHECKS=0 */;
/*!40014 SET @OLD_FOREIGN_KEY_CHECKS=@@FOREIGN_KEY_CHECKS, FOREIGN_KEY_CHECKS=0 */;
/*!40101 SET @OLD_SQL_MODE=@@SQL_MODE, SQL_MODE='NO_AUTO_VALUE_ON_ZERO' */;
/*!40111 SET @OLD_SQL_NOTES=@@SQL_NOTES, SQL_NOTES=0 */;

--
-- Table structure for table `accounting`
--

DROP TABLE IF EXISTS `accounting`;
/*!40101 SET @saved_cs_client     = @@character_set_client */;
/*!50503 SET character_set_client = utf8mb4 */;
CREATE TABLE `accounting` (
  `ID_accounting` varchar(100) CHARACTER SET utf8 COLLATE utf8_unicode_ci NOT NULL DEFAULT '',
  `ma_dvlk` varchar(45) CHARACTER SET utf8 COLLATE utf8_unicode_ci DEFAULT NULL,
  `dvlk` varchar(255) CHARACTER SET utf8 COLLATE utf8_unicode_ci DEFAULT NULL,
  `create_day` date DEFAULT NULL,
  `start_day` date DEFAULT NULL,
  `end_day` date DEFAULT NULL,
  `total` varchar(100) CHARACTER SET utf8 COLLATE utf8_unicode_ci NOT NULL,
  `total_discount` varchar(100) CHARACTER SET utf8 COLLATE utf8_unicode_ci DEFAULT NULL,
  `dvlk_confirm` tinyint(1) DEFAULT NULL,
  `luong_confirm` tinyint(1) DEFAULT NULL,
  `accounting_day` date DEFAULT NULL,
  `user_create` varchar(100) CHARACTER SET utf8 COLLATE utf8_unicode_ci DEFAULT NULL,
  `status` tinyint DEFAULT NULL,
  PRIMARY KEY (`ID_accounting`)
) ENGINE=InnoDB DEFAULT CHARSET=utf8mb3 COLLATE=utf8_unicode_ci;
/*!40101 SET character_set_client = @saved_cs_client */;

--
-- Dumping data for table `accounting`
--

LOCK TABLES `accounting` WRITE;
/*!40000 ALTER TABLE `accounting` DISABLE KEYS */;
INSERT INTO `accounting` VALUES ('TM230101230430','TM','Cao đẳng Long An ( Cơ sở Đồng Tháp Mười )','2023-10-11','2023-01-01','2023-04-30','759720000','200515500',0,0,NULL,'admin@oude.edu.vn',0),('TM230501230831','TM','Cao đẳng Long An ( Cơ sở Đồng Tháp Mười )','2023-10-11','2023-05-01','2023-08-31','651950000','181176000',0,0,NULL,'admin@oude.edu.vn',0);
/*!40000 ALTER TABLE `accounting` ENABLE KEYS */;
UNLOCK TABLES;

--
-- Table structure for table `action`
--

DROP TABLE IF EXISTS `action`;
/*!40101 SET @saved_cs_client     = @@character_set_client */;
/*!50503 SET character_set_client = utf8mb4 */;
CREATE TABLE `action` (
  `action` varchar(100) CHARACTER SET utf8 COLLATE utf8_unicode_ci NOT NULL,
  `descript` varchar(255) CHARACTER SET utf8 COLLATE utf8_unicode_ci DEFAULT NULL,
  PRIMARY KEY (`action`)
) ENGINE=InnoDB DEFAULT CHARSET=utf8mb3 COLLATE=utf8_unicode_ci;
/*!40101 SET character_set_client = @saved_cs_client */;

--
-- Dumping data for table `action`
--

LOCK TABLES `action` WRITE;
/*!40000 ALTER TABLE `action` DISABLE KEYS */;
INSERT INTO `action` VALUES ('accounting','kế toán'),('course_ware','học liệu'),('get_class','Xem lớp'),('guide','hướng dẫn sử dụng'),('list_student','Chi tiết sinh viên'),('one_student','Thông tin 1 sinh viên'),('register','Tạo tài khoản'),('reset_password','thay đổi mật khẩu'),('revenue','Doanh thu'),('search','tìm kiếm'),('statistical','Thống kê'),('subject_register','Kết quả đăng ký môn học');
/*!40000 ALTER TABLE `action` ENABLE KEYS */;
UNLOCK TABLES;

--
-- Table structure for table `choice`
--

DROP TABLE IF EXISTS `choice`;
/*!40101 SET @saved_cs_client     = @@character_set_client */;
/*!50503 SET character_set_client = utf8mb4 */;
CREATE TABLE `choice` (
  `ID` int NOT NULL AUTO_INCREMENT,
  `value` varchar(255) CHARACTER SET utf8 COLLATE utf8_unicode_ci DEFAULT NULL,
  `descript` varchar(255) CHARACTER SET utf8 COLLATE utf8_unicode_ci DEFAULT NULL,
  `type` varchar(10) CHARACTER SET utf8 COLLATE utf8_unicode_ci DEFAULT NULL,
  PRIMARY KEY (`ID`)
) ENGINE=InnoDB AUTO_INCREMENT=12 DEFAULT CHARSET=utf8mb3 COLLATE=utf8_unicode_ci;
/*!40101 SET character_set_client = @saved_cs_client */;

--
-- Dumping data for table `choice`
--

LOCK TABLES `choice` WRITE;
/*!40000 ALTER TABLE `choice` DISABLE KEYS */;
INSERT INTO `choice` VALUES (1,'1','Học kỳ 1','semester'),(2,'2','Học kỳ 2','semester'),(3,'3','Học kỳ 3','semester'),(4,'2015','Năm học 2015 - 2016','schoolyear'),(5,'2016','Năm học 2016 - 2017','schoolyear'),(6,'2017','Năm học 2017 - 2018','schoolyear'),(7,'2018','Năm học 2018 - 2019','schoolyear'),(8,'2019','Năm học 2019 - 2020','schoolyear'),(9,'2020','Năm học 2020 - 2021','schoolyear'),(10,'2021','Năm học 2021 - 2022','schoolyear'),(11,'2022','Năm học 2022 - 2023','schoolyear');
/*!40000 ALTER TABLE `choice` ENABLE KEYS */;
UNLOCK TABLES;

--
-- Table structure for table `guide`
--

DROP TABLE IF EXISTS `guide`;
/*!40101 SET @saved_cs_client     = @@character_set_client */;
/*!50503 SET character_set_client = utf8mb4 */;
CREATE TABLE `guide` (
  `idGuide` int NOT NULL AUTO_INCREMENT,
  `tieuDe` varchar(255) CHARACTER SET utf8 COLLATE utf8_unicode_ci DEFAULT NULL,
  `conTent` text CHARACTER SET utf8 COLLATE utf8_unicode_ci,
  `urlVideo` varchar(255) CHARACTER SET utf8 COLLATE utf8_unicode_ci DEFAULT NULL,
  `urlHinh` varchar(255) CHARACTER SET utf8 COLLATE utf8_unicode_ci DEFAULT NULL,
  PRIMARY KEY (`idGuide`)
) ENGINE=InnoDB AUTO_INCREMENT=10 DEFAULT CHARSET=utf8mb3 COLLATE=utf8_unicode_ci;
/*!40101 SET character_set_client = @saved_cs_client */;

--
-- Dumping data for table `guide`
--

LOCK TABLES `guide` WRITE;
/*!40000 ALTER TABLE `guide` DISABLE KEYS */;
INSERT INTO `guide` VALUES (1,'Tổng quan','\r <iframe src=\"dist/guide_txt/_tongQuan.pdf#toolbar=0\" width=\"100%\" height=\"600px\">\r ',NULL,NULL),(2,'Đăng nhập và Đăng xuất','\n<iframe src=\"dist/guide_txt/_dangNhapdangXuat.pdf#toolbar=0\" width=\"100%\" height=\"600px\">\n',NULL,NULL),(3,'Thông tin lớp và sinh viên','\n<iframe src=\"dist/guide_txt/_thongTinLopVaSinhVien.pdf#toolbar=0\" width=\"100%\" height=\"600px\">\n',NULL,NULL),(4,'Kết quả đăng ký môn học','\n<iframe src=\"dist/guide_txt/_ketQuaDangKyMonHoc.pdf#toolbar=0\" width=\"100%\" height=\"600px\">\n',NULL,NULL),(5,'Doanh Thu','\n<iframe src=\"dist/guide_txt/_xemDoanhThu.pdf#toolbar=0\" width=\"100%\" height=\"600px\">\n',NULL,NULL),(6,'Xem chi tiết 1 sinh viên','\n<iframe src=\"dist/guide_txt/_timKiemMotSinhVien.pdf#toolbar=0\" width=\"100%\" height=\"600px\">\n',NULL,NULL),(7,'Thay đổi mật khẩu','\n <iframe src=\"dist/guide_txt/_doiMatKhau.pdf#toolbar=0\" width=\"100%\" height=\"600px\">\n',NULL,NULL),(8,'Quyết toán','\r <iframe src=\"dist/guide_txt/_quyetToan.pdf\" width=\"100%\" height=\"600px\">\r ',NULL,NULL),(9,'Tổng hợp','\r\n <iframe src=\"dist/guide_txt/_guide_checkPayment.pdf\" width=\"100%\" height=\"600px\">\r\n ',NULL,NULL);
/*!40000 ALTER TABLE `guide` ENABLE KEYS */;
UNLOCK TABLES;

--
-- Table structure for table `link_unit`
--

DROP TABLE IF EXISTS `link_unit`;
/*!40101 SET @saved_cs_client     = @@character_set_client */;
/*!50503 SET character_set_client = utf8mb4 */;
CREATE TABLE `link_unit` (
  `unit` varchar(100) CHARACTER SET utf8 COLLATE utf8_unicode_ci NOT NULL,
  `descript` varchar(255) CHARACTER SET utf8 COLLATE utf8_unicode_ci DEFAULT NULL,
  PRIMARY KEY (`unit`)
) ENGINE=InnoDB DEFAULT CHARSET=utf8mb3 COLLATE=utf8_unicode_ci;
/*!40101 SET character_set_client = @saved_cs_client */;

--
-- Dumping data for table `link_unit`
--

LOCK TABLES `link_unit` WRITE;
/*!40000 ALTER TABLE `link_unit` DISABLE KEYS */;
INSERT INTO `link_unit` VALUES ('_K','Mã địa phương tạm dùng bảo trì dữ liệu'),('_T','Đại học Mở Tp.HCM - VLVH'),('AG','TT GDTX An Giang'),('AP','An Phú - GDTX An Giang'),('BA','Ban Chỉ Huy Quân sự Huyện Bình Chánh'),('BB','Trường Bồi dưỡng giáo dục Huyện Bình Chánh'),('BC','Trường trung cấp nghề Trần Đại Nghĩa'),('BD','TT GDTX Bình Định'),('BE','TT GDNN - GDTX Huyện Nhà Bè'),('BH','Trường TC KTKT Số 2 Biên Hòa'),('BI','Ban Chỉ Huy Quân sự Quận Bình Tân'),('BL','TT GDTX Bạc Liêu'),('BO','TT GDTX Bình Long - BPhước'),('BP','TT GDTX Bình Phước'),('BR','Trường TC KT Kỹ thuật Công Đoàn BR VT'),('BT','TT GDTX Bến Tre'),('BV','TT CT Quận Gò Vấp'),('C3','Trung tâm chính trị quận 3'),('C4','TT CT Quận 4'),('CA','Trường Cao đẳng Long An'),('CC','Trường trung cấp nghề Củ Chi'),('CD','Châu Đốc - GDTX An Giang'),('CG','TT KT TH HN Cần Giờ'),('CH','TT GDTX Chơn Thành-BPhước'),('CL','Trường CĐCĐ Đồng Tháp'),('CM','Trường CĐCĐ Cà Mau'),('CN','TT GDNN - GDTX Q.Thốt Nốt'),('CQ','ĐTTX - Các lớp chính quy chuyển qua'),('CR','TT GDTX Khánh Hòa - Cam ranh'),('CT','Trường ĐH KT Công Nghệ Cần Thơ'),('CV','TT GDTX và HN Côn Đảo'),('CX','Các môn tổ chức học (CTXH Cần Thơ)'),('DA','Trường Trung cấp Nghề Dĩ An'),('DB','Trường Đại Học Bạc Liêu'),('DD','TT GDTX Đắk Nông - Tuy Đức'),('DG','TT GDTX Đắk Nông'),('DH','Cao đẳng Long An ( Cơ sở Đức Hòa )'),('DK','TT GDTX ĐAK LAK'),('DM','TT GDTX Đắk Nông - Đăk Mil'),('DN','TT NN-TH Phan Chu Trinh'),('DR','TT GDTX Đắk Nông - Đăk R\'Lấp'),('DT','TT CT -TP Cao Lãnh'),('EA','CTy Cao Su EaH\'Leo'),('GC','TT TH KT TH HN Cần Giờ'),('GD','TT GDTX Gia Định'),('GI','TT GDNN & GDTX H. Ia Grai - Gia Lai'),('GK','TT GDNN  GDTX huyện K rông Pa'),('GL','TT GDTX Gia Lai'),('GM','TT GDNN -GDTX Huyện Mang Yang - Gia Lai'),('GN','TT GDTX Đắk Nông - Gia Nghĩa'),('GO','TT GDTX Huyện Đăk Pơ - Gia Lai'),('GP','TT GDTX Huyện Chư Păh - Gia Lai'),('GQ','Gò Quao-CĐ Kiên Giang'),('GR','TT GDTX Bạc Liêu-Giá Rai'),('GS','TT GDNN  GDTX Huyện Chư Sê - Gia Lai'),('GU','TT GDNN-GDTX Chư Pưh - Gia Lai'),('GV','Quận Đoàn Gò Vấp'),('HB','TT GDTX Bạc Liêu-Hồng Dân'),('HD','TT GDTX Bạc Liêu-Đông Hải'),('HG','TT GDTX Hậu Giang'),('HM','Trường Trung cấp Bách nghệ TP.HCM'),('HN','Trường CĐ CĐ Hà Nội'),('HT','Trường CĐ Thương Mại và Du Lịch Hà Nội'),('HU','Hội Liên Hiệp Phụ Nữ TPHCM'),('HV','Học viện chính trị khu vực 2'),('HX','Liên minh Hợp tác xã Tp.Hồ Chí Minh'),('KG','Trường CĐ Kiên Giang'),('KH','TT GDTX Khánh Hòa'),('LA','TT GDTX & KTTH Long An'),('LB','Cơ sở 2 Long Bình'),('LC','CĐ Long An - CS Cần giuộc'),('LD','Trường Chính trị Lâm Đồng'),('LG','TT GDTX - GDNN Tx. Lagi - Bình Thuận'),('LH','TT GDTX H. Đức Hòa - Long An'),('LN','TT GDTX Lộc Ninh-BPhước'),('LT','Trung Tâm GDTX Lâm Đồng'),('MC','Chợ Mới - GDTX An Giang'),('MD','TT BD CT H. Đầm Dơi - Cà mau'),('MR','TT GDNN - GDTX HUYỆN M\'ĐRĂK'),('NA','Cao đẳng lương thực thực phẩm Đà Nẵng'),('NB','TT GDTX Tỉnh Ninh Bình'),('NH','Cơ Sở 5 - Ninh Hoà'),('NT','TT GDTX - HN Tỉnh Ninh Thuận'),('NU','Phân hiệu Học viện Phụ Nữ Việt Nam'),('NV','TT BD CB CC-VC Vũng Tàu'),('NX','TT GDTX Thanh Niên Xung Phong'),('OM','TT GDTX Quận Ô Môn'),('PB','TT GDTX Bạc Liêu-Phước Long'),('PD','TT GD XHLĐ Phú Đức'),('PG','TT GDTX Huyện Cần Giờ'),('PL','TT GDTX Phước Long-BPhước'),('PN','TT CT Q.Phú Nhuận'),('PQ','Phú Quốc-CĐ Kiên Giang'),('PT','TT CT Quận Tân Phú'),('PV','Phú Văn - GDTX Gia Định'),('PY','TT GDTX Phú Yên'),('Q1','TT CT Quận 1'),('Q2','Trường CĐN Thủ Thiêm - TPHCM'),('Q4','Ban Chỉ Huy Quân sự Quận 4'),('Q5','TT CT Quận 5'),('Q6','TT GDNN - GDTX Quận 6'),('Q8','TT BDCT Quận 8'),('Q9','Vĩnh Long - QK9'),('QG','Ban Chỉ Huy Quân sự Quận Gò Vấp'),('QH','Ban Chỉ Huy Quân sự Huyện Hóc Môn'),('QP','Ban Chỉ Huy Quân sự Quận Phú Nhuận'),('SB','Cơ Sở 3 Bình Dương'),('SD','Trường CT Đồng Tháp'),('SG','Trường TC DL và KS Sài Gòn Tourist'),('ST','TRƯỜNG ĐH SP TDTT TPHCM'),('T1','Trường ĐT-GQVL Số 1'),('T2','Trường ĐT-GQVL Số 2'),('T3','Trường ĐT-GQVL Số 3'),('T6','Trường ĐT-GQVL Số 6'),('TA','TT DN H.Tánh Linh - B.Thuận'),('TB','TT CT Quận Tân Bình'),('TC','Tân Châu - GDTX An Giang'),('TD','Công Ty Cao Su Dau Tieng'),('TE','Trường Trung cấp Tây Nguyên'),('TG','TT GDTX Tiền Giang'),('TH','Tr.CĐCĐ Bình Thuận'),('TL','TT GDTX Q.Thới Lai - Cần Thơ'),('TM','Cao đẳng Long An ( Cơ sở Đồng Tháp Mười )'),('TN','TT GDTX Tây Ninh'),('TP','Trường Đại Học Mở TP.HCM'),('TR','TT GDTX Nhơn Trạch - ĐNai'),('TT','TT GDTX Tôn Đức Thắng, TP.HCM'),('TU','Trường ĐT-GQVL Số 4'),('TV','Trường ĐH Trà Vinh'),('TW','TT GDTX Quận 12'),('UB','UBDS BM & TE'),('UT','Trường TC Nghề Tân Uyên'),('VD','Trường Cao đẳng Viễn Đông'),('VL','Trường CĐCĐ Vĩnh Long'),('VM','Trường Cao đẳng Việt - Mỹ'),('VS','Trường Cao Đẳng Nghề Việt Nam - Singapore'),('VT','TT GDTX Vũng Tàu'),('WT','Trường DN Quận 12'),('XL','TT GDNN GDTX  H. Xuân Lộc (ĐN)'),('XN','Liên Minh HTX Đồng Nai'),('XO','TT GDNN GDTX H.Thống Nhất-ĐNai'),('XP','Trường ĐT Và GQVL Số 5'),('XT','Liên Minh HTX Đồng Tháp'),('YB','TT ĐTBDCBDS-Bộ Y Tế (B.Tre)'),('YK','TT ĐTBDCBDS-Bộ Y Tế (K.Giang)'),('YT','TT ĐTBDCB Dân Số - Y Tế');
/*!40000 ALTER TABLE `link_unit` ENABLE KEYS */;
UNLOCK TABLES;

--
-- Table structure for table `link_unit_accounting`
--

DROP TABLE IF EXISTS `link_unit_accounting`;
/*!40101 SET @saved_cs_client     = @@character_set_client */;
/*!50503 SET character_set_client = utf8mb4 */;
CREATE TABLE `link_unit_accounting` (
  `unit` varchar(100) CHARACTER SET utf8 COLLATE utf8_unicode_ci NOT NULL,
  `id_class` varchar(45) CHARACTER SET utf8 COLLATE utf8_unicode_ci NOT NULL,
  `id_group` varchar(45) CHARACTER SET utf8 COLLATE utf8_unicode_ci DEFAULT NULL,
  `class_name` varchar(300) CHARACTER SET utf8 COLLATE utf8_general_ci DEFAULT NULL,
  `percent_accounting` varchar(45) CHARACTER SET utf8 COLLATE utf8_unicode_ci DEFAULT NULL,
  PRIMARY KEY (`unit`,`id_class`),
  CONSTRAINT `fk_link_account` FOREIGN KEY (`unit`) REFERENCES `link_unit` (`unit`)
) ENGINE=InnoDB DEFAULT CHARSET=utf8mb3 COLLATE=utf8_unicode_ci;
/*!40101 SET character_set_client = @saved_cs_client */;

--
-- Dumping data for table `link_unit_accounting`
--

LOCK TABLES `link_unit_accounting` WRITE;
/*!40000 ALTER TABLE `link_unit_accounting` DISABLE KEYS */;
INSERT INTO `link_unit_accounting` VALUES ('AG','AG109212','AG101','An Giang - Khóa 2010 - Xây dựng','0'),('AG','AG109312','AG103','An Giang - Khóa 3/2010 - Kinh Tế Luật','0'),('AG','AG110412','AG110','An Giang - Khóa  2011 - Quản trị kinh doanh','0'),('AG','AG110912','AG111','An Giang - Khóa  2011 - Tài Chính Ngân Hàng','0'),('AG','AG11131','AG112','An Giang - Khóa 2/2011 - Kinh Tế Luật','0'),('AG','AG11141','AG113','An Giang - Khóa 2/2011 - Quản trị kinh doanh','0'),('AG','AG11181','AG114','An Giang - Khóa 2/2011 - Kế Toán','0'),('AG','AG11191','AG115','An Giang - Khóa 2/2011 - Tài Chính Ngân Hàng','0'),('AG','AG11231','AG118','An Giang - Khóa  2012 - Kinh Tế Luật','0'),('AG','AG11241','AG116','An Giang - Khóa  2012 - Quản trị kinh doanh','0'),('AG','AG11281','AG117','An Giang - Khóa  2012 - Kế Toán','0'),('AG','AG113212','AG120','An Giang - Khóa  2014 - Xây dựng','0'),('AG','AG113312','AG121','An Giang - Khóa  2014 - Kinh Tế Luật','0'),('AG','AG11341','AG119','An Giang - Khóa  2013 - Quản trị kinh doanh','0'),('AG','AG113812','AG122','An Giang - Khóa  2014 - Kế Toán','0'),('AG','AG11541','AG123','An Giang - Khóa  2015 - ĐTTX - Quản trị kinh doanh','0'),('AG','AG11581','AG123','An Giang - Khóa  2015 - ĐTTX - Kế Toán','0'),('AG','AG30821','AG301','An Giang - Hệ VLVH - Khóa 9/2008 - Xây dựng','0'),('AG','AG31041','AG303','An Giang - Hệ VLVH - Khóa 2010 - Quản Trị Kinh Doanh','0'),('AG','AG311902','AG304','An Giang - Hệ VLVH - Khóa  2011 - Tài Chính Ngân Hàng','0'),('AG','AG318412','AG305','An Giang - Hệ VLVH - Khóa 2019 - Quản Trị Kinh Doanh','0'),('AG','AG319211','AG306','An Giang - Hệ VLVH - Khóa 2019 - XD DD & CN','0'),('AG','AG419211','AG401','An Giang - Hệ VB2 VLVH  - Khóa 2019 - XD DD & CN','0'),('BA','BA119323','BA101','Bình Chánh - ĐTTX - Khóa 2020 - Luật Kinh Tế','0'),('BB','BB220702','BB201','Trường BDGD H.Bình Chánh - Khóa 2021 - VB2 Ngôn Ngữ Anh','0'),('BC','BC11532','BC101','Trần Đại Nghĩa - ĐTTX - Khóa 2015 - Luật Kinh Tế','0'),('BC','BC11566','BC102','Trần Đại Nghĩa - ĐTTX - Khóa 2015 - XHH-TC&QLNS','0'),('BD','BD110322','BD104','Bình Định - Khóa  2011 - Luật Kinh Tế','0'),('BD','BD11041','BD105','Bình Định - Khóa 2010 - Quản Trị Kinh Doanh','0'),('BD','BD11081','BD106','Bình Định - Khóa 2010 - Kế Toán','0'),('BD','BD11091','BD107','Bình Định - Khóa 2010 - Tài Chính Ngân Hàng','0'),('BD','BD112322','BD111','Bình Định - Khóa  2013 - Luật Kinh Tế','0'),('BD','BD11241','BD108','Bình Định - Khóa 2012 - Quản Trị Kinh Doanh','0'),('BD','BD11262','BD110','Bình Định - Khóa 2012 - Công Tác Xã Hội','0'),('BD','BD11281','BD109','Bình Định - Khóa 2012 - Kế Toán','0'),('BD','BD113323H','BD112','Hoài Nhơn - Bình Định - Khóa  2014 - Luật Kinh Tế','0'),('BD','BD113412','BD115','Bình Định - Khóa 2014 - Quản Trị Kinh Doanh','0'),('BD','BD113812','BD114','Bình Định - Khóa 2014 - Kế Toán','0'),('BD','BD113912','BD113','Bình Định - Khóa 2014 - Tài Chính Ngân Hàng','0'),('BD','BD115322','BD119','Bình Định - Khóa 2016 - Luật Kinh Tế','0'),('BD','BD115412','BD117','Bình Định - Khóa 2016 - Quản Trị Kinh Doanh','0'),('BD','BD115622','BD118','Bình Định - Khóa 2016 - Công Tác Xã Hội','0'),('BD','BD115812','BD116','Bình Định - Khóa 2016 - Kế Toán','0'),('BD','BD116412','BD116','Bình Định - Khóa 2017 - Quản Trị Kinh Doanh','0'),('BD','BD116812','BD117','Bình Định - Khóa 2017 - Kế Toán','0'),('BD','BD213812','BD201','Bình Định - Khóa 2014 - VB.2 - ĐTTX - Kế Toán','0'),('BD','BD216812','BD117','Bình Định - Khóa 2017 - VB.2 - ĐTTX - Kế Toán','0'),('BD','BD319813','BD301','Bình Định - Khóa 2020 - VB1 - VLVH - Kế Toán','0'),('BD','BD419813','BD301','Bình Định - Khóa 2020 - VB2 - VLVH - Kế Toán','0'),('BD','BD513812','BD501','Bình Định - Khóa 2014 - Liên thông ĐH - ĐTTX - Kế Toán','0'),('BD','BD516812','BD117','Bình Định - Khóa 2017 - Liên thông ĐH - ĐTTX - Kế Toán','0'),('BD','BD919813','BD301','Bình Định - Khóa 2020 - Liên thông ĐH - VLVH - Kế Toán','0'),('BD','BD9T19813','BD301','Bình Định - Khóa 2020 - Liên thông TC  - VLVH - Kế Toán','0'),('BE','BE314322','BE301','Nhà Bè - TPHCM - Hệ VLVH - Khóa 2015 - Luật Kinh Tế','0'),('BE','BE317343','BE302','Nhà Bè - TPHCM - Hệ VLVH - Khóa 2018 - Luật học','0'),('BH','BH11032','BH103','Biên Hòa - Khóa 2010 - Luật Kinh Tế','0'),('BH','BH11041','BH104','Biên Hòa - Khóa 2010 - Quản Trị Kinh Doanh','0'),('BH','BH111322','BH106','Biên Hòa - Khóa 2012 - Luật Kinh Tế','0'),('BH','BH111412','BH105','Biên Hòa - Khóa 2012 - Quản Trị Kinh Doanh','0'),('BH','BH11332','BH108','Biên Hòa - Khóa 2013 - Luật Kinh Tế','0'),('BH','BH11341','BH107','Biên Hòa - Khóa 2013 - Quản Trị Kinh Doanh','0'),('BH','BH11432','BH109','Biên Hòa - Khóa 2014 - Luật Kinh Tế','0'),('BH','BH11441','BH110','Biên Hòa - Khóa 2014 - Quản Trị Kinh Doanh','0'),('BH','BH11532','BH111','Biên Hòa - Khóa 2015 - Luật Kinh Tế','0'),('BH','BH11541','BH111','Biên Hòa - Khóa 2015 - Quản Trị Kinh Doanh','0'),('BH','BH11632','BH112','Biên Hòa - Khóa 2017 - VB1 - Luật Kinh Tế','0'),('BH','BH116413','BH115','Biên Hòa - Khóa 2017 - VB1 - Quản Trị Kinh Doanh','0'),('BH','BH11681','BH114','Biên Hòa - Khóa 2017 - VB1 - Kế Toán','0'),('BH','BH117342','BH116','Biên Hòa - Khóa 2018 - VB1 - Luật','0'),('BH','BH118343','BH118','Biên Hòa - Khóa 2019 - VB1 - Luật','0'),('BH','BH118412','BH117','Biên Hòa - Khóa 2019 - VB1 - Quản Trị Kinh Doanh','0'),('BH','BH119343','BH118','Biên Hòa - Khóa 2020 - VB1 - Luật','0'),('BH','BH120342','BH118','Biên Hòa - Khóa 2021 - VB1 - Luật','0'),('BH','BH120412','BH117','Biên Hòa - Khóa 2021 - VB1 - QTKD','0'),('BH','BH121342','BH121','Biên Hòa - Khóa 2022 VB1 - Luật','0'),('BH','BH122341','BH122','Biên Hòa - Khóa 2/2022 VB1 - Luật','0'),('BH','BH21632','BH112','Biên Hòa - Khóa 2017 - VB2 - Luật Kinh Tế','0'),('BH','BH219343','BH118','Biên Hòa - Khóa 2020 - VB2 - Luật','0'),('BH','BH220342','BH118','Biên Hòa - Khóa 2021 - VB2 - Luật','0'),('BH','BH221342','BH121','Biên Hòa - Khóa 2022 - VB2 - Luật','0'),('BH','BH222341','BH122','Biên Hòa - Khóa2/ 2022 VB2 - Luật','0'),('BH','HOC LAI','HL003','Chưa xác định','0'),('BI','BI119322','BI101','BCHQS Bình Tân - Khóa 2020 - VB1 - Luật Kinh Tế','0'),('BI','BI2207011','BI201','BCHQS Bình Tân - Khóa 2020 - VB2 - Ngôn Ngữ Anh','0'),('BL','BL10941','BL104','Bạc Liêu - Khóa 9/2009 - Quản Trị Kinh Doanh','0'),('BL','BL109412','BL105','Bạc Liêu - Khóa 2010 - Quản Trị Kinh Doanh','0'),('BL','BL109812','BL109','Bạc Liêu - Khóa 2010 - Kế Toán','0'),('BL','BL11031','BL111','Bạc Liêu - Khóa 2010 - Kinh Tế Luật','0'),('BL','BL110412','BL112','Bạc Liêu - Khóa 2011 - Quản Trị Kinh Doanh','0'),('BL','BL110612','BL113','Bạc Liêu - Khóa 2011 - Xã Hội Học','0'),('BL','BL110812','BL114','Bạc Liêu - Khóa 2011 - Kế Toán','0'),('BP','BP116343','BP103','Bình Phước - Khóa 2017 - Luật','0'),('BP','BP117342','BP104','Bình Phước - Khóa 2018 - Luật','0'),('BR','BR119223','BR101','Công Đoàn BR Vũng Tàu - Khóa 2020 - XD CN Cấp Thoát nước','0'),('BR','BR120341','BR102','Công Đoàn BR Vũng Tàu - Khóa 2021 - luật','0'),('BR','BR121342','BR103','ĐTTX LUẬT VB1 K 2022 CĐ BÀ RỊA VŨNG TÀU','0'),('BR','BR221342','BR103','ĐTTX LUẬT VB2 K 2022 CĐ BÀ RỊA VŨNG TÀU','0'),('BT','BT31021','BT303','Bến Tre - Hệ VLVH - Khóa 2010 - Xây dựng','0'),('BT','BT31041','BT304','Bến Tre - Hệ VLVH - Khóa 2010 - Quản Trị Kinh Doanh','0'),('BT','BT311412','BT305','Bến Tre - Hệ VLVH - Khóa 2011 - Quản Trị Kinh Doanh','0'),('BT','BT31241',' BT306','Bến Tre - Hệ VLVH - Khóa 2013 - Quản Trị Kinh Doanh','0'),('BT','BT31341','BT307','Bến Tre - Hệ VLVH - Khóa 2/2013 - Quản Trị Kinh Doanh','0'),('BT','BT31441','BT308','Bến Tre - Hệ VLVH - Khóa 2014 - Quản Trị Kinh Doanh','0'),('BT','BT31621','BT311','Bến Tre - Hệ VLVH - Khóa 2016 - Xây Dựng','0'),('BT','BT31661','BT310','Bến Tre - Hệ VLVH - Khóa 2016 - Xã Hội Học','0'),('BT','BT31681','BT309','Bến Tre - Hệ VLVH - Khóa 2016 - Kế Toán','0'),('BT','BT317342','BT313','Bến Tre - Hệ VLVH - Khóa 2018 - Luật','0'),('BT','BT31741','BT312','Bến Tre - Hệ VLVH - Khóa 2017 - Quản Trị Kinh Doanh','0'),('BT','BT319211','BT314','Bến Tre - Hệ VLVH - Khóa 2020 - Xây Dựng DD&CN','0'),('BT','BT319341','BT314','Bến Tre - Hệ VLVH - Khóa 2020 - Luật','0'),('BT','BT319411','BT314','Bến Tre - Hệ VLVH - Khóa 2019 - Quản Trị Kinh Doanh','0'),('BT','BT320341','BT314','Bến Tre - Hệ VLVH - Khóa 2/2020 - Luật','0'),('BT','BT321411','BT318','Bến Tre - Hệ VLVH - Khóa 2022 - Quản Trị Kinh Doanh','0'),('BT','BT321813','BT318','VLVH - KẾ TOÁN - BẾN TRE - K 2022','0'),('BT','BT411313','BT401','Bến Tre - Hệ VLVH.VB2 - Khóa 2012 - Kinh Tế Luật','0'),('BT','BT41481','BT402','Bến Tre - Hệ VLVH.VB2 - Khóa 2014 - Kế Toán','0'),('BT','TP315412','TP374','TP - Khóa 2016 - VLVH - Quản Trị Kinh Doanh','0'),('BV','BV314322','BV301','Gò Vấp - TPHCM - Hệ VLVH - Khóa 2015 - Luật Kinh Tế','0'),('C4','C4221702','C4201','TT CT Quận 4 - Khóa 2022 - VB2 - Ngôn Ngữ Anh','0'),('C4','C4222701','C4202','TT CT Quận 4 - Khóa 2023 - VB2 - Ngôn Ngữ Anh','0'),('CA','CA921813','CA901','LTCĐ - VLVH - KẾ TOÁN  CĐ LONG AN K 2022','0'),('CA','CA9T21813','CA901','LTTC - VLVH - KẾ TOÁN  CĐ LONG AN K 2022','0'),('CC','CC11031','CC101','Củ Chi - Khóa 2010 - Kinh Tế Luật','0'),('CC','CC111312','CC102','Củ Chi - Khóa 2012 - Kinh Tế Luật','0'),('CC','CC11331','CC103','Củ Chi - Khóa 2013 - Kinh Tế Luật','0'),('CC','CC11431','CC104','Củ Chi - Khóa 2014 - Kinh Tế Luật','0'),('CC','CC115312','CC105','Củ Chi - Khóa 2016 - Kinh Tế Luật','0'),('CC','CC117311','CC106','Củ Chi - Khóa 2018 - Kinh Tế Luật','0'),('CC','CC118313','CC107','Củ Chi - Khóa 2019 - Kinh Tế Luật','0'),('CC','CC120312','CC108','Củ Chi - Khóa 2021 - Kinh Tế Luật','0'),('CC','CC122321','CC109','Củ Chi - Khóa 2022 - Luật Kinh Tế','0'),('CC','CC222321','CC109','Củ Chi - Khóa 2022 - VB2 Luật Kinh Tế','0'),('CC','CC222701','CC201','Củ Chi - Khóa 2022 - VB2 Ngôn Ngữ Anh','0'),('CG','CG309323','CG301','Chưa xác định','0'),('CL',' CL 51422',' CL501','Chưa xác định','0'),('CL',' CL11422','  CL114','Chưa xác định','0'),('CL',' CL21421',' CL202','Chưa xác định','0'),('CL',' CL21421B',' CL202B','Chưa xác định','0'),('CL','CL 51421','CL502','Chưa xác định','0'),('CL','CL109412','CL109','CĐCĐ Đồng Tháp - Khóa 2010 - Quản Trị Kinh Doanh','0'),('CL','CL109812','CL111','CĐCĐ Đồng Tháp - Khóa 2010 - Kế Tooán','0'),('CL','CL110212','CL106','CĐCĐ Đồng Tháp - Khóa 2011 (Lớp A) - Xây Dựng','0'),('CL','CL110213','CL107','CĐCĐ Đồng Tháp - Khóa 2/2011 (Lớp B) - Xây Dựng','0'),('CL','CL11031','CL108','CĐCĐ Đồng Tháp - Khóa 2010 - Kinh tế luật','0'),('CL','CL110412','CL110','CĐCĐ Đồng Tháp - Khóa 2011 - Quản Trị Kinh Doanh','0'),('CL','CL111312','CL113','CĐCĐ Đồng Tháp - Khóa 2012 - Kinh tế luật','0'),('CL','CL11181','CL112','CĐCĐ Đồng Tháp - Khóa 2011 - Kế Toán','0'),('CL','CL11421',' CL115','CĐCĐ Đồng Tháp - Khóa 2014 - Xây Dựng Dân Dụng','0'),('CL','CL11422','CL114','CĐCĐ Đồng Tháp - Khóa 2014 - Cấp Thoát Nước','0'),('CL','CL131241','CL301','Chưa xác định','0'),('CL','CL21421','CL201B','CĐCĐ Đồng Tháp - K.2014 - VB.2 (Kỹ thuật) - X/Dựng Dân Dụng','0'),('CL','CL21421B','CL201B','CĐCĐ Đồng Tháp - K.2014 - VB.2 (Kinh tế) - Xây Dựng Dân Dụng','0'),('CL','CL21422','CL201','CĐCĐ Đồng Tháp - K.2014 - VB.2 (Kỹ thuật) - Cấp Thoát Nước','0'),('CL','CL21422B','CL201','CĐCĐ Đồng Tháp - K.2014 - VB.2 (Kinh tế) - Cấp Thoát Nước','0'),('CL','CL31241','CL301','CĐCĐ Đồng Tháp - Hệ VLVH - Khóa 2013 - Quản Trị Kinh Doanh','0'),('CL','CL316413','CL302','CĐCĐ Đồng Tháp - Hệ VLVH - Khóa 2017 - Quản Trị Kinh Doanh','0'),('CL','CL416323','CL401','CĐCĐ Đồng Tháp - VB2 VLVH - Khóa 2017 - Luật Kinh tế (ngân','0'),('CL','CL418702','CL402','CĐCĐ Đồng Tháp - VB2 VLVH - Khóa 2019- NGÔN NGữ ANH','0'),('CL','CL421703','CL403','CĐCĐ Đồng Tháp - VB2 VLVH - Khóa 2022 - NGÔN NGữ ANH','0'),('CL','CL51421','CL501','CĐCĐ Đồng Tháp - Khóa 2014 - L/Thông ĐH - Xây Dựng Dân Dụng','0'),('CL','CL51422','CL201','CĐCĐ Đồng Tháp - Khóa 2014 - Liên Thông ĐH - Cấp Thoát Nước','0'),('CM','CM10921','CM103','Cà Mau - Khóa 9/2009 - Xây Dựng','0'),('CM','CM110212','CM109','Cà Mau - Khóa 2011 - Xây Dựng','0'),('CM','CM11031','CM110','Cà Mau - K 2010 - Kinh Tế Luật','0'),('CM','CM11041','CM111','Cà Mau - K 2010 - Quản Trị Kinh Doanh','0'),('CM','CM11081','CM112','Cà Mau - K 2010 - Kế Toán','0'),('CM','CM110912','CM113','Cà Mau - Khóa 2011 - Tài Chính Ngân Hàng','0'),('CM','CM11131','CM114','Cà Mau - K 2011 - Kinh Tế Luật','0'),('CM','CM11141','CM115','Cà Mau - K.2/2011 - Quản Trị Kinh Doanh','0'),('CM','CM11181','CM116','Cà Mau - K.2/2011 - Kế Toán','0'),('CM','CM11231','CM118','Cà Mau - Khóa 2012 - Kinh Tế Luật','0'),('CM','CM11241','CM117','Cà Mau - Khóa 2012 - Quản Trị Kinh Doanh','0'),('CM','CM11281','CM119','Cà Mau - Khóa 2012 - Kế Toán','0'),('CM','CM11291','CM120','Cà Mau - Khóa 2012 - Tài Chính Ngân Hàng','0'),('CM','CM11321','CM121','Cà Mau - Khóa 2013 - Xây Dựng','0'),('CM','CM11332','CM123','Cà Mau - Khóa 2013 - Luật Kinh Tế','0'),('CM','CM11332P','CM122','Cà Mau (H. Phú Tân - Cà Mau) Khóa 2013 - Luật Kinh Tế','0'),('CM','CM11341','CM125','Cà Mau - Khóa 2013 - Quản Trị Kinh Doanh','0'),('CM','CM11381','CM124','Cà Mau - Khóa 2013 - Kế Toán','0'),('CM','CM11414','CM126','Cà Mau - ĐTTX - Khóa 2014 - Khoa Học Máy Tính','0'),('CM','CM114812','CM127','Cà Mau - ĐTTX - Khóa 2015 - Kế Toán','0'),('CM','CM11532','CM128','Cà Mau - ĐTTX - Khóa 2015 - Luật Kinh Tế','0'),('CM','CM11541','CM128','Cà Mau - ĐTTX - Khóa 2015 - Quản Trị Kinh Doanh','0'),('CM','CM120212','CM130','Cà Mau - ĐTTX - Khóa 2021 - XD DD & CN','0'),('CM','CM21332','CM201','Cà Mau - (ĐTTX-VB.2 - Lớp A.13) Khóa 2013 - Luật Kinh Tế','0'),('CM','CM21332B','CM201B','Cà Mau - (ĐTTX-VB.2 - Lớp B.23) Khóa 2013 - Luật Kinh Tế','0'),('CM','CM21631D','CM202','Cà Mau (H. Đầm Dơi) - Khóa 2016 - VB.2 - Kinh Tế Luật','0'),('CM','CM21632D','CM202','Cà Mau (H. Đầm Dơi) - Khóa 2016 - VB.2 - Luật KT','0'),('CM','CM220212','CM130','Cà Mau - ĐTTX VB2 -  K 2021 - XD DD & CN','0'),('CM','CM311812','CM306','Cà Mau - Hệ VLVH - K 2011 - Kế Toán','0'),('CM','CM320811','CM307','Cà Mau - Hệ VLVH VB1- K 2020 - Kế Toán','0'),('CM','CM321812','CM308','Cà Mau - Hệ VLVH VB1- K 2022 - Kế Toán','0'),('CM','CM920811','CM307','Cà Mau - Hệ VLVH LTCĐ - K 2020 - Kế Toán','0'),('CM','CM9T21812','CM308','Cà Mau - Hệ VLVH LTTC - K 2022 - Kế Toán','0'),('CN','CN11331','CN102','Thốt Nốt - Khóa 9/2013 - Kinh Tế Luật','0'),('CN','CN11731','CN103','Thốt Nốt - Khóa 2017 - Kinh Tế Luật','0'),('CN','CN119313','CN104','Thốt Nốt - Khóa 2020 - Kinh Tế Luật','0'),('CR','KH11081R','KH108','Cam Ranh - Khánh Hòa - Khóa 2010 - Kế Toán','0'),('CT','CT10821','CT101','Cần Thơ - Khóa 9/2008 - Xây Dựng','0'),('CT','CT108212','CT102','Cần Thơ - Khóa 2009 - Xây Dựng','0'),('CT','CT11021','CT106','Cần Thơ - Khóa 2010 - Xây Dựng','0'),('CT','CT11041','CT107','Cần Thơ - Khóa 2010 - Quản Trị Kinh Doanh','0'),('CT','CT11081','CT108','Cần Thơ - Khóa 2010 - Kế Toán','0'),('CT','CT11091','CT109','Cần Thơ - Khóa 2010 - Tài Chính Ngân Hàng','0'),('CT','CT11121','CT110','Cần Thơ - Khóa 2011 - Xây Dựng','0'),('CT','CT111412','CT111','Cần Thơ - Khóa 2012 - Quản Trị Kinh Doanh','0'),('CT','CT11221','CT112','Cần Thơ - Khóa 9/2012 - Xây Dựng','0'),('CT','CT11421','CT113','Cần Thơ - Khóa 9/2014 - Xây Dựng','0'),('CT','CT31041','CT309','Cần Thơ - Hệ VLVH - Khóa 2010 - Quản Trị Kinh Doanh','0'),('CT','CT31090','CT310','Cần Thơ - Hệ VLVH - Khóa 2010 - Tài Chính Ngân Hàng','0'),('CT','CT311812','CT311','Cần Thơ - Hệ VLVH - Khóa 2011 - Kế Toán','0'),('CT','CT311902','CT312','Cần Thơ - Hệ VLVH - Khóa 2011 - Tài Chính Ngân Hàng','0'),('CT','CT31241',' CT313','Cần Thơ - Hệ VLVH - Khóa 2013 - Quản Trị Kinh Doanh','0'),('CT','CT31281','CT314','Cần Thơ - Hệ VLVH - Khóa 2013 - Kế Toán','0'),('CT','CT31290',' CT315','Cần Thơ - Hệ VLVH - Khóa 2013 - Tài Chính Ngân Hàng','0'),('CT','CT31441','CT316','Cần Thơ - Hệ VLVH - Khóa 2014 - Quản Trị Kinh Doanh','0'),('CT','CT410902','CT401','Cần Thơ - Hệ VLVH - Khóa 1/2011 - Tài Chính Ngân Hàng','0'),('CT','CT411902','CT401','Cần Thơ - Hệ VLVH - Khóa 2/2011 - Tài Chính Ngân Hàng','0'),('CT','CT41341','CT403','Cần Thơ - Hệ VLVH (VB.2) - Khóa 1/2013 - Quản Trị Kinh Doanh','0'),('CT','CT41390','CT404','Cần Thơ - Hệ VLVH (VB.2) - Khóa 1/2013 - Tài Chính Ngân Hàng','0'),('CV','CV109322','CV101','Côn Đảo (BR-VT) - Khóa 2010 - Luật Kinh Tế','0'),('CV','CV109812','CV102','Côn Đảo (BR-VT) - Khóa 2010 - Kế Toán','0'),('CX','CX121623','CX101','Các môn tổ chức học ( CTXH Cần thơ)','0'),('DA','DA11041','DA102','Dĩ An - Khóa 2010 - Quản trị kinh doanh','0'),('DA','DA11132','DA103','Dĩ An - Khóa 2011 - Luật Kinh Tế','0'),('DA','DA11232','DA105','Dĩ An - Khóa 2012 - Luật Kinh Tế','0'),('DA','DA11241','DA104','Dĩ An - Khóa 2012 - Quản trị kinh doanh','0'),('DA','DA11332','DA106','Dĩ An - Khóa 2013 - Luật Kinh Tế','0'),('DA','DA11441','DA107','Dĩ An - Khóa 2014 - Quản Trị Kinh Doanh','0'),('DA','DA11632','DA108','Dĩ An - Khóa 2016 - Luật Kinh Tế','0'),('DA','DA21632','DA108','Dĩ An - Khóa 2016 - VB.2 - Luật Kinh Tế','0'),('DG','DG31232','DG301','Đắk Nông/Đăk R\'\' Lấp - Hệ VLVH - Khóa 2013 -Luật Kinh Tế','0'),('DG','DG312322','DG303','Đắk Nông/G.Nghĩa - VLVH - Khóa 2013 -(Khóa 1)- Luật Kinh Tế','0'),('DG','DG31232M','DG302','Đắk Nông/Đăk Mil - Hệ VLVH - Khóa 2013 - Luật Kinh Tế','0'),('DG','DG31332','DG304','Đắk Nông/G.Nghĩa - VLVH - Khóa 2013 -(Khóa 2)- Luật Kinh Tế','0'),('DG','DG314322','DG305','Chưa xác định','0'),('DG','DG314322D','DG305','Đắk Nông/Tuy Đức - VLVH - Khóa 2015 - Luật Kinh Tế','0'),('DG','DG31532','DG306','Đắk Nông/G.Nghĩa - VLVH - Khóa 2015 - Luật Kinh Tế','0'),('DG','DG413322','DG401','Đắk Nông - VLVH (VB.2) - Khóa 2014 - Luật Kinh Tế','0'),('DG','DG416322','DG402','Đắk Nông - VLVH (VB.2) - Khóa 2017 - Luật Kinh Tế','0'),('DH',' DH319342','DH303','Chưa xác định','0'),('DH','DH31032','DH301','Đức Hòa - Hệ VLVH - Khóa 2010 - Luật Kinh Tế','0'),('DH','DH316323','DH302','Đức Hòa - Hệ VLVH - Khóa 2017- Luật Kinh Tế','0'),('DH','DH319342','DH303','Đức Hòa - Hệ VLVH - Khóa 2020- Luật','0'),('DH','DH320341','DH303','Đức Hòa - Hệ VLVH - Khóa 2/2020- Luật','0'),('DH','DH321342','DH305','Đức Hòa - Hệ VLVH VB1 - Khóa 2022 - Luật','0'),('DH','DH322342','DH306','Đức Hòa - Hệ VLVH - Luật VB1 - Khóa 2023 ','0'),('DH','DH421342','DH305','Đức Hòa - Hệ VLVH VB2 - Khóa 2022 - Luật','0'),('DH','DH422342','DH306','Đức Hòa - Hệ VLVH LUẬT  VB2 - Khóa 2023','0'),('DK','DK308413','DK302','ĐAK LAK (Đà Nẵng) - VLVH - Khóa 2009 - Quản trị kinh doanh','0'),('DT','DT11062','DT101','Đồng Tháp - Khóa 2010 - Công tác xã hội','0'),('GC','GC309323','GC301','Cần Giờ - Hệ VLVH - Khóa 2010 - Luật Kinh Tế','0'),('GD','GD11032','GD101','Gia Định - Khóa 2010 - Luật Kinh Tế','0'),('GD','GD111322','GD102','Gia Định - Khóa 2012 - Luật Kinh Tế','0'),('GD','GD11332','GD103','Gia Định - Khóa 2013 - Luật Kinh Tế','0'),('GD','GD11432','GD104','Gia Định - Khóa 2014 - Luật Kinh Tế','0'),('GD','GD11462','GD105','Gia Định - Khóa 2014 - Công tác xã hội - Bù Gia Mập','0'),('GD','GD115322','GD106','Gia Định - Khóa 2016 - Luật Kinh Tế','0'),('GD','GD115622','GD107','Gia Định - Khóa 2016 - Công tác xã hội','0'),('GD','GD116622','GD108','Gia Định - Khóa 2017 - Công tác xã hội - Bù Gia Mập','0'),('GD','GD117622','GD109','Gia Định - Khóa 2018 - Công tác xã hội - Hớn Quản','0'),('GD','GD118622','GD110','Gia Định - Khóa 2019 - Công tác xã hội - Bù Gia Mập','0'),('GD','GD118623','GD111','Gia Định - Khóa 2019 - Công tác xã hội - Bến Cát','0'),('GI','GL11634I','GL105','Ia Grai/Gia Lai - ĐTTX - Khóa 2016 - Luật','0'),('GL',' GL319341','GL305','Chưa xác định','0'),('GL','GL11041','GL103','Gia Lai - Khóa 2010 - Quản Trị Kinh Doanh','0'),('GL','GL11081','GL104','Gia Lai - Khóa 2010 - Kế Toán','0'),('GL','GL118343O','GL109','Đak Pơ/ Gia Lai - Khóa 2019 - ĐTTX - VB1 - Luật','0'),('GL','GL317343','GL301','Gia Lai - Khóa 1/2018 - Luật','0'),('GL','GL318341','GL301','Gia Lai - Khóa 2/2018 - Luật','0'),('GL','GL318343','GL303','Gia Lai - Khóa 1/2019 - Luật','0'),('GL','GL3183432','GL303','Gia Lai - Khóa 2/2019 - Luật','0'),('GL','GL319341','GL303','Gia Lai - Khóa 3/2019 - Luật','0'),('GM','GL119343M','GL110','Mang Yang/ Gia Lai - Khóa 2020 - ĐTTX - VB1 - Luật','0'),('GP',' GL119343P','GL111','Chưa xác định','0'),('GP','GL116342P','GL107','Chư Păh / Gia Lai - Khóa 2017 - ĐTTX - VB1 - Luật','0'),('GP','GL117341U','GL108','Chư Pư / Gia Lai - Khóa 2018 - ĐTTX - VB1 - Luật','0'),('GP','GL119343P','GL111','Chư Păh / Gia Lai - Khóa 2020 - ĐTTX - VB1 - Luật','0'),('GS','GL116342S','GL106','Chư Sê / Gia Lai - Khóa 2017 - ĐTTX - VB1 - Luật','0'),('GS','GL120343S','GL112','Chư Sê / Gia Lai - Khóa 2021- ĐTTX - VB1 - Luật','0'),('HG','HG114212','HG101','Hậu Giang - ĐTTX - Khóa 2015 - Xây Dựng','0'),('HG','HG309312','HG304','TX Hậu Giang - Hệ VLVH - Khóa 2010 - Kinh tế luật','0'),('HG','HG309812','HG305','TX Hậu Giang - Hệ VLVH - Khóa 2010 - Kế Toán','0'),('HG','HG31031','HG306','TX Hậu Giang - Hệ VLVH - Khóa 2/2010 - Kinh tế luật','0'),('HG','HG311322','HG307','TX Hậu Giang - Hệ VLVH - Khóa 2011 - Luật Kinh Tế','0'),('HG','HG311323','HG308','TX Hậu Giang (Ch.Thành) - Hệ VLVH-Khóa 2011-Luật Kinh Tế','0'),('HG','HG319322','HG309','TX Hậu Giang (Ch.Thành) - Hệ VLVH-Khóa 2020-Luật Kinh Tế','0'),('HM','HM110322','HM101','Hóc Môn - Khóa 2010- Luật Kinh Tế','0'),('HM','HM11332','HM102','Hóc Môn - Khóa 2013- Luật Kinh Tế','0'),('HM','HM308812','HM301','Hóc Môn - Hệ VLVH - Khóa 3/2009 - Kế Toán','0'),('HM','HM316342','HM301','Hóc Môn - Hệ VLVH - Khóa 2017 - Luật học','0'),('HM','NX117322','NX104','Nhị Xuân /TNXP - Khóa 2018 - Luật Kinh Tế','0'),('HU','HU120622','HU101','Các môn tổ chức học (huế )','0'),('HV','HV218701','HV201','Học viện chính trị khu vực 2 - Khóa 2019 - VB2 Ngôn Ngữ Anh','0'),('HV','HV219702','HV202','Học viện chính trị khu vực 2 - Khóa 2020 - VB2 Ngôn Ngữ Anh','0'),('HV','HV220702','HV203','Học viện chính trị khu vực 2 - Khóa 2021 - VB2 Ngôn Ngữ Anh','0'),('KG','KG110212','KG103','Kiên Giang - Khóa 2010 - Xây Dựng','0'),('KG','KG11032','KG104','Kiên Giang - Khóa 2010 - Luật Kinh tế','0'),('KG','KG111412','KG105','Kiên Giang - Khóa 2012 - Quản trị kinh doanh','0'),('KG','KG11321','KG108','Kiên Giang - Khóa 2013 - Xây Dựng','0'),('KG','KG11341','KG106','Kiên Giang - Khóa 2013 - Quản Trị Kinh Doanh','0'),('KG','KG11381','KG107','Kiên Giang - Khóa 2013 - Kế Toán','0'),('KG','KG116412','KG109','Kiên Giang - Khóa 2017 - Quản Trị Kinh Doanh','0'),('KG','KG31032','KG302','Kiên Giang - VLVH - Khóa 2010 - Luật kinh tế','0'),('KG','KG31090','KG303','Kiên Giang - VLVH - Khóa 2010 - Tài Chính Ngân Hàng','0'),('KG','KG311322','KG304','Kiên Giang - VLVH - Khóa 2011 - Luật kinh tế','0'),('KG','KG311902','KG305','Kiên Giang - VLVH - Khóa 2011 - Tài Chính Ngân Hàng','0'),('KG','KG31332','KG306','Kiên Giang - VLVH - Khóa 2013 - Luật kinh tế','0'),('KG','KG31390','KG307','Kiên Giang - VLVH - Khóa 2013 - Tài Chính Ngân Hàng','0'),('KG','KG31432','KG308','Kiên Giang - VLVH - Khóa 2014 - Luật kinh tế','0'),('KH','KH10921','KH101','Khánh Hòa - Khóa 2009 - Xây dựng','0'),('KH','KH110212','KH104','Khánh Hòa - Khóa 2011 - Xây Dựng','0'),('KH','KH11031','KH105','Khánh Hòa - Khóa 2010 - Kinh Tế Luật','0'),('KH','KH110312','KH106','Khánh Hòa - Khóa 2011 - Kinh Tế Luật','0'),('KH','KH11041','KH107','Khánh Hòa - Khóa 2010 - Quản Trị Kinh Doanh','0'),('KH','KH110412','KH109','Khánh Hòa - Khóa 2011 - Quản Trị Kinh Doanh','0'),('KH','KH111212','KH112','Khánh Hòa - Khóa 2012 - Xây Dựng','0'),('KH','KH111322','KH111','Khánh Hòa - Khóa 2012 - Luật Kinh Tế','0'),('KH','KH111412','KH110','Khánh Hòa - Khóa 2012 - Quản Trị Kinh Doanh','0'),('KH','KH112322','KH113','Khánh Hòa - Khóa 2013 - Luật Kinh Tế','0'),('KH','KH112412','KH112','Khánh Hòa - Khóa 2013 - Quản Trị Kinh Doanh','0'),('KH','KH11321','KH115','Khánh Hòa - Khóa 2013 -  Xây Dựng','0'),('KH','KH11332','KH117','Khánh Hòa - Khóa 2/2013 - Luật Kinh Tế','0'),('KH','KH113322','KH120','Khánh Hòa - Khóa 2014 - Luật Kinh Tế','0'),('KH','KH11341','KH116','Khánh Hòa - Khóa 2/2013 - Quản Trị Kinh Doanh','0'),('KH','KH113412','KH119','Khánh Hòa - Khóa 2014 - Quản Trị Kinh Doanh','0'),('KH','KH11362','KH118','Khánh Hòa - Khóa 2014 -  Công Tác Xã Hội','0'),('KH','KH11421','KH121','Khánh Hòa - Khóa 2/2014 -  Xây Dựng','0'),('KH','KH114212','KH124','Khánh Hòa - Khóa 2015 -  Xây Dựng','0'),('KH','KH114322','KH122','Khánh Hòa - Khóa 2015 - Luật Kinh Tế','0'),('KH','KH114412','KH122','Khánh Hòa - Khóa 2015 - Quản Trị Kinh Doanh','0'),('KH','KH114622','KH125','Khánh Hòa - Khóa 2015 -  Công Tác Xã Hội','0'),('KH','KH11621','KH129','Khánh Hòa - Khóa 2016 - Xây Dựng','0'),('KH','KH11632','KH123','Khánh Hòa - Khóa 2016 - Luật Kinh Tế','0'),('KH','KH116322','KH131','Khánh Hòa - Khóa 2017 - Luật Kinh Tế','0'),('KH','KH11641','KH126','Khánh Hòa - Khóa 2016 - Quản Trị Kinh Doanh','0'),('KH','KH116412','KH130','Khánh Hòa - Khóa 2017 - Quản Trị Kinh Doanh','0'),('KH','KH11662','KH128','Khánh Hòa - Khóa 2016 - Công Tác Xã Hội','0'),('KH','KH117413','KH132','Khánh Hòa - Khóa 2018 - Quản Trị Kinh Doanh','0'),('KH','KH118213','KH134','Khánh Hòa - Khóa 2019 - Xây dựng  DD & CN','0'),('KH','KH118322','KH133','Khánh Hòa - Khóa 2019 - Luật Kinh Tế','0'),('KH','KH119411','KH135','Khánh Hòa - Khóa 2019 - QTKD','0'),('KH','KH119622','KH136','Khánh Hòa - Khóa 2020 - CTXH','0'),('KH','KH120213','KH138','Khánh Hòa - Khóa 2021 - Xây dựng  DD & CN','0'),('KH','KH120411','KH135','Khánh Hòa - Khóa 2020 - QTKD','0'),('KH','KH121412','KH139','Khánh Hòa - Khóa 2022 - QTKD','0'),('KH','KH14622','KH125','Chưa xác định','0'),('KH','KH219622','KH136','Khánh Hòa - Khóa 2020 - VB2 CTXH','0'),('KH','KH220213','KH138','Khánh Hòa - Khóa 2021 - VB2 Xây dựng  DD & CN','0'),('KH','KH31021','KH301','Khánh Hòa - Hệ VHVL - Khóa 2010 - Xây Dựng','0'),('KH','KH519622','KH136','Khánh Hòa - Khóa 2020 - Liên thông CTXH','0'),('KH','KH520213','KH138','Khánh Hòa - Khóa 2021 - Liên thông Xây dựng  DD & CN','0'),('LA','_HOCLAILA','HLLA','Lớp có môn học tổ chức học lại Đào tạo từ xa','0'),('LA','_HOCVUOTLA','LAHV','Lớp có môn học tổ chức học vượt  Đào tạo từ xa','0'),('LA','HỌC LẠI','LA001','Chưa xác định','0'),('LA','LA10981','LA107','Long An - Khóa 2009 - Kế Toán','0'),('LA','LA11031','LA108','Long An - Khóa 2010 - Kinh tế Luật','0'),('LA','LA11041','LA109','Long An - Khóa 2010 - Quản Trị Kinh Doanh','0'),('LA','LA11081','LA110','Long An - Khóa 2010 - Kế Toán','0'),('LA','LA11131','LA111','Long An - Khóa 2011 - Kinh tế Luật','0'),('LA','LA11132G','LA114','Long An (Cần Giuộc) - Khóa 2011 - Luật Kinh tế','0'),('LA','LA11141','LA112','Long An - Khóa 2011 - Quản Trị Kinh Doanh','0'),('LA','LA11181','LA113','Long An - Khóa 2011 - Kế Toán','0'),('LA','LA11231','LA115','Long An - Khóa 2012 - Kinh tế Luật','0'),('LA','LA11241','LA116','Long An - Khóa 2012 - Quản Trị Kinh Doanh','0'),('LA','LA11281','LA117','Long An - Khóa 2012 - Kế Toán','0'),('LA','LA11331','LA119','Long An - Khóa 2013 - Kinh tế Luật','0'),('LA','LA11331M','LA118','Mộc Hoá /Long An - Khóa 2013 - Kinh tế Luật','0'),('LA','LA11432','LA123','Long An - Khóa 2014 - Luật Kinh Tế','0'),('LA','LA11432K','LA120','Kiến Tường/Long An - Khóa 2014 - Luật Kinh Tế','0'),('LA','LA11466K','LA120','Kiến Tường/Long An - Khóa 2014 - Xã Hội Học Cn.TC & QLNS','0'),('LA','LA11481','LA122','Long An - Khóa 2014 (Lớp A)-  Kế Toán','0'),('LA','LA11531','LA125','Long An - ĐTTX - Khóa 2015 - Kinh Tế Luật','0'),('LA','LA11541','LA124','Long An - ĐTTX - Khóa 2015 - Quản Trị Kinh Doanh','0'),('LA','LA116343','LA128','Long An - ĐTTX - Khóa 2017 - Luật','0'),('LA','LA11666','LA127','Long An - ĐTTX - Khóa 2016 - XHH cn Tổ Chức & Q.Lý Nhân Sự','0'),('LA','LA21432A','LA202','Long An - ĐTTX  VB.2 (A.30) - K. 2014 - Luật Kinh Tế','0'),('LA','LA21432B','LA202B','Long An - ĐTTX  VB.2 (B.13) - K. 2014 - Luật Kinh Tế','0'),('LA','LA21481','LA201','Long An - ĐTTX  VB.2 (Lớp B) K. 2014 - Kế Toán','0'),('LA','LA21531','LA203','Long An - ĐTTX  VB.2 - Khóa 2015 - Kinh Tế Luật','0'),('LA','LA21541','LA204','Long An - ĐTTX  VB.2 - Khóa 2015 - Quản Trị Kinh Doanh','0'),('LA','LA51481','LA501','Long An - ĐTTX  LT Đại Học (Lớp C)-  Khóa 2014 - Kế Toán','0'),('LA','LA51541','LA502','Long An - ĐTTX  LT Đại Học - Khóa 2015 - Quản Trị Kinh Doanh','0'),('LB','LB113322','LB101','Long Bình - Khóa 2014 - Luật Kinh Tế','0'),('LC','LC420703','LC401','CĐ LONG AN - CS cần giuộc VLVH K 2021','0'),('LD','LD11041','LD103','Lâm Đồng - Khóa 2010 - Quản trị kinh doanh','0'),('LD','LD11081','LD104','Lâm Đồng - Khóa 2010 - Kế toán','0'),('LD','LD11241','LD105','Lâm Đồng - Khóa 2012 - Quản trị kinh doanh','0'),('LD','LD31032','LD301','Lâm Đồng - Hệ VLVH - Khóa 2010 - Luật kinh tế','0'),('LD','LD311322','LD302','Đạ Tẻh/Lâm Đồng - Hệ VLVH - Khóa 2012 - Luật kinh tế','0'),('LD','LD312412','LD303','Lâm Đồng - Hệ VLVH - Khóa 2013 - Quản trị kinh doanh','0'),('LD','LD31332','LD304','Lâm Đồng - Hệ VLVH - Khóa 2013 - Luật Kinh Tế','0'),('LD','LD314322','LD305','Lâm Đồng - Hệ VLVH - Khóa 2015 - Luật Kinh Tế','0'),('LD','LD31532','LD305','Lâm Đồng - Hệ VLVH - Khóa 2/2015 - Luật Kinh Tế','0'),('LD','LD316323','LD307','Lâm Đồng - Hệ VLVH - Khóa 2017- Luật Kinh Tế','0'),('LG','TH11634L','TH124','Lagi / Bình Thuận - Khóa 2017 - ĐTTX - VB1 - Luật','0'),('LG','TH117813L','TH129','Lagi / Bình Thuận - Khóa 2018 - ĐTTX - VB1 - Kế toán','0'),('LG','TH118341L','TH132','Lagi / Bình Thuận - Khóa 2019 - ĐTTX - VB1 - Luật','0'),('LG','TH217813L','TH214','Lagi / Bình Thuận - Khóa 2018 - ĐTTX - VB2 - Kế toán','0'),('LG','TH517813L','TH510','Lagi / Bình Thuận - Khóa 2018 - ĐTTX - liên thông - Kế toán','0'),('LH','LA11662H','LA126','Đức Hòa - ĐTTX - Khóa 2016 - Công Tác Xã Hội','0'),('NB','NB118623','NB101','Ninh Bình - Khóa 2019 - Công tác xã hội','0'),('NH','NH10921','NH101','Ninh Hòa - Khóa 2009 - Xây dựng','0'),('NH','NH11031','NH105','Ninh Hòa - Khóa 2011 - Kinh tế luật','0'),('NH','NH11081','NH106','Ninh Hòa - Khóa 2011 - Kế Toán','0'),('NH','NH111322','NH107','Ninh Hòa - Khóa 2012 - Luật Kinh Tế','0'),('NH','NH111622','NH108','Ninh Hòa - Khóa 2012 - Công tác xã hội','0'),('NH','NH112322','NH110','Ninh Hòa - Khóa 2013 - Luật Kinh Tế','0'),('NH','NH11281','NH109','Ninh Hòa - Khóa 9/2012 - Kế Toán','0'),('NH','NH11362','NH111','Ninh Hòa - Khóa 2013 - Công Tác Xã Hội','0'),('NH','NH11381','NH112','Ninh Hòa - Khóa 9/2013 - Kế Toán','0'),('NH','NH11432','NH113','Ninh Hòa - Khóa 2014 - Luật Kinh Tế','0'),('NH','NH11481','NH114','Ninh Hòa - Khóa 2014 - Kế Toán','0'),('NH','NH115342','NH115','Ninh Hòa - Khóa 2016 - Luật','0'),('NH','NH116342','NH116','Ninh Hòa - Khóa 2017 - Luật','0'),('NH','NH117343','NH117','Ninh Hòa - Khóa 2018 - Luật','0'),('NH','NH118343','NH118','Ninh Hòa - Khóa 2019 - Luật','0'),('NH','NH119342','NH118','Ninh Hòa - Khóa 2020 - Luật','0'),('NH','NH119343','NH118','Ninh Hòa - Khóa 2/2020 - Luật','0'),('NH','NH120343','NH121','Ninh Hòa - Khóa 2021 - Luật','0'),('NH','NH121343','NH122','Ninh Hòa - Khóa 2022- Luật','0'),('NT','NT121213','NT101','ĐTTX-VB1 CNKT CT XD CN DD&CN NINH THUẬN K2022','0'),('NT','NT221213','NT101','ĐTTX-VB2 CNKT CT XD CN DD&CN NINH THUẬN K2022','0'),('NT','NT316343','NT301','Ninh Thuận - VLVH - Khóa 2017 - Luật','0'),('NT','NT320341','NT302','Ninh Thuận - VLVH - Khóa 2020 - Luật','0'),('NT','NT521213','NT101','ĐTTX- LTCĐ CNKT CT XD CN DD&CN NINH THUẬN K2022','0'),('NU','NU31061','NU302','Chưa xác định','0'),('NU','NU31262','NU303','Trường CBPN - Hệ VLVH - Khóa 1/2013 - Công Tác Xã Hội','0'),('NU','NU312622','NU304','Trường CBPN - Hệ VLVH - Khóa 2/2013 - Công Tác Xã Hội','0'),('NU','NU31462','NU305','Trường CBPN - Hệ VLVH - Khóa 2014 - Công Tác Xã Hội','0'),('NU','NU314622','NU305','Trường CBPN - Hệ VLVH - Khóa 2015 - Công Tác Xã Hội','0'),('NX','NX111322','NX101','Nhị Xuân /TNXP - Khóa 2012 - Luật Kinh Tế','0'),('NX','NX113322','NX102','Nhị Xuân /TNXP - Khóa 2014 - Luật Kinh Tế','0'),('NX','NX11532','NX103','Nhị Xuân /TNXP - Khóa 2015 - Luật Kinh Tế','0'),('NX','NX119323','NX105','Nhị Xuân /TNXP - Khóa 2020 - Luật Kinh Tế','0'),('NX','NX221702','NX201','Nhị Xuân /TNXP -VB2- Khóa 2022 - Ngôn Ngữ  Anh','0'),('OM','OM11323','OM101','Chưa xác định','0'),('OM','OM11332','OM101','Ô Môn/Cần Thơ - Khóa 2013 - Luật Kinh Tế','0'),('PG','PG314322','PG301','Cần Giờ - TPHCM - Hệ VLVH - Khóa 2015 - Luật Kinh Tế','0'),('PL','PL10931','PL101','Phước Long/Bình Phước - K 2009 - Kinh tế luật','0'),('PL','PL11231','PL102','Phước Long/Bình Phước - K 2012 - Kinh tế Luật','0'),('PN','PN117321','PN101','Phú Nhuận/HCM - Khóa 2018- Luật Kinh Tế','0'),('PN','PN217321','PN101','Phú Nhuận/HCM - Khóa 2018- VB2 Luật Kinh Tế','0'),('PQ','PQ11032','PQ101','Phú Quốc (Kiên Giang) - Khóa 2010 - Luật Kinh Tế','0'),('PQ','PQ112322','PQ101','Phú Quốc (Kiên Giang) - Khóa 2013 - Luật Kinh Tế','0'),('PQ','PQ11532','PQ103','Phú Quốc (Kiên Giang) - Khóa 2015 - Luật Kinh Tế','0'),('PQ','PQ118321','PQ104','Phú Quốc (Kiên Giang) - Khóa 2018 - Luật Kinh Tế','0'),('PQ','PQ119322','PQ105','Phú Quốc (Kiên Giang) - Khóa 2020 - Luật Kinh Tế','0'),('PQ','PQ121321','PQ106','Phú Quốc (Kiên Giang) - Khóa 2021 - Luật Kinh Tế','0'),('PQ','PQ122322','PQ107','Phú Quốc (Kiên Giang) - Khóa 2023 - Luật Kinh Tế','0'),('PQ','PQ221321','PQ106','Phú Quốc (Kiên Giang) - Khóa 2021 - VB2 Luật Kinh Tế','0'),('PQ','PQ222322','PQ107','Phú Quốc (Kiên Giang) - Khóa 2023 - Luật Kinh Tế VB2','0'),('PT','PT111322','PT101','Tân Phú (TP.HCM) - Khóa 2012 - Luật Kinh Tế','0'),('PY','PY109312','PY101','Phú Yên - Khóa 2010 - Kinh Tế Luật','0'),('PY','PY11121','PY102','Phú Yên - Khóa 2011 - Xây Dựng','0'),('PY','PY11131','PY103','Phú Yên - Khóa 2011 - Kinh Tế Luật','0'),('PY','PY111313','PY109','Phú Yên - Khóa 7/2012 (HK11.3) - Kinh Tế Luật','0'),('PY','PY11141','PY104','Phú Yên - Khóa 2011 - Quản trị kinh doanh','0'),('PY','PY11162','PY106','Phú Yên - Khóa 2011 - (Lớp A) - Công tác xã hội','0'),('PY','PY111623','PY108','Phú Yên - Khóa 7/2012 (HK11.3) - Công tác xã hội','0'),('PY','PY11162B','PY107','Phú Yên - Khóa 2011 - (Lớp B) - Công tác xã hội','0'),('PY','PY11181','PY105','Phú Yên - Khóa 2011 - Kế Toán','0'),('PY','PY113212','PY113','Phú Yên - Khóa 2014 - Xây Dựng','0'),('PY','PY11331','PY110','Phú Yên - Khóa 2013 - Kinh Tế Luật','0'),('PY','PY11341','PY111','Phú Yên - Khóa 2013 - Quản Trị Kinh Doanh','0'),('PY','PY11381','PY112','Phú Yên - Khóa 2013 - Kế Toán','0'),('PY','PY11541','PY114','Phú Yên - Khóa 2015 - Quản Trị Kinh Doanh','0'),('PY','PY314622','PY301','Phú Yên - VLVH - Khóa 2015 - Công Tác Xã Hội','0'),('PY','PY317623','PY302','Phú Yên - VLVH - Khóa 2018 - Công Tác Xã Hội','0'),('Q1','Q111532','Q1101','Chưa xác định','0'),('Q1','Q1115322','Q1101','Quận 1 - ĐTTX - Khóa 2016 - Luật Kinh Tế','0'),('Q1','Q131432','Q1301','Quận 1 - VLVH - Khóa 2014 - Luật Kinh Tế','0'),('Q2','Q2109912','Q2101','Quận 2 - Khóa 3/2010 - Tài Chính Ngân Hàng','0'),('Q2','Q211032','Q2102','Quận 2 - Khóa 2010 - Luật Kinh Tế','0'),('Q2','Q2110412','Q2103','Quận 2 - Khóa 2011 - Quản trị kinh doanh','0'),('Q2','Q2111312','Q2104','Quận 2 - Khóa 2012 - Kinh Tế Luật','0'),('Q2','Q2112812','Q2105','Quận 2 - Khóa 2012 - Kế Toán','0'),('Q2','Q2113312','Q2107','Quận 2 - Khóa 2014 - Kinh Tế Luật','0'),('Q2','Q211332','Q2106','Quận 2 - Khóa 2013 - Luật Kinh Tế','0'),('Q2','Q211532','Q2108','Quận 2 - Khóa 2015 - Luật Kinh Tế','0'),('Q2','Q2116322','Q2109','Quận 2 - Khóa 2017 - Luật Kinh Tế','0'),('Q2','Q2118323','Q2110','Quận 2 - Khóa 2019 - Luật Kinh Tế','0'),('Q2','Q221523','Q2201','Quận 2 - Khóa 2015 - Quản Lý Xây Dựng','0'),('Q4',' Q4119321','Q4101','Chưa xác định','0'),('Q4','Q4119321','Q4101','Quận 4 - Khóa 2019 - Luật Kinh Tế','0'),('Q4','Q42207011','Q4201','Quận 4 - Khóa 2020 - VB2 - Ngôn Ngữ Anh','0'),('Q5','Q5314322','Q5301','Quận 5 - Hệ VLVH - Khóa 2015 - Luật Kinh Tế','0'),('Q5','Q531532','Q5301','Quận 5 - Hệ VLVH - Khóa 2-2015 - Luật Kinh Tế','0'),('Q6','Q6219703','Q6201','Quận 6 - Khóa 2020 - VB2 - Ngôn Ngữ Anh','0'),('Q8','Q811031','Q8101','Quận 8 - Khóa 2010 - Kinh Tế Luật','0'),('Q8','Q8113322','Q8102','Quận 8 - TP.HCM- Khóa 2014 - Luật Kinh Tế','0'),('QG','QG1203221','QG101','BCH QS Gò Vấp - ĐTTX - Khóa 2021 - Luật Kinh Tế','0'),('QG','QG2203421','QG101','BCH QS Gò Vấp - ĐTTX - Khóa 2021 - VB2 - Luật','0'),('QH','QH119323','QH101','BCH QS Hóc môn - ĐTTX - Khóa 2020 - Luật Kinh Tế','0'),('QP','QP121322','QP101','ĐTTX VB1 LUẬT KINH TẾ  BCH QS PHÚ NHUẬN','0'),('SB','_THILAITX1','A1','TP.HCM: tổ chức thi trả nợ hình thức ĐTTX','0'),('SB','S_HOCLAITX','SB_01','Sông Bé - ĐTTX - Khóa 2015 - Luật Kinh Tế (Học và Thi lại)','0'),('SB','S_HOCLAIVL','SB_02','Sông Bé - VLVH - Khóa 2015 - Luật Kinh Tế (Học và Thi lại)','0'),('SB','SB109212','SB101','Sông Bé - Khóa 2010 - Xây Dựng','0'),('SB','SB109412','SB102','Sông Bé - Khóa 2010 - Quản trị kinh doanh','0'),('SB','SB109812','SB103','Sông Bé - Khóa 2010 - Kế Toán','0'),('SB','SB11031','SB104','Sông Bé - Khóa 2/2010 - Kinh Tế Luật','0'),('SB','SB11041','SB105','Sông Bé - Khóa 2/2010 - Quản trị kinh doanh','0'),('SB','SB11141','SB106','Sông Bé - Khóa 2012 - Quản trị kinh doanh','0'),('SB','SB111413','SB107','Sông Bé - Khóa 2/2012 - Quản trị kinh doanh','0'),('SB','SB11232','SB108','Sông Bé - Khóa T.9/2012 - Luật Kinh tế','0'),('SB','SB11332','SB110','Sông Bé - Khóa 2013 - Luật Kinh Tế','0'),('SB','SB113322','SB114','Sông Bé - Khóa 2014 -  K.1/2014 - Luật Kinh Tế','0'),('SB','SB11332B','SB111','Sông Bé - Khóa 2013 (Lớp B) - Luật Kinh Tế','0'),('SB','SB11341','SB109','Sông Bé - Khóa 2013 - Quản Trị Kinh Doanh','0'),('SB','SB113412','SB113','Sông Bé - Khóa 2014 - K.1/2014 - Quản Trị Kinh Doanh','0'),('SB','SB11341B','SB112','Sông Bé - Khóa 2013 (Lớp B) - Quản Trị Kinh Doanh','0'),('SB','SB11421',' SB115','Sông Bé - Khóa 2014 - Xây Dựng','0'),('SB','SB11432','SB117','Sông Bé - Khóa 2014 - K.2/2014 - Luật Kinh Tế','0'),('SB','SB11441','SB116','Sông Bé - Khóa 2014 - K.2/2014 - Quản Trị Kinh Doanh','0'),('SB','SB11532','SB118','Sông Bé - Khóa 2015 - K.1/2015 - Luật Kinh Tế','0'),('SB','SB11541','SB118','Sông Bé - Khóa 2015 - K.1/2015 - Quản Trị Kinh Doanh','0'),('SB','SB116412','SB120','Sông Bé - Khóa 2017 - Quản Trị Kinh Doanh','0'),('SB','SB30890','SB303','Sông Bé - Hệ VHVL - Khóa 9/2008 - Tài Chính Ngân Hàng','0'),('SB','SB309412','SB304','Sông Bé - Hệ VHVL - Khóa 1/2010 - Quản Trị Kinh Doanh','0'),('SB','SB309413','SB305','Sông Bé - Hệ VHVL - Khóa 2/2010 - Quản Trị Kinh Doanh','0'),('SB','SB309813','SB306','Sông Bé - Hệ VHVL - Khóa 2/2010 - Kế Toán','0'),('SB','SB309903','SB307','Sông Bé - Hệ VHVL - Khóa 2/2010 - Tài Chính Ngân Hàng','0'),('SB','SB31041','SB308','Sông Bé - Hệ VHVL - Khóa 3/2010 - Quản Trị Kinh Doanh','0'),('SB','SB31081','SB309','Sông Bé - Hệ VHVL - Khóa 3/2010 -  Kế Toán','0'),('SB','SB31090','SB310','Sông Bé - Hệ VHVL - Khóa 3/2010 - Tài Chính Ngân Hàng','0'),('SB','SB317412','SB311','Sông Bé - Hệ VHVL - Khóa 2018 - Quản Trị Kinh Doanh','0'),('SB','SB319412','SB311','Sông Bé - Hệ VHVL - Khóa 2020 - Quản Trị Kinh Doanh','0'),('SB','TP115132','TP161','TPHCM - Khóa T.3/2016 - Công Nghệ Sinh Học','0'),('SB','TP215132','TP284','TP.HCM - Khóa T.3/2016 - (VB.2-ĐTTX) - CNSH','0'),('SD','SD109312','SD104','Sa Đéc/Đồng Tháp (TCT) - Khóa 2010  Kinh tế luật','0'),('SD','SD109412','SD105','Sa Đéc/Đồng Tháp (TCT) - Khóa 2010 - Quản trị kinh doanh','0'),('SD','SD109812','SD106','Sa Đéc/Đồng Tháp (TCT) - Khóa 2010 - Kế Toán','0'),('SD','SD111322','SD108','Sa Đéc/Đồng Tháp (TCT) - Khóa 2012 - Luật Kinh tế','0'),('SD','SD111412','SD107','Sa Đéc/Đồng Tháp (TCT) - Khóa 2012 - Quản trị kinh doanh','0'),('SG','SG116412','SG101','Chưa xác định','0'),('SG','SG116482','SG101','Sài Gòn Tourist - TP.HCM - Khóa 2017 - QTKD CN QT Du Lịch','0'),('SG','SG117482','SG102','Sài Gòn Tourist - TP.HCM - Khóa 2018 - QTKD CN QT Du Lịch','0'),('SG','SG118482','SG103','Sài Gòn Tourist - TP.HCM - Khóa 2019 - QTKD CN QT Du Lịch','0'),('SG','SG119482','SG104','Sài Gòn Tourist - TP.HCM - Khóa 2020 - QTKD CN QT Du Lịch','0'),('SG','SG120481C','SG105','Sài Gòn Tourist-TP.HCM-Khóa 2/2020-QTKD CN QTDL Lớp Chiều','0'),('SG','SG120481T','SG106','Sài Gòn Tourist-TP.HCM-Khóa 2/2020-QTKD CN QTDL Lớp Tối 1','0'),('SG','SG120481T2','SG107','Sài Gòn Tourist-TP.HCM-Khóa 2/2020-QTKD CN QTDL Lớp Tối 2','0'),('SG','SG120482T','SG109','Sài Gòn Tourist-TP.HCM-Khóa 2021-QTKD CN QTDL Lớp Tối','0'),('SG','SG121483T','SG110','Sài Gòn Tourist-TP.HCM-Khóa 2022-DU LỊCH - Lớp Tối','0'),('SG','SG1224812','SG111','Sài Gòn Tourist-TP.HCM-Khóa 2023-DU LỊCH - Lớp Tối','0'),('ST','ST222703A','ST201','ĐTTX VB2 NGÔN NGỮ ANH ( LỚP A ) - ĐH SP TDTT K 2023','0'),('ST','ST222703B','ST202','ĐTTX VB2 NGÔN NGỮ ANH ( LỚP B ) - ĐH SP TDTT K 2023','0'),('T2','T2110312','T2101','Trường 2 - Lâm Đồng (TNXP) - Khóa 2011 - Kinh tế luật','0'),('T3','T311332','T3101','Trường 3 (Phú Giáo) - Khóa 9/2013 - Luật Kinh tế','0'),('T6','T6109312','T6101','Trường 6 - Đăk Nông (TNXP) - Khóa 2010 - Kinh tế luật','0'),('TB','TB110322','TB101','Tân Bình - TP.HCM - Khóa 2011 - Luật Kinh Tế','0'),('TB','TB113322','TB102','Tân Bình - TP.HCM - Khóa 2014 - Luật Kinh Tế','0'),('TB','TB11532','TB103','Tân Bình - TP.HCM - Khóa 2015 - Luật Kinh Tế','0'),('TB','TB116322','TB104','Chưa xác định','0'),('TB','TB116342','TB104','Tân Bình - TP.HCM - Khóa 2017 - Luật','0'),('TB','TB116412','TB102','Chưa xác định','0'),('TB','TB118341','TB105','Tân Bình - TP.HCM - Khóa 2018 - Luật','0'),('TB','TB120321','TB106','Tân Bình - TP.HCM - Khóa 2020 - Luật Kinh Tế','0'),('TB','TB121342','TB107','Tân Bình - TP.HCM - Khóa 2022 - Luật','0'),('TB','TB122342','TB108','Tân Bình - TP.HCM - Khóa 2023 - Luật VB1','0'),('TB','TB221342','TB107','Tân Bình - TP.HCM - Khóa 2022 - VB2 Luật','0'),('TB','TB222342','TB108','Tân Bình - TP.HCM - Khóa 2023 -  Luật VB2','0'),('TD','TD11262','TD101','Chưa xác định','0'),('TE','TE119343','TE102','Trường TC Tây Nguyên - Luật VB1 K 2020','0'),('TE','TE119343M','TE101','Trường TC Tây Nguyên ( Mở tại TT GDNN - GDTX Huyện MĐRăk )','0'),('TE','TE119413','TE102','Trường TC Tây Nguyên - QTKD VB1 K 2020','0'),('TE','TE119813','TE102','Trường TC Tây Nguyên - Kế Toán VB1 K 2020','0'),('TE','TE120343','TE105','Trường TC Tây Nguyên - Luật VB1 K 201','0'),('TE','TE120413','TE105','Trường TC Tây Nguyên - QTKD VB1 K 2021','0'),('TE','TE120813','TE105','Trường TC Tây Nguyên - Kế Toán VB1 K 2021','0'),('TE','TE121342','TE108','Trường TC Tây Nguyên - Luật VB1 K 2022','0'),('TE','TE121412','TE109','ĐTTX VB1 QTKD VB1 K 2022 TRUNG CẤP TÂY NGUYÊN','0'),('TE','TE121812','TE109','ĐTTX.KẾ TOÁN VB1 K2022 TRUNG CẤP TÂY NGUYÊN','0'),('TE','TE122341','TE111','Trường TC Tây Nguyên - Luật VB1 K 2023','0'),('TE','TE122412','TE112','ĐTTX VB1 QTKD VB1 K 2023 TRUNG CẤP TÂY NGUYÊN','0'),('TE','TE122812','TE113','ĐTTX.KẾ TOÁN VB1 K2023 TRUNG CẤP TÂY NGUYÊN','0'),('TE','TE219343','TE102','Trường TC Tây Nguyên - Luật VB2 K 2020','0'),('TE','TE219413','TE102','Trường TC Tây Nguyên - QTKD VB2 K 2020','0'),('TE','TE219813','TE103','Trường TC Tây Nguyên - Kế Toán VB2 K 2020','0'),('TE','TE220343','TE107','Trường TC Tây Nguyên - Luật VB2 K 2021','0'),('TE','TE220413','TE105','Trường TC Tây Nguyên - QTKD VB2 K 2021','0'),('TE','TE220813','TE105','Trường TC Tây Nguyên - Kế Toán VB2 K 2021','0'),('TE','TE221342','TE108','Trường TC Tây Nguyên - Luật VB2 K 2022','0'),('TE','TE221412','TE109','ĐTTX VB2 QTKD KHÓA 2022 TRUNG CẤP TÂY NGUYÊN','0'),('TE','TE221812','TE109','ĐTTX.KẾ TOÁN VB2 K2022 TRUNG CẤP TÂY NGUYÊN','0'),('TE','TE222342','TE111','ĐTTX  - Luật VB2 K 2023 Trường TC Tây Nguyên','0'),('TE','TE222412','TE112','ĐTTX VB2 QTKD VB1 K 2023 TRUNG CẤP TÂY NGUYÊN','0'),('TE','TE222812','TE113','ĐTTX.KẾ TOÁN VB2  K2023 TRUNG CẤP TÂY NGUYÊN','0'),('TE','TE519413','TE102','Trường TC Tây Nguyên - QTKD Liên Thông  K 2020','0'),('TE','TE519813','TE103','Trường TC Tây Nguyên - Kế Toán Liên Thông  K 2020','0'),('TE','TE520413','TE105','Trường TC Tây Nguyên - QTKD Liên Thông  K 2021','0'),('TE','TE520813','TE105','Trường TC Tây Nguyên - Kế Toán Liên Thông  K 2021','0'),('TE','TE521412','TE109','ĐTTX LT QTKD KHÓA 2022 TRUNG CẤP TÂY NGUYÊN','0'),('TE','TE521812','TE109','ĐTTX.KẾ TOÁN VB1 K2022 TRUNG CẤP TÂY NGUYÊN','0'),('TE','TE522412','TE112','ĐTTX LTCĐ QTKD VB1 K 2023 TRUNG CẤP TÂY NGUYÊN','0'),('TE','TE522812','TE113','ĐTTX.KẾ TOÁN LTCĐ  K2023 TRUNG CẤP TÂY NGUYÊN','0'),('TG','TG108212','TG102','Tiền Giang - Khóa 1/2009 - Xây Dựng','0'),('TG','TG109212','TG111','Tiền Giang - Khóa 1/2010 - Xây Dựng','0'),('TG','TG10931','TG112','Tiền Giang - Khóa 9/2009 - Kinh tế luật','0'),('TG','TG109322','TG113','Tiền Giang - Khóa 1/2010 - Luật Kinh Tế','0'),('TG','TG109412','TG115','Tiền Giang - Khóa 1/2010 - Quản trị kinh doanh','0'),('TG','TG109812','TG117','Tiền Giang - Khóa 1/2010 - Kế Toán','0'),('TG','TG11021','TG119','Tiền Giang - Khóa 2/2010 - Xây Dựng','0'),('TG','TG110212','TG120','Tiền Giang - Khóa 2011 - Xây Dựng','0'),('TG','TG11032','TG121','Tiền Giang - Khóa 2/2010 - Luật Kinh Tế','0'),('TG','TG110322','TG122','Tiền Giang - Khóa 2011 - Luật Kinh Tế','0'),('TG','TG11041','TG123','Tiền Giang - Khóa 2/2010 - Quản trị kinh doanh','0'),('TG','TG110412','TG124','Tiền Giang - Khóa 2011 - Quản trị kinh doanh','0'),('TG','TG11081','TG125','Tiền Giang - Khóa 2/2010 - Kế Toán','0'),('TG','TG110812','TG126','Tiền Giang - Khóa 2011 - Kế Toán','0'),('TG','TG11091','TG127','Tiền Giang - Khóa 2/2010 - Tài Chính Ngân Hàng','0'),('TG','TG111221','TG131','Chưa xác định','0'),('TG','TG111322','TG128','Tiền Giang - Khóa 2012 - Luật Kinh Tế','0'),('TG','TG111412','TG129','Tiền Giang - Khóa 2012 - Quản trị kinh doanh','0'),('TG','TG111812','TG130','Tiền Giang - Khóa 2012 - Kế Toán','0'),('TG','TG11221','TG131','Tiền Giang - Khóa 2012 - Xây Dựng','0'),('TG','TG11321','TG135','Tiền Giang - Khóa 2013 - Xây Dựng','0'),('TG','TG11332','TG134','Tiền Giang - Khóa 2013 - Luật Kinh Tế','0'),('TG','TG11341','TG133','Tiền Giang - Khóa 2013 - Quản trị kinh doanh','0'),('TG','TG113412','TG136','Tiền Giang - Khóa 2014 - Quản Trị Kinh Doanh','0'),('TG','TG11381','TG132','Tiền Giang - Khóa 2013 - Kế Toán','0'),('TG','TG113812','TG137','Tiền Giang - Khóa 2014 - Kế Toán','0'),('TG','TG11432','TG138','Tiền Giang - Khóa 2014 - Luật Kinh Tế','0'),('TG','TG114412','TG139','Tiền Giang - Khóa 2015 - Quản Trị Kinh Doanh','0'),('TG','TG114812','TG140','Tiền Giang - Khóa 2015 - Kế Toán','0'),('TG','TG11641','TG141','Tiền Giang - Khóa 2016 - Quản Trị Kinh Doanh','0'),('TG','TG116813','TG142','Tiền Giang - Khóa 2017 - Kế toán','0'),('TG','TG21432','TG201','Tiền Giang - Khóa 2014 - Luật Kinh Tế - ĐTTX VB.2','0'),('TG','TG214412','TG203','Tiền Giang - Khóa 2015 - ĐTTX VB.2 - Quản Trị Kinh Doanh','0'),('TG','TG214812','TG202','Tiền Giang - Khóa 2015 - ĐTTX VB.2 - Kế Toán','0'),('TG','TG216813','TG142','Tiền Giang - Khóa 2017 - ĐTTX VB.2 - Kế toán','0'),('TG','TG514412','TG502','Tiền Giang - Khóa 2015 - ĐTTX Liên Thông - QT Kinh Doanh','0'),('TG','TG514812','TG501','Tiền Giang - Khóa 2015 - ĐTTX Liên Thông - Kế Toán','0'),('TG','TG516813','TG142','Tiền Giang - Khóa 2017 - ĐTTX Liên Thông - Kế toán','0'),('TH','_HOCLAITH','THHL','Lớp có môn học tổ chức học lại Đào tạo từ xa','0'),('TH','TH 119212','TH139','Chưa xác định','0'),('TH','TH 119412','TH136','Chưa xác định','0'),('TH','TH 119812','TH136','Chưa xác định','0'),('TH','TH 219212','TH139','Chưa xác định','0'),('TH','TH 219412','TH136','Chưa xác định','0'),('TH','TH 219812','TH138','Chưa xác định','0'),('TH','TH 519212','TH139','Chưa xác định','0'),('TH','TH 519412','TH136','Chưa xác định','0'),('TH','TH 519812','TH138','Chưa xác định','0'),('TH','TH109312','TH101','Bình Thuận - Khóa 2010 - Kinh tế luật','0'),('TH','TH109412','TH102','Bình Thuận - Khóa 2010 - Quản trị kinh doanh','0'),('TH','TH110322','TH103','Bình Thuận - Khóa 2011 - Luật Kinh tế','0'),('TH','TH110412','TH104','Bình Thuận - Khóa 2011 - Quản trị kinh doanh','0'),('TH','TH111322','TH110','Bình Thuận - Khóa 2012 - Luật Kinh tế','0'),('TH','TH111412','TH108','Bình Thuận - Khóa 2012 - Quản trị kinh doanh','0'),('TH','TH111812','TH109','Bình Thuận - Khóa 2012 - Kế Toán','0'),('TH','TH112322','TH112','Bình Thuận - Khóa 2013 - Luật Kinh Tế','0'),('TH','TH112412','TH111','Bình Thuận - Khóa 2013 - Quản Trị Kinh Doanh','0'),('TH','TH112812','TH113','Bình Thuận - Khóa 2013 - Kế Toán','0'),('TH','TH113322','TH115','Bình Thuận - Khóa 2014 - Luật Kinh Tế','0'),('TH','TH113412','TH114','Bình Thuận - Khóa 2014 - Quản Trị Kinh Doanh','0'),('TH','TH113812','TH115','Bình Thuận - Khóa 2014 - Kế Toán','0'),('TH','TH114322','TH119','Bình Thuận - Khóa 2015 -VB.1- Luật Kinh Tế','0'),('TH','TH114412','TH117','Bình Thuận - Khóa 2015 -VB.1- Quản Trị Kinh Doanh','0'),('TH','TH114812','TH118','Bình Thuận - Khóa 2015 -VB.1- Kế Toán','0'),('TH','TH11622','TH120','Bình Thuận - Khóa 2016 - VB1 - Xây Dựng - CN Cấp Thoát Nước','0'),('TH','TH11632','TH120','Bình Thuận - Khóa 2016 - VB1 - Luật Kinh Tế','0'),('TH','TH116323','TH125','Bình Thuận - Khóa 2017 - VB1 - Luật Kinh Tế','0'),('TH','TH116343','TH125','Bình Thuận - Khóa 2017 - VB1 - Luật','0'),('TH','TH11641','TH120','Bình Thuận - Khóa 2016 - VB1 - Quản Trị Kinh Doanh','0'),('TH','TH116413','TH122','Bình Thuận - Khóa 2017 - VB1 - Quản Trị Kinh Doanh','0'),('TH','TH11681','TH120','Bình Thuận - Khóa 2016 - VB1 - Kế Toán','0'),('TH','TH116813','TH128','Bình Thuận - Khóa 2017 - VB1 - Kế Toán','0'),('TH','TH117343','TH130','Bình Thuận - Khóa 2018 - VB1 - Luật','0'),('TH','TH117413','TH121','Bình Thuận - Khóa 2018 - VB1 - ĐTTX - VB1 - QTKD','0'),('TH','TH118342','TH133','Bình Thuận - Khóa 2019 - VB1 - Luật','0'),('TH','TH118412','TH133','Bình Thuận - Khóa 2019 - VB1 - Quản Trị Kinh Doanh','0'),('TH','TH118812','TH133','Bình Thuận - Khóa 2019 - VB1 - Kế Toán','0'),('TH','TH119212','TH139','Bình Thuận - Khóa 2020 - VB1 - XD  DD & CN','0'),('TH','TH119342','TH136','Bình Thuận - Khóa 2020 - VB1 - Luật','0'),('TH','TH119412','TH131','Bình Thuận - Khóa 2020 - VB1 - Quản Trị Kinh Doanh','0'),('TH','TH119812','TH131','Bình Thuận - Khóa 2020 - VB1 - Kế Toán','0'),('TH','TH120343','TH136','Bình Thuận - Khóa 2021 - VB1 - Luật','0'),('TH','TH121341L','TH141','Lagi / Bình Thuận - Khóa 2022 - ĐTTX - VB1 - Luật','0'),('TH','TH121343','TH143','Bình Thuận - Khóa 2022 - VB1 - LUẬT','0'),('TH','TH121412','TH142','Bình Thuận - Khóa 2022 - VB1 - QTKD','0'),('TH','TH121813','TH144','ĐTTX-VB1 KẾ TOÁN BÌNH THUẬN K2022','0'),('TH','TH122342','TH145','Bình Thuận - Khóa 2023 - VB1 - LUẬT','0'),('TH','TH122412','TH146','Bình Thuận - Khóa 2023 - VB1 - QTKD','0'),('TH','TH122812','TH146','Bình Thuận - khóa 2023 VB1 KẾ TOÁN','0'),('TH','TH213322A','TH203','Bình Thuận - Hệ ĐTTX - VB2.30 - Luật Kinh Tế','0'),('TH','TH213322B','TH203B','Bình Thuận - Hệ ĐTTX - VB2.13 - Luật Kinh Tế','0'),('TH','TH213412','TH201','Bình Thuận - Hệ ĐTTX - VB2 - Quản Trị Kinh Doanh','0'),('TH','TH213812','TH202','Bình Thuận - Hệ ĐTTX - VB2 - Kế Toán','0'),('TH','TH214322','TH206','Bình Thuận - Khóa 2015 -VB.2 - Luật Kinh Tế','0'),('TH','TH214412','TH204','Bình Thuận - Khóa 2015 -VB.2 - Quản Trị Kinh Doanh','0'),('TH','TH214812','TH205','Bình Thuận - Khóa 2015 -VB.2 - Kế Toán','0'),('TH','TH21622A','TH206','Bình Thuận - Khóa 2016 - VB2 - Cấp th nước - K.Kỹ Thuật','0'),('TH','TH21622B','TH206','Bình Thuận - Khóa 2016 - VB2 - Cấp th nước - K.Kinh Tế','0'),('TH','TH21632','TH210','Bình Thuận - Khóa 2016 - VB2 - Luật Kinh Tế','0'),('TH','TH216323','TH125','Bình Thuận - Khóa 2017 - VB2 - Luật Kinh Tế','0'),('TH','TH21641','TH209','Bình Thuận - Khóa 2016 - VB2 - Quản Trị Kinh Doanh','0'),('TH','TH216413','TH122','Bình Thuận - Khóa 2017 - VB2 - Quản Trị Kinh Doanh','0'),('TH','TH21681','TH207','Bình Thuận - Khóa 2016 - VB2 - Kế Toán','0'),('TH','TH216813','TH128','Bình Thuận - Khóa 2017 - VB2 - Kế Toán','0'),('TH','TH217413','TH121','Bình Thuận - Khóa 2018 - VB2 - QTKD','0'),('TH','TH218412','TH126','Bình Thuận - Khóa 2019 - VB2 - Quản Trị Kinh Doanh','0'),('TH','TH218812','TH135','Bình Thuận - Khóa 2019 - VB2 - Kế Toán','0'),('TH','TH219212','TH139','Bình Thuận - Khóa 2020 - VB2 - XD DD & CN','0'),('TH','TH219412','TH134','Bình Thuận - Khóa 2020 - VB2 - Quản Trị Kinh Doanh','0'),('TH','TH219812','TH137','Bình Thuận - Khóa 2020 - VB2 - Kế Toán','0'),('TH','TH220343','TH136','Bình Thuận - Khóa 2021 - VB2 -  Luật','0'),('TH','TH221341L','TH141','Lagi / Bình Thuận - Khóa 2022 - ĐTTX - VB2 - Luật','0'),('TH','TH221343','TH143','Bình Thuận - Khóa 2022 - VB2 - LUẬT','0'),('TH','TH221412','TH142','Bình Thuận - Khóa 2022 - VB2 -  QTKD','0'),('TH','TH221813','TH144','ĐTTX-VB2 KẾ TOÁN BÌNH THUẬN K2022','0'),('TH','TH222342','TH145','Bình Thuận - Khóa 2023 - VB2 - LUẬT','0'),('TH','TH222412','TH146','Bình Thuận - Khóa 2023 - VB2 -  QTKD','0'),('TH','TH222812','TH147','Bình Thuận - Khóa 2023 - VB2 - KẾ TOÁN','0'),('TH','TH316343','TH301','Bình Thuận - Hệ VLVH  - K 2017 - Luật','0'),('TH','TH317341','TH302','Bình Thuận - Hệ VLVH  - K 2017 - Lớp Luật (ngân sách)','0'),('TH','TH416703','TH401','Bình Thuận - Hệ VLVH VB2 - K 2017 - Ngôn Ngữ Anh','0'),('TH','TH418701','TH402','Bình Thuận - Hệ VLVH VB2 - K 2019 - Ngôn Ngữ Anh','0'),('TH','TH420703','TH403','Bình Thuận - Hệ VLVH VB2 - K 2021 - Ngôn Ngữ Anh','0'),('TH','TH513412','TH501','Bình Thuận - Khóa 2014 - LTĐH (ĐTTX) - Quản Trị Kinh Doanh','0'),('TH','TH513812','TH502','Bình Thuận - Khóa 2014 - LTĐH (ĐTTX) - Kế Toán','0'),('TH','TH514412','TH503','Bình Thuận - Khóa 2015 - LTĐH (ĐTTX) - Quản Trị Kinh Doanh','25'),('TH','TH514812','TH504','Bình Thuận - Khóa 2015 - LTĐH (ĐTTX) - Kế Toán','20'),('TH','TH51622','TH206','Bình Thuận - Khóa 2016 - LTĐH - Xây Dựng - CN Cấp Thoát Nước','15'),('TH','TH51641','TH507','Bình Thuận - Khóa 2016 - LTĐH - Quản Trị Kinh Doanh','10'),('TH','TH516413','TH122','Bình Thuận - Khóa 2017 - LTĐH - Quản Trị Kinh Doanh','10'),('TH','TH51681','TH505','Bình Thuận - Khóa 2016 - LTĐH - Kế Toán','20'),('TH','TH516813','TH128','Bình Thuận - Khóa 2017 - LTĐH - Kế Toán','50'),('TH','TH517413','TH131','Bình Thuận - Khóa 2018 - LTĐH - QTKD','50'),('TH','TH518412','TH134','Bình Thuận - Khóa 2019 - LTĐH - QTKD','40'),('TH','TH518812','TH135','Bình Thuận - Khóa 2019 - LTĐH - Kế Toán','40'),('TH','TH519212','TH139','Bình Thuận - Khóa 2020 - LTĐH - XD DD & CN','40'),('TH','TH519412','TH136','Bình Thuận - Khóa 2020 - LTĐH - QTKD','30'),('TH','TH519812','TH138','Bình Thuận - Khóa 2020 - LTĐH - Kế Toán','30'),('TH','TH521412','TH142','Bình Thuận - Khóa 2022 - LTĐH - QTKD','30'),('TH','TH521813','TH144','ĐTTX- LTCĐ  KẾ TOÁN BÌNH THUẬN K2022','25'),('TH','TH522412','TH146','Bình Thuận - Khóa 2023 - LTĐH - QTKD','25'),('TH','TH522812','TH147','Bình Thuận - Khóa 2023 - LTCĐ KẾ TOÁN','25'),('TM','_TRANOVLTM','TM003','Lớp có môn học tổ chức thi trả nợ hình thức Vừa làm vừa học','25'),('TM','TM316343','TM301','Đồng Tháp Mười - VLVH K 2017 - Luật','25'),('TM','TM316353','TM302','Đồng Tháp Mười - VLVH K 2017 -KT CN Quản lý Công','25'),('TM','TM318343','TM303','Đồng Tháp Mười - VLVH K 2019 - Luật','30'),('TM','TM319342','TM304','Đồng Tháp Mười - VLVH K 2020 - Luật','25'),('TM','TM320342','TM305','Đồng Tháp Mười - VLVH K 2021 - Luật','40'),('TM','TM320343','TM306','Đồng Tháp Mười - VLVH K2/ 2021 - Luật','25'),('TM','TM321341','TM307','Đồng Tháp Mười - VLVH K 2022 - Luật','25'),('TM','TM321343','TM308','ĐỒNG THÁP MƯỜI - VLVH LUẬT  VB1 - K2/2022','20'),('TM','TM322342','TM309','ĐỒNG THÁP MƯỜI - VLVH VB1 - K 2023','30'),('TM','TM420342','TM401','Đồng Tháp Mười - VLVH K 2021 - VB2 Luật','25'),('TM','TM420343','TM402','Đồng Tháp Mười - VLVH K 2/2021 - VB2 Luật','40'),('TM','TM421341','TM403','Đồng Tháp Mười - VLVH K 2022 - VB2 Luật','20'),('TM','TM421343','TM404','ĐỒNG THÁP MƯỜI - VB2 VLVH - LUẬT - K 2/2022','30'),('TM','TM422342','TM405','ĐỒNG THÁP MƯỜI - VB2 VLVH - LUẬT - K 2023','25'),('TN','TN11041','TN104','Tây Ninh - Khóa 2010 - Quản trị kinh doanh','0'),('TN','TN11081','TN105','Tây Ninh - Khóa 2010 - Kế Toán','0'),('TN','TN11141','TN106','Tây Ninh - Khóa 2011 - Quản trị kinh doanh','0'),('TN','TN11181','TN107','Tây Ninh - Khóa 2011 - Kế Toán','0'),('TN','TN11241','TN108','Tây Ninh - Khóa 2012 - Quản trị kinh doanh','0'),('TN','TN11281','TN109','Tây Ninh - Khóa 2012 - Kế Toán','0'),('TN','TN11341','TN110','Tây Ninh - Khóa 2013 - Quản Trị Kinh Doanh','0'),('TN','TN11381','TN111','Tây Ninh - Khóa 2013 - Kế Toán','0'),('TN','TN11441','TN113','Tây Ninh - Khóa 2014 - Quản Trị Kinh Doanh','0'),('TN','TN11481','TN112','Tây Ninh - Khóa 2014 - Kế Toán','0'),('TN','TN115412','TN115','Tây Ninh - Khóa 2016 - Quản Trị Kinh Doanh','0'),('TN','TN115812','TN114','Tây Ninh - Khóa 2016 - Kế Toán','0'),('TN','TN116412','TN116','Tây Ninh - Khóa 2017 - QTKD','0'),('TN','TN118413','TN117','Tây Ninh - Khóa 2019 - QTKD','0'),('TN','TN120411','TN117','Tây Ninh - Khóa 2021 - QTKD','0'),('TN','TN121412','TN119','Tây Ninh - Khóa 2022 - QTKD','0'),('TN','TN122411','TN120','Tây Ninh - Khóa 2/2022 - QTKD','0'),('TN','TN21432','TN201','Tây Ninh - ĐTTX -VB.2 - Khóa 2014 - Luật Kinh Tế','0'),('TN','TN31262','TN301','Tây Ninh - Hệ VLVH - Khóa 2012 - Công Tác Xã Hội','0'),('TN','TN320811','TN302','Tây Ninh - Hệ VLVH - Khóa 2020 - Kế Toán','0'),('TN','TN322811','TN303','TÂY NINH VLVH K 2023','0'),('TN','TN419701','TN401','Tây Ninh - Hệ VB2 VLVH - Khóa 2019 - NGÔN NGữ ANH','0'),('TN','TN91581','TN901','Tây Ninh - LTĐH (VLVH) - Khóa 2015 - Kế Toán','0'),('TN','TN920812','TN302','Tây Ninh - LT CĐ (VLVH) - Khóa 2021 - Kế Toán','0'),('TN','TN9T20812','TN302','Tây Ninh - LT TC (VLVH) - Khóa 2021 - Kế Toán','0'),('TP','HOCLAITX','C1','Chưa xác định','0'),('TP','HOCLAIVL','D1','Chưa xác định','0'),('TP','TP108212','TP101','TPHCM - Khóa 3/2009 - Xây Dựng','0'),('TP','TP108412','TP103','TPHCM - Khóa 3/2009 - Quản trị kinh doanh','0'),('TP','TP10921','TP107','TPHCM - Khóa 9/2009 - Xây Dựng','0'),('TP','TP109212','TP108','TPHCM - Khóa 3/2010 - Xây Dựng','0'),('TP','TP109312','TP110','TPHCM - Khóa 3/2010 - Kinh Tế Luật','0'),('TP','TP109412','TP112','TPHCM - Khóa 3/2010 - Quản trị kinh doanh','0'),('TP','TP10961','TP113','TPHCM - Khóa 9/2009 - Xã Hội Học','0'),('TP','TP109612','TP114','TPHCM - Khóa 3/2010 - Xã Hội Học','0'),('TP','TP10973','TP115','TPHCM - Khóa 9/2009 - Tiếng Anh thương mại','0'),('TP','TP109732','TP116','TPHCM - Khóa 3/2010 - Tiếng Anh thương mại','0'),('TP','TP109812','TP118','TPHCM - Khóa 3/2010 - Kế toán','0'),('TP','TP109912','TP120','TPHCM - Khóa 3/2010 - Tài Chính Ngân Hàng','0'),('TP','TP11021','TP121','TPHCM - Khóa 9/2010 - Xây Dựng','0'),('TP','TP110212','TP122','TPHCM - Khóa 3/2011 - Xây Dựng','0'),('TP','TP11031','TP123','TPHCM - Khóa 9/2010 - Kinh Tế Luật','0'),('TP','TP110322','TP124','TPHCM - Khóa 3/2011 -  Luật Kinh Tế','0'),('TP','TP11041','TP125','TPHCM - Khóa 9/2010 - Quản trị kinh doanh','0'),('TP','TP110412','TP126','TPHCM - Khóa 3/2011 - Quản trị kinh doanh','0'),('TP','TP11061','TP127','TPHCM - Khóa 9/2010 - Xã Hội Học','0'),('TP','TP110622','TP128','TPHCM - Khóa 3/2011 - Công Tác Xã Hội','0'),('TP','TP11073','TP129','TPHCM - Khóa 9/2010 - Tiếng Anh thương mại','0'),('TP','TP11081','TP130','TPHCM - Khóa 9/2010 - Kế toán','0'),('TP','TP110812','TP131','TPHCM - Khóa 3/2011 - Kế toán','0'),('TP','TP11091','TP132','TPHCM - Khóa 9/2010 - Tài Chính Ngân Hàng','0'),('TP','TP110912','TP133','TPHCM - Khóa 3/2011 - Tài Chính Ngân Hàng','0'),('TP','TP11121','TP134','TPHCM - Khóa 9/2011 - Xây Dựng','0'),('TP','TP111212','TP140','TPHCM - Khóa 3/2012 - Xây Dựng','0'),('TP','TP11132','TP135','TPHCM - Khóa 9/2011 -  Luật Kinh Tế','0'),('TP','TP111322','TP141','TPHCM - Khóa 3/2012 -  Luật Kinh Tế','0'),('TP','TP11141','TP136','TPHCM - Khóa 9/2011 - Quản trị kinh doanh','0'),('TP','TP111412','TP142','TPHCM - Khóa 3/2012 - Quản trị kinh doanh','0'),('TP','TP11162','TP137','TPHCM - Khóa 9/2011 - Công Tác Xã Hội','0'),('TP','TP111622','TP143','TPHCM - Khóa 3/2012 - Công Tác Xã Hội','0'),('TP','TP111732','TP144','TPHCM - Khóa 3/2012 - Tiếng Anh thương mại','0'),('TP','TP11181','TP138','TPHCM - Khóa 9/2011 - Kế toán','0'),('TP','TP111812','TP145','TPHCM - Khóa 3/2012 - Kế toán','0'),('TP','TP11191','TP139','TPHCM - Khóa 9/2011 - Tài Chính Ngân Hàng','0'),('TP','TP111912','TP146','TPHCM - Khóa 3/2012 - Tài Chính Ngân Hàng','0'),('TP','TP11221','TP147','TPHCM - Khóa 9/2012 - Xây Dựng','0'),('TP','TP112212','TP154','TPHCM - Khóa T.3/2013 - Xây Dựng','0'),('TP','TP11232','TP148','TPHCM - Khóa 9/2012 -  Luật Kinh Tế','0'),('TP','TP112322','TP155','TPHCM - Khóa T.3/2013 - Luật Kinh Tế','0'),('TP','TP11241','TP149','TPHCM - Khóa 9/2012 - Quản trị kinh doanh','0'),('TP','TP112412','TP156','TPHCM - Khóa T.3/2013 - Quản trị kinh doanh','0'),('TP','TP11262','TP150','TPHCM - Khóa 9/2012 - Công Tác Xã Hội','0'),('TP','TP112622','TP157','TPHCM - Khóa T.3/2013 - Công Tác Xã Hội','0'),('TP','TP11273','TP151','TPHCM - Khóa 9/2012 - Tiếng Anh thương mại','0'),('TP','TP112732','TP158','TPHCM - Khóa T.3/2013 - Tiếng Anh thương mại','0'),('TP','TP11281','TP152','TPHCM - Khóa 9/2012 - Kế toán','0'),('TP','TP112812','TP159','TPHCM - Khóa T.3/2013 - Kế toán','0'),('TP','TP11291','TP153','TPHCM - Khóa 9/2012 - Tài Chính Ngân Hàng','0'),('TP','TP112912','TP160','TPHCM - Khóa T.3/2013 - Tài Chính Ngân Hàng','0'),('TP','TP113142','TP185','TPHCM - Khóa T.3/2014 - KHMT - Mạng Máy Tính','0'),('TP','TP113152','TP186','TPHCM - Khóa T.3/2014 - KHMT - Cơ Sở Dữ Liệu','0'),('TP','TP113162','TP187','TPHCM - Khóa T.3/2014 - KHMT - Đồ Họa Máy Tính','0'),('TP','TP113172','TP188','TPHCM - Khóa T.3/2014 - KHMT - Hệ Thống Thông Tin Quản Lý','0'),('TP','TP11321','TP161','TPHCM - Khóa T.9/2013 - Xây Dựng','0'),('TP','TP113212','TP168','TPHCM - Khóa T.3/2014 - Xây Dựng','0'),('TP','TP113222','TP175','TPHCM - Khóa T.3/2014 - Xây Dựng - CN Cấp Thoát Nước','0'),('TP','TP113312','TP176','TPHCM - Khóa T.3/2014 -  Kinh Tế Luật','0'),('TP','TP11332','TP162','TPHCM - Khóa T.9/2013 - Luật Kinh Tế','0'),('TP','TP113322','TP169','TPHCM - Khóa T.3/2014 - Luật Kinh Tế','0'),('TP','TP11341','TP163','TPHCM - Khóa T.9/2013 - Quản Trị Kinh Doanh','0'),('TP','TP113412','TP170','TPHCM - Khóa T.3/2014 - Quản Trị Kinh Doanh','0'),('TP','TP113432','TP177','TPHCM - Khóa T.3/2014 - QTKD - CN QT Nguồn Nhân Lực','0'),('TP','TP113482','TP178','TPHCM - Khóa T.3/2014 - QTKD - QT Du Lịch','0'),('TP','TP11362','TP164','TPHCM - Khóa T.9/2013 - Công Tác Xã Hội','0'),('TP','TP113622','TP142','TPHCM - Khóa T.3/2014 - Công Tác Xã Hội','0'),('TP','TP113662','TP179','TPHCM - Khóa T.3/2014 - Xã Hội Học -CN Tổ Chức và QL Nhân Sự','0'),('TP','TP113702','TP172','TPHCM - Khóa T.3/2014 - Tiếng Anh - Ngôn Ngữ Tiếng Anh','0'),('TP','TP11373','TP165','TPHCM - Khóa T.9/2013 - Tiếng Anh Thương Mại','0'),('TP','TP113732','TP172','TPHCM - Khóa T.3/2014 - Tiếng Anh Thương Mại','0'),('TP','TP11381','TP166','TPHCM - Khóa T.9/2013 - Kế Toán','0'),('TP','TP113812','TP173','TPHCM - Khóa T.3/2014 - Kế Toán','0'),('TP','TP11391','TP167','TPHCM - Khóa T.9/2013 - Tài Chính Ngân Hàng','0'),('TP','TP113912','TP174','TPHCM - Khóa T.3/2014 - Tài Chính Ngân Hàng','0'),('TP','TP113922','TP182','TPHCM - Khóa T.3/2014 - TCNH - CN Tài Chính Nhà Nước','0'),('TP','TP113932','TP183','TPHCM - Khóa T.3/2014 - TCNH - CN Tài Chính Doanh Nghiệp','0'),('TP','TP113942','TP184','TPHCM - Khóa T.3/2014 - TCNH - CN Bảo Hiểm','0'),('TP','TP11421','TP181','TPHCM - Khóa T.9/2014 - Xây Dựng','0'),('TP','TP114212','TP101','TPHCM - Khóa T.3/2015 - Xây Dựng','0'),('TP','TP114213','TP114','TPHCM - Khóa T.7/2015 - Xây Dựng','0'),('TP','TP11422','TP182','TPHCM - Khóa T.9/2014 - Xây Dựng - CN Cấp Thoát Nước','0'),('TP','TP114222','TP102','TPHCM - Khóa T.3/2015 - Xây Dựng - CN Cấp Thoát Nước','0'),('TP','TP114223','TP115','TPHCM - Khóa T.7/2015 - Xây Dựng - CN Cấp Thoát Nước','0'),('TP','TP11431','TP183','TPHCM - Khóa T.9/2014 -  Kinh Tế Luật','0'),('TP','TP114312','TP103','TPHCM - Khóa T.3/2015 -  Kinh Tế Luật','0'),('TP','TP114313','TP116','TPHCM - Khóa T.7/2015 -  Kinh Tế Luật','0'),('TP','TP11432','TP184','TPHCM - Khóa T.9/2014 - Luật Kinh Tế','0'),('TP','TP114322','TP104','TPHCM - Khóa T.3/2015 - Luật Kinh Tế','0'),('TP','TP114323','TP117','TPHCM - Khóa T.7/2015 - Luật Kinh Tế','0'),('TP','TP11441','TP185','TPHCM - Khóa T.9/2014 - Quản Trị Kinh Doanh','0'),('TP','TP114412','TP105','TPHCM - Khóa T.3/2015 - Quản Trị Kinh Doanh','0'),('TP','TP114413','TP118','TPHCM - Khóa T.7/2015 - Quản Trị Kinh Doanh','0'),('TP','TP11462','TP142','TPHCM - Khóa T.9/2014 - Công Tác Xã Hội','0'),('TP','TP114622','TP106','TPHCM - Khóa T.3/2015 - Công Tác Xã Hội','0'),('TP','TP114623','TP119','TPHCM - Khóa T.7/2015 - Công Tác Xã Hội','0'),('TP','TP11466','TP187','TPHCM - Khóa T.9/2014 - Xã Hội Học - Tổ Chức và QL Nhân Sự','0'),('TP','TP114662','TP107','TPHCM - Khóa T.3/2015 - Xã Hội Học - Tổ Chức và QL Nhân Sự','0'),('TP','TP114663','TP120','TPHCM - Khóa T.7/2015 - Xã Hội Học - Tổ Chức và QL Nhân Sự','0'),('TP','TP11470','TP188','TPHCM - Khóa T.9/2014 - Tiếng Anh','0'),('TP','TP114702','TP108','TPHCM - Khóa T.3/2015 - Tiếng Anh','0'),('TP','TP114703','TP109','TPHCM - Khóa T.7/2015 - Tiếng Anh','0'),('TP','TP11473','TP189','TPHCM - Khóa T.9/2014 - Tiếng Anh Thương Mại','0'),('TP','TP114732','TP109','TPHCM - Khóa T.3/2015 - Tiếng Anh Thương Mại','0'),('TP','TP114733','TP122','TPHCM - Khóa T.7/2015 - Tiếng Anh Thương Mại','0'),('TP','TP11481','TP190','TPHCM - Khóa T.9/2014 - Kế Toán','0'),('TP','TP114812','TP110','TPHCM - Khóa T.3/2015 - Kế Toán','0'),('TP','TP114813','TP123','TPHCM - Khóa T.7/2015 - Kế Toán','0'),('TP','TP11491','TP191','TPHCM - Khóa T.9/2014 - Tài Chính Ngân Hàng','0'),('TP','TP114912','TP111','TPHCM - Khóa T.3/2015 - Tài Chính Ngân Hàng','0'),('TP','TP114913','TP124','TPHCM - Khóa T.7/2015 - Tài Chính Ngân Hàng','0'),('TP','TP11521','TP125','TPHCM - Khóa T.11/2015 - Xây Dựng','0'),('TP','TP115212','TP136','TPHCM - Khóa T.3/2016 - Xây Dựng','0'),('TP','TP115213','TP149','TPHCM - Khóa T.7/2016 - Xây Dựng','0'),('TP','TP11522','TP126','TPHCM - Khóa T.11/2015 - Xây Dựng - CN Cấp Thoát Nước','0'),('TP','TP115222','TP137','TPHCM - Khóa T.3/2016 - Xây Dựng - CN Cấp Thoát Nước','0'),('TP','TP115223','TP150','TPHCM - Khóa T.7/2016 - Xây Dựng - CN Cấp Thoát Nước','0'),('TP','TP115232','TP146','TPHCM - Khóa T.3/2016 - Quản Lý Xây Dựng','0'),('TP','TP115233','TP151','TPHCM - Khóa T.7/2016 - Quản Lý Xây Dựng','0'),('TP','TP11531','TP127','TPHCM - Khóa T.11/2015 -  Kinh Tế Luật','0'),('TP','TP115312','TP138','Chưa xác định','0'),('TP','TP11532','TP128','TPHCM - Khóa T.11/2015 - Luật Kinh Tế','0'),('TP','TP115322','TP139','TPHCM - Khóa T.3/2016 - Luật Kinh Tế','0'),('TP','TP115323','TP152','TPHCM - Khóa T.7/2016 - Luật Kinh Tế','0'),('TP','TP115342','TP146','TPHCM - Khóa T.3/2016 - Luật','0'),('TP','TP115343','TP153','TPHCM - Khóa T.7/2016 - Luật','0'),('TP','TP11541','TP129','TPHCM - Khóa T.11/2015 - Quản Trị Kinh Doanh','0'),('TP','TP115412','TP140','TPHCM - Khóa T.3/2016 - Quản Trị Kinh Doanh','0'),('TP','TP115413','TP154','TPHCM - Khóa T.7/2016 - Quản Trị Kinh Doanh','0'),('TP','TP11562','TP130','TPHCM - Khóa T.11/2015 - Công Tác Xã Hội','0'),('TP','TP115622','TP141','TPHCM - Khóa T.3/2016 - Công Tác Xã Hội','0'),('TP','TP115623','TP155','TPHCM - Khóa T.7/2016 - Công Tác Xã Hội','0'),('TP','TP11566','TP131','TPHCM - Khóa T.11/2015 - Xã Hội Học - Tổ Chức và QL Nhân Sự','0'),('TP','TP115662','TP142','TPHCM - Khóa T.3/2016 - Xã Hội Học - Tổ Chức và QL Nhân Sự','0'),('TP','TP115663','TP156','TPHCM - Khóa T.7/2016 - Xã Hội Học - Tổ Chức và QL Nhân Sự','0'),('TP','TP11570','TP132','TPHCM - Khóa T.11/2015 - Tiếng Anh','0'),('TP','TP115702','TP133','TPHCM - Khóa T.3/2016- Tiếng Anh','0'),('TP','TP115703','TP157','TPHCM - Khóa T.7/2016- Tiếng Anh','0'),('TP','TP11573','TP133','TPHCM - Khóa T.11/2015 - Tiếng Anh Thương Mại','0'),('TP','TP115732','TP144','TPHCM - Khóa T.3/2016 - Tiếng Anh Thương Mại','0'),('TP','TP115733','TP158','TPHCM - Khóa T.7/2016 - Tiếng Anh Thương Mại','0'),('TP','TP11581','TP134','TPHCM - Khóa T.11/2015 - Kế Toán','0'),('TP','TP115812','TP145','TPHCM - Khóa T.3/2016 - Kế Toán','0'),('TP','TP115813','TP159','TPHCM - Khóa T.7/2016 - Kế Toán','0'),('TP','TP11591','TP135','TPHCM - Khóa T.11/2015 - Tài Chính Ngân Hàng','0'),('TP','TP115912','TP146','TPHCM - Khóa T.3/2016 - Tài Chính Ngân Hàng','0'),('TP','TP115913','TP160','TPHCM - Khóa T.7/2016 - Tài Chính Ngân Hàng','0'),('TP','TP11621','TP161','TPHCM - Khóa T.11/2016 - Xây Dựng','0'),('TP','TP116212','TP174','TPHCM - Khóa T.3/2017 - Xây Dựng','0'),('TP','TP116213','TP1001','TPHCM - Khóa T.7/2017 - Xây Dựng','0'),('TP','TP11622','TP162','TPHCM - Khóa T.11/2016 - Xây Dựng - CN Cấp Thoát Nước','0'),('TP','TP116222','TP174','TPHCM - Khóa T.3/2017 - Xây Dựng - CN Cấp Thoát Nước','0'),('TP','TP11623','TP172','Chưa xác định','0'),('TP','TP116232','TP556','TPHCM - Khóa T.3/2017 - Quản Lý Xây Dựng','0'),('TP','TP11632','TP164','TPHCM - Khóa T.11/2016 - Luật Kinh Tế','0'),('TP','TP116322','TP176','TPHCM - Khóa T.3/2017 - Luật Kinh Tế','0'),('TP','TP116323','TP1004','TPHCM - Khóa T.7/2017 - Luật Kinh Tế','0'),('TP','TP11634','TP164','TPHCM - Khóa T.11/2016 - Luật','0'),('TP','TP116342','TP109','TPHCM - Khóa T.3/2017 - Luật','0'),('TP','TP116343','TP1005','TPHCM - Khóa T.7/2017 - Luật','0'),('TP','TP11641','TP166','TPHCM - Khóa T.11/2016 - Quản trị Kinh doanh','0'),('TP','TP116412','TP107','TPHCM - Khóa T.3/2017 - Quản trị Kinh doanh','0'),('TP','TP116413','TP1006','TPHCM - Khóa T.7/2017 - Quản trị Kinh doanh','0'),('TP','TP11662','TP172','TPHCM - Khóa T.11/2016 - Công Tác Xã Hội','0'),('TP','TP116622','TP184','TPHCM - Khóa T.3/2017 - Công Tác Xã Hội','0'),('TP','TP116623','TP1007','TPHCM - Khóa T.7/2017 - Công Tác Xã Hội','0'),('TP','TP11666','TP168','TPHCM - Khóa T.11/2016 - Xã Hội Học - Tổ Chức và QL Nhân Sự','0'),('TP','TP11670','TP157','TPHCM - Khóa T.11/2016- Tiếng Anh','0'),('TP','TP116702','TP181','TPHCM - Khóa T.3/2017- Tiếng Anh','0'),('TP','TP116703','TP1009','TPHCM - Khóa T.7/2017- Tiếng Anh','0'),('TP','TP11673','TP172','TPHCM - Khóa T.11/2016 - Tiếng Anh Thương Mại','0'),('TP','TP116732','TP182','TPHCM - Khóa T.3/2017 - Tiếng Anh Thương Mại','0'),('TP','TP11681','TP171','TPHCM - Khóa T.11/2016 - Kế Toán','0'),('TP','TP116812','TP102','TPHCM - Khóa T.3/2017 - Kế Toán','0'),('TP','TP116813','TP1011','TPHCM - Khóa T.7/2017 - Kế Toán','0'),('TP','TP11691','TP172','TPHCM - Khóa T.11/2016 - Tài Chính Ngân Hàng','0'),('TP','TP117211','TP1001','TPHCM - Khóa T.11/2017 - Xây Dựng','0'),('TP','TP117321','TP102','TPHCM - Khóa T.11/2017 - Luật Kinh Tế','0'),('TP','TP117323','TP108','TPHCM - Khóa T.7/2018 - Luật Kinh Tế','0'),('TP','TP117341','TP102','TPHCM - Khóa T.11/2017 - Luật','0'),('TP','TP117343','TP109','TPHCM - Khóa T.7/2018 - Luật','0'),('TP','TP117411','TP104','TPHCM - Khóa T.11/2017 - Quản trị Kinh doanh','0'),('TP','TP117413','TP110','TPHCM - Khóa T.7/2018 - QTKD','0'),('TP','TP117621','TP104','TPHCM - Khóa T.11/2017 - Công Tác Xã Hội','0'),('TP','TP117623','TP1012','TPHCM - Khóa T.7/2018 - Công Tác Xã Hội','0'),('TP','TP117701','TP104','TPHCM - Khóa T.11/2017- Tiếng Anh','0'),('TP','TP117703','TP112','TPHCM - Khóa T.7/2018 - Tiếng Anh','0'),('TP','TP117811','TP102','TPHCM - Khóa T.11/2017 - Kế Toán','0'),('TP','TP118211','TP115','TPHCM - Khóa T.11/2018 - Xây Dựng','0'),('TP','TP118342','TP116','TPHCM - Khóa T.3/2019 - Luật','0'),('TP','TP118412','TP110','TPHCM - Khóa T.3/2019 - QTKD','0'),('TP','TP118702','TP106','TPHCM - Khóa T.3/2019 - Tiếng Anh','0'),('TP','TP1192131','TP119','TPHCM - Khóa T.7/2020 - Xây Dựng','0'),('TP','TP1194131','TP119','TPHCM - Khóa T.7/2020 - QTKD','0'),('TP','TP1197031','TP118','TPHCM - Khóa T.7/2020 - Ngôn Ngữ Anh','0'),('TP','TP1206211','TP1012','TPHCM - Khóa T.7/2020 - CTXH','0'),('TP','TP1207031','TP1013','TPHCM - Khóa T.7/2021 - Ngôn Ngữ Anh','0'),('TP','TP121212','TP1014','TPHCM - Khóa T.3/2022 - Xây Dựng','0'),('TP','TP211322','TP201','TP Hồ Chí Minh - Khóa 2012 - (VB.2- ĐTTX) Luật Kinh Tế','0'),('TP','TP213172','TP201','Chưa xác định','0'),('TP','TP213212','TP202','TP.HCM - Khóa T.3/2014 - (VB.2-ĐTTX) - Xây Dựng','0'),('TP','TP213212X','TP202X','TP.HCM - Khóa T.3/2014 - (VB.2-ĐTTX) - XD-K.Kỹ Thuật','0'),('TP','TP213212Y','TP202X','TP.HCM - Khóa T.3/2014 - (VB.2-ĐTTX) - XD-K.Kinh tế','0'),('TP','TP213222','TP203','TP.HCM - Khóa T.3/2014 - (VB.2-ĐTTX) - Xây Dựng cấp th nước','0'),('TP','TP213222X','TP203X','TP.HCM - Khóa T.3/2014 - (VB.2-ĐTTX)-Cấp th nước-K.Kỹ Thuật','0'),('TP','TP213222Y','TP203Y','TP.HCM - Khóa T.3/2015 - (VB.2-ĐTTX)-Cấp th nước-K.Kinh Tế','0'),('TP','TP213312','TP204','TP.HCM - Khóa T.3/2014 - (VB.2-ĐTTX) - Kinh Tế Luật','0'),('TP','TP213322','TP205','TP.HCM - Khóa T.3/2014 - (VB.2-ĐTTX) - Luật Kinh Tế','0'),('TP','TP21332A','TP205A','TP.HCM - Khóa T.3/2014 - (Lớp A.13 -VB.2-ĐTTX)- Luật Kinh Tế','0'),('TP','TP213412','TP206','TP.HCM - Khóa T.3/2014 - (VB.2-ĐTTX) - Quản Trị Kinh Doanh','0'),('TP','TP213432','TP207','TP.HCM - Khóa T.3/2014 - (VB.2-ĐTTX) - QTKD - QT Nguồn N Lực','0'),('TP','TP213482','TP208','Chưa xác định','0'),('TP','TP213622','TP209','TP.HCM - Khóa T.3/2014 - (VB.2-ĐTTX) - Công Tác Xã Hội','0'),('TP','TP213662','TP210','TP.HCM - Khóa T.3/2014 - (VB.2-ĐTTX) - XHH - Tổ Chức & QLNS','0'),('TP','TP213702','TP211','TP.HCM - Khóa T.3/2014 - (VB.2-ĐTTX) - Ngôn Ngữ Anh','0'),('TP','TP213732','TP212','TP.HCM - Khóa T.3/2014 - (VB.2-ĐTTX) - Tiếng Anh Thương Mại','0'),('TP','TP213812','TP213','TP.HCM - Khóa T.3/2014 - (VB.2-ĐTTX) - Kế Toán','0'),('TP','TP213822','TP214','Chưa xác định','0'),('TP','TP213912','TP215','TP.HCM - Khóa T.3/2014 - (VB.2-ĐTTX) - Tài Chính Ngân Hàng','0'),('TP','TP213922','TP216','Chưa xác định','0'),('TP','TP213932','TP217','TP.HCM - Khóa T.3/2014 - (VB.2-ĐTTX) -Tài Chính Doanh Nghiệp','0'),('TP','TP213942','TP218','Chưa xác định','0'),('TP','TP21421','TP216','TP.HCM - Khóa T.9/2014 - (VB.2-ĐTTX) - Xây Dựng','0'),('TP','TP214212','TP228','TP.HCM - Khóa T.3/2015 - (VB.2-ĐTTX) - Xây Dựng','0'),('TP','TP214212X','TP228X','TP.HCM - Khóa T.3/2015 - (VB.2-ĐTTX) - XD-K.Kỹ Thuật','0'),('TP','TP214212Y','TP228Y','TP.HCM - Khóa T.3/2015 - (VB.2-ĐTTX) - XD-K.Kinh tế','0'),('TP','TP214213','TP241','TP.HCM - Khóa T.7/2015 - (VB.2-ĐTTX) - Xây Dựng','0'),('TP','TP214213X','TP241X','TP.HCM - Khóa T.7/2015 - (VB.2-ĐTTX) - XD-K.Kỹ Thuật','0'),('TP','TP214213Y','TP241Y','TP.HCM - Khóa T.7/2015 - (VB.2-ĐTTX) - XD-K.Kinh tế','0'),('TP','TP21421X','TP216X','TP.HCM - Khóa T.9/2014 - (VB.2-ĐTTX) - XD-K.Kỹ Thuật','0'),('TP','TP21421Y','TP216Y','TP.HCM - Khóa T.9/2014 - (VB.2-ĐTTX) - XD-K.Kinh tế','0'),('TP','TP21422','TP217','TP.HCM - Khóa T.9/2014 - (VB.2-ĐTTX) - Cấp th nước','0'),('TP','TP214222','TP229','TP.HCM - Khóa T.3/2015 - (VB.2-ĐTTX) - Cấp th nước','0'),('TP','TP214222X','TP229X','TP.HCM - Khóa T.3/2015 - (VB.2-ĐTTX)-Cấp th nước-K.Kỹ Thuật','0'),('TP','TP214222Y','TP229Y','TP.HCM - Khóa T.3/2015 - (VB.2-ĐTTX)-Cấp th nước-K.Kinh Tế','0'),('TP','TP214223','TP242','TP.HCM - Khóa T.7/2015 - (VB.2-ĐTTX) - Cấp th nước','0'),('TP','TP214223X','TP242X','TP.HCM - Khóa T.7/2015 - (VB.2-ĐTTX)-Cấp th nước-K.Kỹ Thuật','0'),('TP','TP214223Y','TP242Y','TP.HCM - Khóa T.7/2015 - (VB.2-ĐTTX)-Cấp th nước-K.Kinh Tế','0'),('TP','TP21422X','TP217X','TP.HCM - Khóa T.9/2014 - (VB.2-ĐTTX)-Cấp th nước-K.Kỹ Thuật','0'),('TP','TP21422Y','TP217Y','TP.HCM - Khóa T.9/2014 - (VB.2-ĐTTX)-Cấp th nước-K.Kinh Tế','0'),('TP','TP21431','TP218','Chưa xác định','0'),('TP','TP214312','TP230','TP.HCM - Khóa T.3/2015 - (VB.2-ĐTTX) - Kinh Tế Luật','0'),('TP','TP214313','TP243','Chưa xác định','0'),('TP','TP21432','TP219','TP.HCM - Khóa T.9/2014 - (VB.2-ĐTTX) - Luật Kinh Tế','0'),('TP','TP214322','TP231','TP.HCM - Khóa T.3/2015 - (VB.2-ĐTTX) - Luật Kinh Tế','0'),('TP','TP214322A','TP232','TP.HCM - Khóa T.3/2015 - (Lớp A.13 -VB.2-ĐTTX)- Luật Kinh Tế','0'),('TP','TP214323','TP244','TP.HCM - Khóa T.7/2015 - (VB.2-ĐTTX) - Luật Kinh Tế','0'),('TP','TP214323A','TP245','TP.HCM - Khóa T.7/2015 - (Lớp A.13 -VB.2-ĐTTX)- Luật Kinh Tế','0'),('TP','TP21432A','TP220','TP.HCM - Khóa T.9/2014 - (Lớp A.13 -VB.2-ĐTTX)- Luật Kinh Tế','0'),('TP','TP21441','TP221','TP.HCM - Khóa T.9/2014 - (VB.2-ĐTTX) - Quản Trị Kinh Doanh','0'),('TP','TP214412','TP233','TP.HCM - Khóa T.3/2015 - (VB.2-ĐTTX) - Quản Trị Kinh Doanh','0'),('TP','TP214413','TP246','TP.HCM - Khóa T.7/2015 - (VB.2-ĐTTX) - Quản Trị Kinh Doanh','0'),('TP','TP21462','TP222','TP.HCM - Khóa T.9/2014 - (VB.2-ĐTTX) - Công Tác Xã Hội','0'),('TP','TP214622','TP234','TP.HCM - Khóa T.3/2015 - (VB.2-ĐTTX) - Công Tác Xã Hội','0'),('TP','TP214623','TP247','TP.HCM - Khóa T.7/2015 - (VB.2-ĐTTX) - Công Tác Xã Hội','0'),('TP','TP21466','TP223','TP.HCM - Khóa T.9/2014 - (VB.2-ĐTTX) - XHH - Tổ Chức & QLNS','0'),('TP','TP214662','TP235','Chưa xác định','0'),('TP','TP214663','TP248','TP.HCM - Khóa T.7/2015 - (VB.2-ĐTTX) - XHH - Tổ Chức & QLNS','0'),('TP','TP21470','TP224','TP.HCM - Khóa T.9/2014 - (VB.2-ĐTTX) - Tiếng Anh','0'),('TP','TP214702','TP236','TP.HCM - Khóa T.3/2015 - (VB.2-ĐTTX) - Tiếng Anh','0'),('TP','TP214703','TP249','TP.HCM - Khóa T.7/2015 - (VB.2-ĐTTX) - Tiếng Anh','0'),('TP','TP21473','TP225','TP.HCM - Khóa T.9/2014 - (VB.2-ĐTTX) - Tiếng Anh Thương Mại','0'),('TP','TP214732','TP237','TP.HCM - Khóa T.3/2015 - (VB.2-ĐTTX) - Tiếng Anh Thương Mại','0'),('TP','TP214733','TP250','TP.HCM - Khóa T.7/2015 - (VB.2-ĐTTX) - Tiếng Anh Thương Mại','0'),('TP','TP21481','TP226','TP.HCM - Khóa T.9/2014 - (VB.2-ĐTTX) - Kế Toán','0'),('TP','TP214812','TP238','TP.HCM - Khóa T.3/2015 - (VB.2-ĐTTX) - Kế Toán','0'),('TP','TP214813','TP251','TP.HCM - Khóa T.7/2015 - (VB.2-ĐTTX) - Kế Toán','0'),('TP','TP21491','TP227','TP.HCM - Khóa T.9/2014 - (VB.2-ĐTTX) - Tài Chính Ngân Hàng','0'),('TP','TP214912','TP239','TP.HCM - Khóa T.3/2015 - (VB.2-ĐTTX) - Tài Chính Ngân Hàng','0'),('TP','TP214913','TP252','TP.HCM - Khóa T.7/2015 - (VB.2-ĐTTX) - Tài Chính Ngân Hàng','0'),('TP','TP215212X','TP264X','TP.HCM - Khóa T.3/2016 - (VB.2-ĐTTX) - XD-K.Kỹ Thuật','0'),('TP','TP215212Y','TP264Y','TP.HCM - Khóa T.3/2016 - (VB.2-ĐTTX) - XD-K.Kinh tế','0'),('TP','TP215213X','TP254Y','TP.HCM - Khóa T.7/2016 - (VB.2-ĐTTX) - XD-K.Kỹ Thuật','0'),('TP','TP215213Y','TP254Y','TP.HCM - Khóa T.7/2016 - (VB.2-ĐTTX) - XD-K.Kinh tế','0'),('TP','TP21521X','TP253X','TP.HCM - Khóa T.11/2015 - (VB.2-ĐTTX) - XD-K.Kỹ Thuật','0'),('TP','TP21521Y','TP253Y','TP.HCM - Khóa T.11/2015 - (VB.2-ĐTTX) - XD-K.Kinh tế','0'),('TP','TP215222X','TP254Y','TP.HCM - Khóa T.3/2016 - (VB.2-ĐTTX)-Cấp th nước-K.Kỹ Thuật','0'),('TP','TP215222Y','TP254Y','TP.HCM - Khóa T.3/2016 - (VB.2-ĐTTX)-Cấp th nước-K.Kinh Tế','0'),('TP','TP215223X','TP276X','TP.HCM - Khóa T.7/2016 - (VB.2-ĐTTX)-Cấp th nước-K.Kỹ Thuật','0'),('TP','TP215223Y','TP276Y','TP.HCM - Khóa T.7/2016 - (VB.2-ĐTTX)-Cấp th nước-K.Kinh Tế','0'),('TP','TP21522X','TP254X','TP.HCM - Khóa T.11/2015 - (VB.2-ĐTTX)-Cấp th nước-K.Kỹ Thuật','0'),('TP','TP21522Y','TP254Y','TP.HCM - Khóa T.11/2015 - (VB.2-ĐTTX)-Cấp th nước-K.Kinh Tế','0'),('TP','TP21531','TP255','Chưa xác định','0'),('TP','TP21532','TP256','TP.HCM - Khóa T.11/2015 - (VB.2-ĐTTX) - Luật Kinh Tế','0'),('TP','TP215322','TP267','TP.HCM - Khóa T.3/2016 - (VB.2-ĐTTX) - Luật Kinh Tế','0'),('TP','TP215323','TP277','TP.HCM - Khóa T.7/2016 - (VB.2-ĐTTX) - Luật Kinh Tế','0'),('TP','TP21541','TP257','TP.HCM - Khóa T.11/2015 - (VB.2-ĐTTX) - Quản Trị Kinh Doanh','0'),('TP','TP215412','TP268','TP.HCM - Khóa T.3/2016 - (VB.2-ĐTTX) - Quản Trị Kinh Doanh','0'),('TP','TP215413','TP278','TP.HCM - Khóa T.7/2016 - (VB.2-ĐTTX) - Quản Trị Kinh Doanh','0'),('TP','TP21562','TP258','Chưa xác định','0'),('TP','TP215622','TP269','TP.HCM - Khóa T.3/2016 - (VB.2-ĐTTX) - Công Tác Xã Hội','0'),('TP','TP215623','TP279','TP.HCM - Khóa T.7/2016 - (VB.2-ĐTTX) - Công Tác Xã Hội','0'),('TP','TP21566','TP259','TP.HCM - Khóa T.11/2015 - (VB.2-ĐTTX) - XHH - Tổ Chức & QLNS','0'),('TP','TP21570','TP260','TP.HCM - Khóa T.11/2015 - (VB.2-ĐTTX) - Tiếng Anh','0'),('TP','TP215702','TP271','TP.HCM - Khóa T.3/2016 - (VB.2-ĐTTX) - Tiếng Anh','0'),('TP','TP215703','TP280','TP.HCM - Khóa T.7/2016 - (VB.2-ĐTTX) - Tiếng Anh','0'),('TP','TP21573','TP261','TP.HCM - Khóa T.11/2015 - (VB.2-ĐTTX) - Tiếng Anh Thương Mại','0'),('TP','TP215732','TP272','TP.HCM - Khóa T.3/2016- (VB.2-ĐTTX) - Tiếng Anh Thương Mại','0'),('TP','TP215733','TP281','TP.HCM - Khóa T.7/2016- (VB.2-ĐTTX) - Tiếng Anh Thương Mại','0'),('TP','TP21581','TP262','TP.HCM - Khóa T.11/2015 - (VB.2-ĐTTX) - Kế Toán','0'),('TP','TP215812','TP273','TP.HCM - Khóa T.3/2016- (VB.2-ĐTTX) - Kế Toán','0'),('TP','TP215813','TP282','TP.HCM - Khóa T.7/2016- (VB.2-ĐTTX) - Kế Toán','0'),('TP','TP21591','TP263','TP.HCM - Khóa T.11/2015 - (VB.2-ĐTTX) - Tài Chính Ngân Hàng','0'),('TP','TP215912','TP274','TP.HCM - Khóa T.3/2016 - (VB.2-ĐTTX) - Tài Chính Ngân Hàng','0'),('TP','TP215913','TP283','TP.HCM - Khóa T.7/2016 - (VB.2-ĐTTX) - Tài Chính Ngân Hàng','0'),('TP','TP216212X','TP294Y','TP.HCM - Khóa T.3/2017 - (VB.2-ĐTTX) - XD-K.Kỹ Thuật','0'),('TP','TP216212Y','TP294Y','TP.HCM - Khóa T.3/2017 - (VB.2-ĐTTX) - XD-K.Kinh tế','0'),('TP','TP216213X','TP2003Y','TP.HCM - Khóa T.7/2017 - (VB.2-ĐTTX) - XD-K.Kỹ Thuật','0'),('TP','TP216213Y','TP2003Y','TP.HCM - Khóa T.7/2017 - (VB.2-ĐTTX) - XD-K.Kinh tế','0'),('TP','TP21621X','TP284Y','TP.HCM - Khóa T.11/2016 - (VB.2-ĐTTX) - XD-K.Kỹ Thuật','0'),('TP','TP21621Y','TP284Y','TP.HCM - Khóa T.11/2016 - (VB.2-ĐTTX) - XD-K.Kinh tế','0'),('TP','TP216222X','TP294Y','TP.HCM - Khóa T.3/2017 - (VB.2-ĐTTX)-Cấp th nước-K.Kỹ Thuật','0'),('TP','TP216222Y','TP294Y','TP.HCM - Khóa T.3/2017 - (VB.2-ĐTTX)-Cấp th nước-K.Kinh tế','0'),('TP','TP21622X','TP285Y','Chưa xác định','0'),('TP','TP21622Y','TP285Y','Chưa xác định','0'),('TP','TP21632','TP277','TP.HCM - Khóa T.11/2016 - (VB.2-ĐTTX) - Luật Kinh Tế','0'),('TP','TP216322','TP295','TP.HCM - Khóa T.3/2017 - (VB.2-ĐTTX) - Luật Kinh Tế','0'),('TP','TP216323','TP2005','TP.HCM - Khóa T.7/2017 - (VB.2-ĐTTX) - Luật Kinh Tế','0'),('TP','TP21641','TP553','TP.HCM - Khóa T.11/2016 - (VB.2-ĐTTX) - Quản Trị Kinh Doanh','0'),('TP','TP216412','TP557','TP.HCM - Khóa T.3/2017 - (VB.2-ĐTTX) - Quản Trị Kinh Doanh','0'),('TP','TP216413','TP561','TP.HCM - Khóa T.7/2017 - (VB.2-ĐTTX) - Quản Trị Kinh Doanh','0'),('TP','TP21662','TP288','Chưa xác định','0'),('TP','TP216622','TP297','TP.HCM - Khóa T.3/2017 - (VB.2-ĐTTX) - Công Tác Xã Hội','0'),('TP','TP216623','TP2007','TP.HCM - Khóa T.7/2017 - (VB.2-ĐTTX) - Công Tác Xã Hội','0'),('TP','TP21670','TP289','TP.HCM - Khóa T.11/2016 - (VB.2-ĐTTX) - Tiếng Anh','0'),('TP','TP216702','TP169','TP.HCM - Khóa T.3/2017 - (VB.2-ĐTTX) - Tiếng Anh','0'),('TP','TP216703','TP2008','TP.HCM - Khóa T.7/2017 - (VB.2-ĐTTX) - Tiếng Anh','0'),('TP','TP21673','TP290','TP.HCM - Khóa T.11/2016- (VB.2-ĐTTX) - Tiếng Anh Thương Mại','0'),('TP','TP216732','TP299','TP.HCM - Khóa T.3/2017- (VB.2-ĐTTX) - Tiếng Anh Thương Mại','0'),('TP','TP21673A','TP290A','TP.HCM - Khóa T.11/2016- (VB.2-ĐTTX) - Tiếng Anh TM (L.TS)','0'),('TP','TP21681','TP292','TP.HCM - Khóa T.11/2016- (VB.2-ĐTTX) - Kế Toán','0'),('TP','TP216812','TP2001','TP.HCM - Khóa T.3/2017- (VB.2-ĐTTX) - Kế Toán','0'),('TP','TP216813','TP2010','TP.HCM - Khóa T.7/2017- (VB.2-ĐTTX) - Kế Toán','0'),('TP','TP21691','TP292','Chưa xác định','0'),('TP','TP216912','TP2002','TP.HCM - Khóa T.3/2017 - (VB.2-ĐTTX) - Tài Chính Ngân Hàng','0'),('TP','TP217211','TP201','TP.HCM - Khóa T.11/2017 - (VB.2-ĐTTX) - Xây Dựng','0'),('TP','TP217321','TP202','TP.HCM - Khóa T.11/2017 - (VB.2-ĐTTX) - Luật kinh tế','0'),('TP','TP217323','TP205','TP.HCM - Khóa T.7/2018 - (VB2-ĐTTX) - Luật kinh tế','0'),('TP','TP217701','TP203','TP.HCM - Khóa T.11/2017 - (VB.2-ĐTTX) - Ngôn ngữ Anh','0'),('TP','TP217703','TP206','TP.HCM - Khóa T.7/2018 - (VB2-ĐTTX) - Ngôn ngữ Anh','0'),('TP','TP218211','TP207','TP.HCM - Khóa T.11/2018 - (VB.2-ĐTTX) - Xây Dựng','0'),('TP','TP218412','TP110','TP.HCM - Khóa T.3/2019 - (VB2-ĐTTX) - QTKD','0'),('TP','TP218702','TP106','TP.HCM - Khóa T.3/2019 - (VB2-ĐTTX) - Ngôn ngữ Anh','0'),('TP','TP2192131','TP119','TP.HCM - Khóa T.7/2020 - (VB2-ĐTTX) - Xây Dựng','0'),('TP','TP2197031','TP118','TP.HCM - Khóa T.7/2020 - (VB2-ĐTTX) - Ngôn ngữ Anh','0'),('TP','TP2207031','TP1013','TP.HCM - Khóa T.7/2021 - (VB2-ĐTTX) - Ngôn ngữ Anh','0'),('TP','TP221212','TP1014','TP.HCM - Khóa T.3/2022 - (VB2-ĐTTX) - Xây Dựng','0'),('TP','TP305702','TP305702','TP - Hệ VHVL - Khóa 3/2006 - Tiếng Anh CN BPD TMDL','0'),('TP','TP30721','TP301','TP - Khóa 2007 - VLVH - Xây dựng','0'),('TP','TP30770','TP304','TP - Khóa 9/2007 - VLVH - Tiếng Anh CN BPD TMDL','0'),('TP','TP30821','TP307','TP - Khóa 2008 - VLVH - Xây dựng','0'),('TP','TP30841','TP308','TP - Khóa 2008 - VLVH - Quản Trị Kinh Doanh','0'),('TP','TP30870','TP309','TP - Khóa 2008 - VLVH - Tiếng Anh CN BPD TMDL','0'),('TP','TP30881','TP310','TP - Khóa 2008 - VLVH - Kế Toán','0'),('TP','TP30890','TP311','TP - Khóa 2008 - VLVH - Tài Chính Ngân Hàng','0'),('TP','TP309213','TP312','TP - Khóa 2/2010 - VLVH - Xây Dựng','0'),('TP','TP309412','TP315','TP - Khóa 1/2010 - VLVH - Quản Trị Kinh Doanh','0'),('TP','TP309702','TP316','TP - Khóa 1/2010 - VLVH - Tiếng Anh thương mại','0'),('TP','TP309813','TP318','TP - Khóa 2/2010 - VLVH - Kế Toán','0'),('TP','TP309902','TP320','TP - Khóa 1/2010 - VLVH - Tài Chính Ngân Hàng','0'),('TP','TP31032','TP313','TP - Khóa 3/2010 - VLVH - Luật Kinh Tế','0'),('TP','TP31041','TP314','TP - Khóa 3/2010 - VLVH - Quản Trị KD','0'),('TP','TP31081','TP319','TP - Khóa 3/2010 - VLVH - Kế Toán','0'),('TP','TP31090','TP322','TP - Khóa 3/2010 - VLVH - Tài Chính Ngân Hàng','0'),('TP','TP311322','TP323','TP - Khóa 2011 - VLVH - Luật Kinh Tế','0'),('TP','TP311412','TP324','TP - Khóa 2011 - VLVH - Quản Trị KD','0'),('TP','TP311812','TP325','TP - Khóa 2011 - VLVH - Kế Toán','0'),('TP','TP311902','TP326','TP - Khóa 2011 - VLVH - Tài Chính Ngân Hàng','0'),('TP','TP31232','TP327','TP - Khóa 1/2013 - VLVH - Luật Kinh Tế','0'),('TP','TP312322','TP327','Chưa xác định','0'),('TP','TP31241','TP328','TP - Khóa 1/2013 - VLVH - Quản Trị Kinh Doanh','0'),('TP','TP312412','TP328','Chưa xác định','0'),('TP','TP31321','TP329','TP - Khóa 2/2013 - VLVH - Xây Dựng','0'),('TP','TP31332','TP330','TP - Khóa 2/2013 - VLVH - Luật Kinh Tế','0'),('TP','TP31341','TP331','TP - Khóa 2/2013 - VLVH - Quản Trị Kinh Doanh','0'),('TP','TP31362','TP332','TP - Khóa 2/2013 - VLVH - Công Tác Xã Hội','0'),('TP','TP31421','TP333','TP - Khóa 2014 - VLVH - Xây Dựng','0'),('TP','TP31432','TP334','TP - Khóa 2014 - VLVH - Luật Kinh Tế','0'),('TP','TP31441','TP335','TP - Khóa 2014 - VLVH - Quản Trị Kinh Doanh','0'),('TP','TP31462','TP336','TP - Khóa 2014 - VLVH - CTXH','0'),('TP','TP31473A','TP338A','TP - Khóa 2014 - VLVH - TATM','0'),('TP','TP31481','TP339','TP - Khóa 2014 - VLVH - Kế Toán','0'),('TP','TP31521','TP340','TP - Khóa 2015 - VLVH - Xây Dựng','0'),('TP','TP31532','TP341','TP - Khóa 2015 - VLVH - Luật Kinh Tế','0'),('TP','TP315322','TP346','TP - Khóa 2016 - VLVH - Luật Kinh Tế','0'),('TP','TP31541','TP342','TP - Khóa 2015 - VLVH - Quản Trị Kinh Doanh','0'),('TP','TP31562','TP343','TP - Khóa 2015 - VLVH - CTXH','0'),('TP','TP315702','TP344','TP - Khóa 2016 - VLVH - TA','0'),('TP','TP31573','TP344','TP - Khóa 2015 - VLVH - TATM','0'),('TP','TP31581','TP345','TP - Khóa 2015 - VLVH - Kế Toán','0'),('TP','TP315812','TP349','TP - Khóa 2016 - VLVH - Kế Toán','0'),('TP','TP316343','TP350','TP - Khóa 3/2017 - VLVH - Luật','0'),('TP','TP316703','TP350','TP - Khóa 3/2017 - VLVH - Ngôn Ngữ Anh','0'),('TP','TP317211','TP352','TP - Khóa 4/2017 - VLVH - Xây Dựng','0'),('TP','TP317321','TP353','TP - Khóa 4/2017 - VLVH - Luật kinh tế','0'),('TP','TP317323','TP317','TP - Khóa 2/2018 - VLVH - Luật kinh tế','0'),('TP','TP317341','TP353','TP - Khóa 4/2017 - VLVH - Luật','0'),('TP','TP317342','TP359','TP - Khóa 1/2018 - VLVH - Luật','0'),('TP','TP317411','TP355','TP - Khóa 4/2017 - VLVH - QTKD','0'),('TP','TP317412','TP318','TP - Khóa 1/2018 - VLVH - QTKD','0'),('TP','TP317413','TP318','TP - Khóa 2/2018 - VLVH - QTKD','0'),('TP','TP317701','TP356','TP - Khóa 4/2017 - VLVH - Ngôn Ngữ Anh','0'),('TP','TP317702','TP319','TP - Khóa 1/2018 - VLVH - Ngôn Ngữ Anh','0'),('TP','TP317703','TP319','TP - Khóa 2/2018 - VLVH - Ngôn Ngữ Anh','0'),('TP','TP317811','TP357','TP - Khóa 4/2017 - VLVH - Kế toán','0'),('TP','TP317813','TP320','TP - Khóa 2/2018 - VLVH - Kế toán','0'),('TP','TP318211','TP361','TP - Khóa 3/2018 - VLVH - Xây Dựng','0'),('TP','TP318323','TP366','TP - Khóa 2/2019 - VLVH - Luật kinh tế','0'),('TP','TP318343','TP367','TP - Khóa 2/2019 - VLVH - Luật','0'),('TP','TP318411','TP362','TP - Khóa 3/2018 - VLVH - QTKD','0'),('TP','TP318412','TP364','TP - Khóa 1/2019 - VLVH - QTKD','0'),('TP','TP318413','TP368','TP - Khóa 2/2019 - VLVH - QTKD','0'),('TP','TP318701','TP363','TP - Khóa 3/2018 - VLVH - Ngôn Ngữ Anh','0'),('TP','TP318702','TP365','TP - Khóa 1/2019 - VLVH - Ngôn Ngữ Anh','0'),('TP','TP318703','TP369','TP - Khóa 2/2019 - VLVH - Ngôn Ngữ Anh','0'),('TP','TP3187032','TP370','TP - Khóa 3/2019 - VLVH - Ngôn Ngữ Anh','0'),('TP','TP318903','TP320','TP - Khóa 2/2019 - VLVH - Tài Chính Ngân Hàng','0'),('TP','TP3193211','TP371','TP - Khóa 4/2019 - VLVH - Luật Kinh Tế','0'),('TP','TP3193411','TP371','TP - Khóa 4/2019 - VLVH - Luật','0'),('TP','TP3194111','TP372','TP - Khóa 4/2019 - VLVH - QTKD','0'),('TP','TP3197011','TP373','TP - Khóa 4/2019 - VLVH - Ngôn Ngữ Anh','0'),('TP','TP3198111','TP374','TP - Khóa 4/2019 - VLVH - Kế Toán','0'),('TP','TP3202111','TP374','TP - Khóa 2/2020 - VLVH - Xây Dựng','0'),('TP','TP3203411','TP371','TP - Khóa 2/2020 - VLVH - Luật','0'),('TP','TP3203431','TP371','TP - Khóa 2/2021 - VLVH - Luật','0'),('TP','TP3204111','TP372','TP - Khóa 2/2020 - VLVH - QTKD','0'),('TP','TP3207011','TP373','TP - Khóa 2/2020 - VLVH - Ngôn Ngữ Anh','0'),('TP','TP3207031','TP382','TP - Khóa 2/2021 - VLVH - Ngôn Ngữ Anh','0'),('TP','TP3208111','TP374','TP - Khóa 2/2020 - VLVH - Kế Toán','0'),('TP','TP3208131','TP384','TP - Khóa 2/2021 - VLVH - Kế Toán','0'),('TP','TP321343','TP388','TP - Khóa 2022 - VB1 VLVH - Luật','0'),('TP','TP321412','TP386','TP - Khóa 2022 - VB1 VLVH - QTKD','0'),('TP','TP321413','TP37201','TPHCM - Khóa 3/2022 -VLVH- QTKD','0'),('TP','TP321702','TP387','TP - Khóa 2022 - VB1 VLVH - Ngôn Ngữ Anh','0'),('TP','TP321703','TP389','TPHCM - Khóa 3/2022 -VLVH- Ngôn Ngữ Anh','0'),('TP','TP321813','TP389','TPHCM - Khóa 3/2022 -VLVH- Kế toán','0'),('TP','TP41312','TP402','Chưa xác định','0'),('TP','TP413322','TP401','TP - Khóa 1/2014 - VLVH - VB2 - Luật Kinh Tế','0'),('TP','TP413322B','TP401B','TP - Khóa 1/2014 (Lớp B) - VLVH - VB2 - Luật Kinh Tế','0'),('TP','TP413412','TP402','TP - Khóa 1/2014 - VLVH - VB2 - Quản Trị Kinh Doanh','0'),('TP','TP413412B','TP402B','TP - Khóa 1/2014 (Lớp B) - VLVH - VB2 - Quản Trị Kinh Doanh','0'),('TP','TP413732','TP403','TP - Khóa 1/2014 - VLVH - VB2 -  Tiếng Anh Thương Mại','0'),('TP','TP413732B','TP403B','TP - Khóa 1/2014 (Lớp B) - VLVH - VB2 - Tiếng Anh Thương Mại','0'),('TP','TP413812','TP404','TP - Khóa 1/2014 - VLVH - VB2 -  Kế Toán','0'),('TP','TP413812B','TP404B','TP - Khóa 1/2014 (Lớp B) - VLVH - VB2 -  Kế Toán','0'),('TP','TP413902','TP405','TP - Khóa 1/2014 - VLVH - VB2 -  Tài Chính Ngân Hàng','0'),('TP','TP413902B','TP405B','TP - Khóa 1/2014 (Lớp B) - VLVH - VB2 -  Tài Chính Ngân Hàng','0'),('TP','TP41532','TP406','TP - Khóa 2015 - VLVH - VB2 - Luật Kinh Tế','0'),('TP','TP415322','TP415','TP - Khóa 2016 - VLVH - VB2 - Luật Kinh Tế','0'),('TP','TP41541','TP408','TP - Khóa 2015 - VLVH - VB2 - Quản Trị Kinh Doanh','0'),('TP','TP415412','TP411','TP - Khóa 2016 - VLVH - VB2 - Quản Trị Kinh Doanh','0'),('TP','TP415702','TP407','TP - Khóa 2016 - VLVH - VB2 -  Tiếng Anh','0'),('TP','TP41573','TP407','TP - Khóa 2015 - VLVH - VB2 -  Tiếng Anh Thương Mại','0'),('TP','TP41581','TP409','TP - Khóa 2015 - VLVH - VB2 -  Kế Toán','0'),('TP','TP415812','TP413','TP - Khóa 2016 - VLVH - VB2 -  Kế Toán','0'),('TP','TP41590','TP410','TP - Khóa 2015 - VLVH - VB2 - Tài Chính Ngân Hàng','0'),('TP','TP415902','TP414','TP - Khóa 2016 - VLVH - VB2 - Tài Chính Ngân Hàng','0'),('TP','TP416323','TP419','TP - Khóa 3/2017 - VLVH - VB2 - Luật Kinh Tế','0'),('TP','TP41670','TP417','TP - Khóa 2017 - VLVH - VB2 -  Tiếng Anh','0'),('TP','TP416702','TP417','TP - Khóa 2/2017 - VLVH - VB2 -  Tiếng Anh','0'),('TP','TP41670A','TP417A','Chưa xác định','0'),('TP','TP417211','TP420','TP - Khóa 4/2017 - VLVH - VB2 - Xây Dựng','0'),('TP','TP417321','TP353','TP - Khóa 4/2017 - VLVH - VB2 - Luật kinh tế','0'),('TP','TP417323','TP427','TP - Khóa 2/2018 - VLVH - VB2 - Luật kinh tế','0'),('TP','TP417411','TP424','TP - Khóa 4/2017 - VLVH - VB2 - QTKD','0'),('TP','TP417413','TP428','TP - Khóa 2/2018 - VLVH - VB2 - QTKD','0'),('TP','TP417701','TP356','TP - Khóa 4/2017 - VLVH - VB2 - Ngôn Ngữ Anh','0'),('TP','TP417702','TP425','TP - Khóa 1/2018 - VLVH - VB2 - Ngôn Ngữ Anh','0'),('TP','TP417703','TP356','TP - Khóa 2/2018 - VLVH - VB2 - Ngôn Ngữ Anh','0'),('TP','TP417811','TP424','TP - Khóa 4/2017 - VLVH - VB2 - Kế toán','0'),('TP','TP417813','TP430','TP - Khóa 2/2018 - VLVH - VB2 - Kế toán','0'),('TP','TP418211','TP431','TP - Khóa 3/2018 - VLVH - VB2 - Xây Dựng','0'),('TP','TP418323','TP367','TP - Khóa 2/2019 - VLVH - VB2 - Luật kinh tế','0'),('TP','TP418411','TP432','TP - Khóa 3/2018 - VLVH - VB2 - QTKD','0'),('TP','TP418412','TP364','TP - Khóa 1/2019 - VLVH - VB2 - QTKD','0'),('TP','TP418413','TP437','TP - Khóa 2/2019 - VLVH - VB2 - QTKD','0'),('TP','TP418701','TP363','TP - Khóa 3/2018 - VLVH - VB2 - Ngôn Ngữ Anh','0'),('TP','TP418702','TP435','TP - Khóa 1/2019 - VLVH - VB2 - Ngôn Ngữ Anh','0'),('TP','TP418703','TP438','TP - Khóa 2/2019 - VLVH - VB2 - Ngôn Ngữ Anh','0'),('TP','TP4187032','TP441','TP - Khóa 3/2019 - VLVH - VB2 - Ngôn Ngữ Anh','0'),('TP','TP418813','TP439','TP - Khóa 2/2019 - VLVH - VB2 - Kế Toán','0'),('TP','TP418903','TP440','TP - Khóa 2/2019 - VLVH - VB2 - Tài Chính Ngân Hàng','0'),('TP','TP4193211','TP441','TP - Khóa 4/2019 - VLVH - VB2 - Luật Kinh Tế','0'),('TP','TP4194111','TP442','TP - Khóa 4/2019 - VLVH - VB2 - QTKD','0'),('TP','TP4197011','TP369','TP - Khóa 4/2019 - VLVH - VB2 - Ngôn Ngữ Anh','0'),('TP','TP4198111','TP444','TP - Khóa 4/2019 - VLVH - VB2 - Kế Toán','0'),('TP','TP4202111','TP377','TP - Khóa 2/2020 - VLVH - VB2 - Xây Dựng','0'),('TP','TP4203211','TP378','TP - Khóa 2/2020 - VLVH - VB2 - Luật Kinh Tế','0'),('TP','TP4203431','TP371','TP - Khóa 2/2021 - VLVH - VB2 - Luật','0'),('TP','TP4204111','TP379','TP - Khóa 2/2020 - VLVH - VB2 - QTKD','0'),('TP','TP4207011','TP370','TP - Khóa 2/2020 - VLVH - VB2 - Ngôn Ngữ Anh','0'),('TP','TP4207031','TP382','TP - Khóa 2/2021 - VLVH - VB2 - Ngôn Ngữ Anh','0'),('TP','TP4208111','TP381','TP - Khóa 2/2020 - VLVH - VB2 - Kế Toán','0'),('TP','TP4208131','TP384','TP - Khóa 2/2021 - VLVH - VB2 - Kế Toán','0'),('TP','TP421343','TP388','TP - Khóa 2022 - VLVH - VB2 - Luật','0'),('TP','TP421412','TP386','TP - Khóa 2022 - VLVH - VB2 - QTKD','0'),('TP','TP421702','TP387','TP - Khóa 2022 - VLVH - VB2 - Ngôn Ngữ Anh','0'),('TP','TP421703','TP390','TPHCM - Khóa 3/2022 - VB2 Ngôn Ngữ Anh','0'),('TP','TP421813','TP389','TPHCM - Khóa 3/2022 - VB2 Kế toán','0'),('TP','TP422702','TP461','TPHCM - Khóa 1/2023 - VB2 Ngôn Ngữ Anh','0'),('TP','TP513142','TP501','TPHCM - Khóa T.3/2014 - LTĐH (ĐTTX) - KHMT - Mạng Máy Tính','0'),('TP','TP513152','TP502','TPHCM - Khóa T.3/2014 - LTĐH (ĐTTX) - KHMT - Cơ Sở Dữ Liệu','0'),('TP','TP513162','TP503','TPHCM - Khóa T.3/2014 - LTĐH (ĐTTX) - KHMT- Đồ Họa Máy Tính','0'),('TP','TP513212','TP504','TPHCM - Khóa T.3/2014 - LTĐH (ĐTTX) - Xây Dựng','0'),('TP','TP513222','TP505','TPHCM - Khóa T.3/2014 - LTĐH (ĐTTX) - Xây Dựng - Cấp Th Nước','0'),('TP','TP513412','TP506','TPHCM - Khóa T.3/2014 - LTĐH (ĐTTX) - Quản Trị Kinh Doanh','0'),('TP','TP513432','TP507','Chưa xác định','0'),('TP','TP513482','TP508','Chưa xác định','0'),('TP','TP513622','TP509','TPHCM - Khóa T.3/2014 - LTĐH (ĐTTX) - Công Tác Xã Hội','0'),('TP','TP513812','TP510','TPHCM - Khóa T.3/2014 - LTĐH (ĐTTX) - Kế Toán','0'),('TP','TP513822','TP511','TPHCM - Khóa T.3/2014 - LTĐH (ĐTTX) - Kế Toán Kiểm Toán','0'),('TP','TP513912','TP512','TPHCM - Khóa T.3/2014 - LTĐH (ĐTTX) - Tài Chính Ngân Hàng','0'),('TP','TP513922','TP513','Chưa xác định','0'),('TP','TP513932','TP514','Chưa xác định','0'),('TP','TP513942','TP515','Chưa xác định','0'),('TP','TP51421','TP513','TPHCM - Khóa T.9/2014 - LTĐH (ĐTTX) - Xây Dựng','0'),('TP','TP514212','TP520','TPHCM - Khóa T.3/2015 - LTĐH (ĐTTX) - Xây Dựng','0'),('TP','TP514213','TP528','TPHCM - Khóa T.7/2015 - LTĐH (ĐTTX) - Xây Dựng','0'),('TP','TP51422','TP514','TPHCM - Khóa T.9/2014 - LTĐH (ĐTTX) - Xây Dựng - Cấp Th Nước','0'),('TP','TP514222','TP521','TPHCM - Khóa T.3/2015 - LTĐH (ĐTTX) - Xây Dựng - Cấp Th Nước','0'),('TP','TP514223','TP529','TPHCM - Khóa T.7/2015 - LTĐH (ĐTTX) - Xây Dựng - Cấp Th Nước','0'),('TP','TP51441','TP515','TPHCM - Khóa T.9/2014 - LTĐH (ĐTTX) - Quản Trị Kinh Doanh','0'),('TP','TP514412','TP522','TPHCM - Khóa T.3/2015 - LTĐH (ĐTTX) - Quản Trị Kinh Doanh','0'),('TP','TP514413','TP530','TPHCM - Khóa T.7/2015 - LTĐH (ĐTTX) - Quản Trị Kinh Doanh','0'),('TP','TP51462','TP516','Chưa xác định','0'),('TP','TP514622','TP523','TPHCM - Khóa T.3/2015 - LTĐH (ĐTTX) - Công Tác Xã Hội','0'),('TP','TP514623','TP531','Chưa xác định','0'),('TP','TP51481','TP517','TPHCM - Khóa T.9/2014 - LTĐH (ĐTTX) - Kế Toán','0'),('TP','TP514812','TP524','TPHCM - Khóa T.3/2015 - LTĐH (ĐTTX) - Kế Toán','0'),('TP','TP514813','TP532','TPHCM - Khóa T.7/2015 - LTĐH (ĐTTX) - Kế Toán','0'),('TP','TP514823','TP533','Chưa xác định','0'),('TP','TP51491','TP518','TPHCM - Khóa T.9/2014 - LTĐH (ĐTTX) - Tài Chính Ngân Hàng','0'),('TP','TP514912','TP525','TPHCM - Khóa T.3/2015 - LTĐH (ĐTTX) - Tài Chính Ngân Hàng','0'),('TP','TP514913','TP534','TPHCM - Khóa T.7/2015 - LTĐH (ĐTTX) - Tài Chính Ngân Hàng','0'),('TP','TP515132','TP552','TPHCM - Khóa T.3/2016- LTĐH (ĐTTX) - CNSH','0'),('TP','TP51521','TP535','TPHCM - Khóa T.11/2015 - LTĐH (ĐTTX) - Xây Dựng','0'),('TP','TP515212','TP536','TPHCM - Khóa T.3/2016- LTĐH (ĐTTX) - Xây Dựng','0'),('TP','TP515213','TP548','TPHCM - Khóa T.7/2016- LTĐH (ĐTTX) - Xây Dựng','0'),('TP','TP51522','TP536','Chưa xác định','0'),('TP','TP51541','TP537','TPHCM - Khóa T.11/2015 - LTĐH (ĐTTX) - Quản Trị Kinh Doanh','0'),('TP','TP515412','TP544','TPHCM - Khóa T.3/2016 - LTĐH (ĐTTX) - Quản Trị Kinh Doanh','0'),('TP','TP515413','TP549','TPHCM - Khóa T.7/2016 - LTĐH (ĐTTX) - Quản Trị Kinh Doanh','0'),('TP','TP51562','TP538','Chưa xác định','0'),('TP','TP51581','TP539','TPHCM - Khóa T.11/2015 - LTĐH (ĐTTX) - Kế Toán','0'),('TP','TP515812','TP540','TPHCM - Khóa T.3/2016 - LTĐH (ĐTTX) - Kế Toán','0'),('TP','TP515813','TP547','TPHCM - Khóa T.7/2016 - LTĐH (ĐTTX) - Kế Toán','0'),('TP','TP51591','TP540','TPHCM - Khóa T.11/2015 - LTĐH (ĐTTX) - Tài Chính Ngân Hàng','0'),('TP','TP515912','TP547','TPHCM - Khóa T.3/2016 - LTĐH (ĐTTX) - Tài Chính Ngân Hàng','0'),('TP','TP515913','TP551','TPHCM - Khóa T.7/2016 - LTĐH (ĐTTX) - Tài Chính Ngân Hàng','0'),('TP','TP51621','TP552','Chưa xác định','0'),('TP','TP516212','TP556','TPHCM - Khóa T.3/2017- LTĐH (ĐTTX) - Xây Dựng','0'),('TP','TP516213','TP560','TPHCM - Khóa T.7/2017- LTĐH (ĐTTX) - Xây Dựng','0'),('TP','TP51641','TP553','TPHCM - Khóa T.11/2016 - LTĐH (ĐTTX) - Quản Trị Kinh Doanh','0'),('TP','TP516412','TP557','TPHCM - Khóa T.3/2017 - LTĐH (ĐTTX) - Quản Trị Kinh Doanh','0'),('TP','TP516413','TP561','TPHCM - Khóa T.7/2017 - LTĐH (ĐTTX) - Quản Trị Kinh Doanh','0'),('TP','TP51681','TP554','TPHCM - Khóa T.11/2016 - LTĐH (ĐTTX) - Kế Toán','0'),('TP','TP516812','TP558','TPHCM - Khóa T.3/2017 - LTĐH (ĐTTX) - Kế Toán','0'),('TP','TP516813','TP562','TPHCM - Khóa T.7/2017 - LTĐH (ĐTTX) - Kế Toán','0'),('TP','TP51691','TP555','TPHCM - Khóa T.11/2016 - LTĐH (ĐTTX) - Tài Chính Ngân Hàng','0'),('TP','TP516912','TP559','TPHCM - Khóa T.3/2017 - LTĐH (ĐTTX) - Tài Chính Ngân Hàng','0'),('TP','TP91441','TP901','TPHCM - Khóa 2014 - LTĐH (VLVH) - Quản Trị Kinh Doanh','0'),('TP','TP91470','TP902','TPHCM - Khóa 2014 - LTĐH (VLVH) - Tiếng Anh','0'),('TP','TP91473','TP902','Chưa xác định','0'),('TP','TP91481','TP903','TPHCM - Khóa 2014 - LTĐH (VLVH) - Kế Toán','0'),('TP','TP91490','TP904','TPHCM - Khóa 2014 - LTĐH (VLVH) - Tài Chính Ngân Hàng','0'),('TP','TP91541','TP905','TPHCM - Khóa 2015 - LTĐH (VLVH) - Quản Trị Kinh Doanh','0'),('TP','TP915412','TP908','TPHCM - Khóa 2016 - LTĐH (VLVH) - Quản Trị Kinh Doanh','0'),('TP','TP91570','TP907','TPHCM - Khóa 2015 - LTĐH (VLVH) - Tiếng Anh','0'),('TP','TP915702','TP909','TPHCM - Khóa 2016 - LTĐH (VLVH) - Tiếng Anh','0'),('TP','TP91581','TP906','TPHCM - Khóa 2015 - LTĐH (VLVH) - Kế Toán','0'),('TP','TP915812','TP910','TPHCM - Khóa 2016 - LTĐH (VLVH) - Kế Toán','0'),('TP','TP915902','TP414','TPHCM - Khóa 2016 - LTĐH (VLVH) - Tài chính Ngân hàng','0'),('TP','TP917211','TP420','TPHCM - Khóa 4/2017 - LTĐH (VLVH) - Xây Dựng','0'),('TP','TP917411','TP913','TPHCM - Khóa 4/2017 - LTĐH (VLVH) - QTKD','0'),('TP','TP917413','TP917','TPHCM - Khóa 2/2018 - LTĐH (VLVH) - QTKD','0'),('TP','TP917701','TP423','TPHCM - Khóa 4/2017 - LTĐH (VLVH) - Ngôn Ngữ Anh','0'),('TP','TP917703','TP418','TPHCM - Khóa 2/2018 - LTĐH (VLVH) - Ngôn Ngữ Anh','0'),('TP','TP917811','TP915','TPHCM - Khóa 4/2017 - LTĐH (VLVH) - Kế toán','0'),('TP','TP917813','TP916','TPHCM - Khóa 2/2018 - LTĐH (VLVH) - Kế toán','0'),('TP','TP917901','TP424','TPHCM - Khóa 4/2017 - LTĐH (VLVH) - Tài chính Ngân hàng','0'),('TP','TP918412','TP364','TPHCM - Khóa 1/2019 - LTĐH (VLVH) - QTKD','0'),('TP','TP918413','TP922','TPHCM - Khóa 2/2019 - LTĐH (VLVH) - QTKD','0'),('TP','TP918702','TP348','TPHCM - Khóa 1/2019 - LTĐH (VLVH) - Ngôn Ngữ Anh','0'),('TP','TP918703','TP348','TPHCM - Khóa 2/2019 - LTĐH (VLVH) - Ngôn Ngữ Anh','0'),('TP','TP9187032','TP926','TPHCM - Khóa 3/2019 - LTĐH (VLVH) - Ngôn Ngữ Anh','0'),('TP','TP918813','TP924','TPHCM - Khóa 2/2019 - LTĐH (VLVH) - Kế Toán','0'),('TP','TP918903','TP924','TPHCM - Khóa 2/2019 - LTĐH (VLVH) - Tài Chính Ngân Hàng','0'),('TP','TP9194111','TP926','TPHCM - Khóa 4/2019 - LTĐH (VLVH) - QTKD','0'),('TP','TP9197011','TP927','TPHCM - Khóa 4/2019 - LTĐH (VLVH) - Ngôn Ngữ Anh','0'),('TP','TP9198111','TP928','TPHCM - Khóa 4/2019 - LTĐH (VLVH) - Kế Toán','0'),('TP','TP9204111','TP379','TPHCM - Khóa 2/2020 - LTĐH (VLVH) - QTKD','0'),('TP','TP9207011','TP932','TPHCM - Khóa 2/2020 - LTĐH (VLVH) - Ngôn Ngữ Anh','0'),('TP','TP9207031','TP370','TPHCM - Khóa 2/2021 - LTĐH (VLVH) - Ngôn Ngữ Anh','0'),('TP','TP9208111','TP381','TPHCM - Khóa 2/2020 - LTĐH (VLVH) - Kế Toán','0'),('TP','TP9208131','TP384','TPHCM - Khóa 2/2021 - LTĐH (VLVH) - Kế Toán','0'),('TP','TP9209011','TP934','TPHCM - Khóa 2/2020 - LTĐH (VLVH) - TCNH','0'),('TP','TP9209021','TP381','TPHCM - Khóa 2/2020 - LTĐH (VLVH) - TCNH','0'),('TP','TP9209031','TP384','TPHCM - Khóa 2/2021 - LTĐH (VLVH) - TCNH','0'),('TP','TP921412','TP386','TPHCM - Khóa 2022 - LTĐH (VLVH) - QTKD','0'),('TP','TP921413','TP38601','TPHCM - Khóa 3/2022 - LT QTKD','0'),('TP','TP921702','TP942','TPHCM - Khóa 2022 - LTĐH (VLVH) - Ngôn Ngữ Anh','0'),('TP','TP921812','TP943','TPHCM - Khóa 2022 - LTĐH (VLVH) - Kế Toán','0'),('TP','TP921813','TP391','TPHCM - Khóa 3/2022 - LT CĐ Kế toán','0'),('TP','TP922702','TP947','TPHCM - Khóa 1/2023 - LTCĐ Ngôn Ngữ Anh','0'),('TP','TP9T198111','TP375','TPHCM - Khóa 4/2019 - LTĐH (VLVH) - Kế Toán','0'),('TP','TP9T208111','TP375','TPHCM - Khóa 2/2020 - LTĐH (VLVH) - Kế Toán','0'),('TP','TP9T208131','TP375','TPHCM - Khóa 2/2021 - LTĐH (VLVH) - Kế Toán','0'),('TP','TP9T21812','TP377','TPHCM - Khóa 2022 - LTĐH (VLVH) - Kế Toán','0'),('TP','TP9T21813','TP377','TPHCM - Khóa 3/2022 - LT TC Kế toán','0'),('TR','TR11032','TR101','Nhơn Trạch/Đồng Nai - Khóa 2010 - Luật Kinh Tế','0'),('TR','TR113312A','TR102','Nhơn Trạch/Đồng Nai - Khóa 2014 (LớP A) - Kinh Tế Luật','0'),('TR','TR116312','TR103','Nhơn Trạch/Đồng Nai - Khóa 2017 - Kinh Tế Luật','0'),('TR','TR120341','TR104','Nhơn Trạch/Đồng Nai - Khóa 2020 - Luật VB1','0'),('TR','TR213322B','TR201','Nhơn Trạch/Đồng Nai - Khóa 2014 -VB2 (LớP B.30) - Luật KT','0'),('TR','TR213322C','TR202','Nhơn Trạch/Đồng Nai - Khóa 2014 -VB2 (LớP C.13) - Luật KT','0'),('TR','TR220341','TR104','Nhơn Trạch/Đồng Nai - Khóa 2020 - Luật VB2','0'),('TT','TT112322','TT101','TT. GDTX Tôn Đức Thắng - K.2013 - Luật Kinh Tế','0'),('TT','TT112622','TT102','TT. GDTX Tôn Đức Thắng - K.2013 - Công Tác Xã Hội','0'),('TV','TV31432',' TV301','Trà Vinh - Hệ VHVL - Khóa 2014 - Luật Kinh Tế','0'),('TV','TV31462',' TV302','Trà Vinh - Hệ VHVL - Khóa 2014 - Công Tác Xã Hội','0'),('TV','TV31562','TV303','Trà Vinh - Hệ VHVL - Khóa 2015 - Công Tác Xã Hội','0'),('TW','TW10931','TW101','Quận 12 - TP.HCM - Khóa 2009 - Kinh tế luật','0'),('VD','VD517412','TP110','Tr CĐ Viễn Đông - Khóa 2018 - LT - ĐTTX -Quản Trị Kinh Doanh','0'),('VL','VL309632','VL302','Vĩnh Long - Hệ VHVL - Khóa 2010 - Công Tác Xã Hội - Luật','0'),('VM','VM518413','VM501','CĐ Việt Mỹ - LT - ĐTTX - Khóa 2019 - Quản Trị Kinh Doanh','0'),('VM','VM518483','VM501','CĐ Việt Mỹ - LT - ĐTTX - Khóa 2019 - QTKD CN QT Du Lịch','0'),('VM','VM518703','VM503','CĐ Việt Mỹ - LT - ĐTTX - Khóa 2019 - Ngôn Ngữ Anh','0'),('VM','VM519412','VM504','CĐ Việt Mỹ - LT - ĐTTX - Khóa 2020 - Quản Trị Kinh Doanh','0'),('VM','VM519701','VM505','CĐ Việt Mỹ - LT - ĐTTX - Khóa 2020 - Ngôn Ngữ Anh','0'),('VM','VM520413','VM506','CĐ Việt Mỹ - LT - ĐTTX - Khóa 2021 - Quản Trị Kinh Doanh','0'),('VM','VM520703','VM507','CĐ Việt Mỹ - LT - ĐTTX - Khóa 2021 - Ngôn Ngữ Anh','0'),('VM','VM521703','VM50801','CĐ Việt Mỹ - LT - ĐTTX - Khóa 2022 - Ngôn Ngữ Anh','0'),('VT',' VT119322','VT120','Chưa xác định','0'),('VT',' VT219322','VT120','Chưa xác định','0'),('VT','VT108812','VT103','Vũng Tàu - Khóa 3/2009 - Kế Toán','0'),('VT','VT11032','VT104','Vũng Tàu - Khóa 2010 - Luật Kinh Tế','0'),('VT','VT11041','VT105','Vũng Tàu - Khóa 2010 - Quản trị kinh doanh','0'),('VT','VT111322','VT107','Vũng Tàu - Khóa 2012 - Luật Kinh Tế','0'),('VT','VT111412','VT106','Vũng Tàu - Khóa 2012 - Quản trị kinh doanh','0'),('VT','VT11332','VT108','Vũng Tàu - Khóa 2013 - Luật Kinh Tế','0'),('VT','VT113322','VT109','Vũng Tàu - Khóa 2014 - Luật Kinh Tế','0'),('VT','VT113412','VT110','Vũng Tàu - Khóa 2014 - Quản Trị Kinh Doanh','0'),('VT','VT11532','VT111','Vũng Tàu - Khóa 2015 - Luật Kinh Tế','0'),('VT','VT11541','VT113','Vũng Tàu - Khóa 2015 - Quản Trị Kinh Doanh','0'),('VT','VT11581','VT112','Vũng Tàu - Khóa 2015 - Kế Toán','0'),('VT','VT11634','VT114','Vũng Tàu - Khóa 2017 - VB1 - Luật Học','0'),('VT','VT116413','VT115','Vũng Tàu - Khóa 2017 - VB1 - Quản Trị Kinh Doanh','0'),('VT','VT116813','VT115','Vũng Tàu - Khóa 2017 - VB1 - Kế Toán','0'),('VT','VT11734','VT117','Vũng Tàu - Khóa 2018 - VB1 - Luật Học','0'),('VT','VT118323','VT119','Vũng Tàu - Khóa 2019 - Luật Kinh Tế','0'),('VT','VT118413','VT118','Vũng Tàu - Khóa 2019 - Quản Trị Kinh Doanh','0'),('VT','VT119322','VT119','Vũng Tàu - Khóa 2020 - Luật Kinh Tế','0'),('VT','VT120411','VT121','Vũng Tàu - Khóa 2021 - Quản Trị Kinh Doanh','0'),('VT','VT121341','VT122','Vũng Tàu - Khóa 2021 - Luật','0'),('VT','VT121343','VT124','Vũng Tàu - Khóa 2022 - Luật VB1','0'),('VT','VT121811','VT123','Vũng Tàu - Khóa 2021 - Kế toán','0'),('VT','VT213322A','VT202','Vũng Tàu - Khóa 2014 (VB.2 - LớpA.30) - Luật Kinh Tế','0'),('VT','VT213322B','VT202B','Vũng Tàu - Khóa 2014 (VB.2 - LớpB.13) - Luật Kinh Tế','0'),('VT','VT21332A','VT201','Vũng Tàu - Khóa 2013 (VB.2-Lớp A) - Luật Kinh Tế','0'),('VT','VT21332B','VT201B','Vũng Tàu - Khóa 2013 (VB.2-Lớp B) - Luật Kinh Tế','0'),('VT','VT213412','VT203','Vũng Tàu - Khóa 2014 (VB.2 - ĐTTX) - Quản Trị Kinh Doanh','0'),('VT','VT21532','VT204','Vũng Tàu - Khóa 2015 VB.2 - ĐTTX - Luật Kinh Tế','0'),('VT','VT21541','VT205','Vũng Tàu - Khóa 2015 VB.2 - ĐTTX - Quản Trị Kinh Doanh','0'),('VT','VT21581','VT206','Vũng Tàu - Khóa 2015 VB.2 - ĐTTX - Kế Toán','0'),('VT','VT216323','VT117','Vũng Tàu - Khóa 2017 VB.2 - ĐTTX - Luật Kinh Tế','0'),('VT','VT216413','VT116','Vũng Tàu - Khóa 2017 VB.2 - ĐTTX - Quản Trị Kinh Doanh','0'),('VT','VT216813','VT115','Vũng Tàu - Khóa 2017 VB.2 - ĐTTX - Kế Toán','0'),('VT','VT218323','VT119','Vũng Tàu - Khóa 2019 VB.2 - ĐTTX - Luật Kinh tế','0'),('VT','VT219322','VT119','Vũng Tàu - Khóa 2020 VB.2 - ĐTTX - Luật Kinh tế','0'),('VT','VT221341','VT122','Vũng Tàu - Khóa 2021 VB.2 - ĐTTX - Luật','0'),('VT','VT221343','VT124','Vũng Tàu - Khóa 2022 - Luật VB2','0'),('VT','VT221811','VT123','Vũng Tàu - Khóa 2021 VB.2 - ĐTTX - Kế Toán','0'),('VT','VT51541','VT501','Vũng Tàu - Khóa 2015 - LT - ĐTTX - Quản Trị Kinh Doanh','0'),('VT','VT51581','VT502','Vũng Tàu - Khóa 2015 - LT - ĐTTX - Kế Toán','0'),('VT','VT516413','VT116','Vũng Tàu - Khóa 2017 - LT - ĐTTX - Quản Trị Kinh Doanh','0'),('VT','VT516813','VT115','Vũng Tàu - Khóa 2017 - LT - ĐTTX - Kế Toán','0'),('VT','VT521811','VT123','Vũng Tàu - Khóa 2021 - LT - ĐTTX - Kế Toán','0'),('XL','XL121343','XL101','XUÂN LỘC - KHÓA 2022 - VB1 LUẬT','0'),('XL','XL221343','XL101','XUÂN LỘC - KHÓA 2022 - VB2 LUẬT','0'),('XL','XL31432','XL301','Xuân Lộc/Đồng Nai - VLVH - Khóa 2014 - Luật Kinh Tế','0'),('XO','XO11031','XO103','Thống Nhất Đồng Nai - Khóa 2010 - Kinh tế luật','0'),('XO','XO11331','XO104','Thống Nhất Đồng Nai - Khóa 2013 - Kinh Tế Luật','0'),('XO','XO115322','XO105','Thống Nhất Đồng Nai - Khóa 2016 - Luật Kinh Tế','0'),('XO','XO116342','XO106','Thống Nhất Đồng Nai - Khóa 2017 - Luật','0'),('XO','XO119342','XO107','Thống Nhất Đồng Nai - Khóa 2020 - Luật','0'),('XO','XO121343','XO108','Thống Nhất Đồng Nai - Khóa 2022 - Luật VB1','0'),('XO','XO122342','XO109','Thống Nhất Đồng Nai - Khóa 2023 - Luật VB1','0'),('XO','XO221343','XO108','Thống Nhất Đồng Nai - Khóa 2022 - Luật VB2','0'),('XO','XO222342','XO109','Thống Nhất Đồng Nai - Khóa 2023 - Luật VB2','0'),('YB','YB11062','YT102','TT.ĐTBD CB DS - Bộ Y Tế/ Bến Tre - Khóa 2010  - CTXH','0'),('YK','YK11162','YT103','TT.ĐTBD CB DS - Bộ Y Tế/ Kiên Giang - Khóa 2011 - CTXH','0'),('YT','YT11062','YT101','TT.ĐTBD CB DS - Bộ Y Tế/ TP.HCM - Khóa 2010  - CTXH','0');
/*!40000 ALTER TABLE `link_unit_accounting` ENABLE KEYS */;
UNLOCK TABLES;

--
-- Table structure for table `permission`
--

DROP TABLE IF EXISTS `permission`;
/*!40101 SET @saved_cs_client     = @@character_set_client */;
/*!50503 SET character_set_client = utf8mb4 */;
CREATE TABLE `permission` (
  `permission` varchar(100) CHARACTER SET utf8 COLLATE utf8_unicode_ci NOT NULL,
  `descript` varchar(500) CHARACTER SET utf8 COLLATE utf8_unicode_ci DEFAULT NULL,
  PRIMARY KEY (`permission`)
) ENGINE=InnoDB DEFAULT CHARSET=utf8mb3 COLLATE=utf8_unicode_ci;
/*!40101 SET character_set_client = @saved_cs_client */;

--
-- Dumping data for table `permission`
--

LOCK TABLES `permission` WRITE;
/*!40000 ALTER TABLE `permission` DISABLE KEYS */;
INSERT INTO `permission` VALUES ('account','Kế toán'),('admin','Administrator'),('ADMIN_DVLK','admin đơn vị liên kết'),('hoc_lieu','Học liệu'),('leader','Lãnh đạo'),('QLV','Quản lý vùng');
/*!40000 ALTER TABLE `permission` ENABLE KEYS */;
UNLOCK TABLES;

--
-- Table structure for table `permission_action`
--

DROP TABLE IF EXISTS `permission_action`;
/*!40101 SET @saved_cs_client     = @@character_set_client */;
/*!50503 SET character_set_client = utf8mb4 */;
CREATE TABLE `permission_action` (
  `ID` int NOT NULL AUTO_INCREMENT,
  `permission` varchar(100) CHARACTER SET utf8 COLLATE utf8_unicode_ci NOT NULL,
  `action` varchar(100) CHARACTER SET utf8 COLLATE utf8_unicode_ci NOT NULL,
  PRIMARY KEY (`ID`,`permission`,`action`),
  KEY `fk_per_ac` (`permission`),
  KEY `fk_ac_per` (`action`),
  CONSTRAINT `fk_ac_per` FOREIGN KEY (`action`) REFERENCES `action` (`action`) ON DELETE CASCADE ON UPDATE CASCADE,
  CONSTRAINT `fk_per_ac` FOREIGN KEY (`permission`) REFERENCES `permission` (`permission`) ON DELETE CASCADE ON UPDATE CASCADE
) ENGINE=InnoDB AUTO_INCREMENT=1523 DEFAULT CHARSET=utf8mb3 COLLATE=utf8_unicode_ci;
/*!40101 SET character_set_client = @saved_cs_client */;

--
-- Dumping data for table `permission_action`
--

LOCK TABLES `permission_action` WRITE;
/*!40000 ALTER TABLE `permission_action` DISABLE KEYS */;
INSERT INTO `permission_action` VALUES (114,'account','accounting'),(144,'account','reset_password'),(1117,'account','guide'),(1359,'account','revenue'),(1519,'account','search'),(1521,'account','list_student'),(1522,'account','one_student'),(54,'admin','course_ware'),(55,'admin','list_student'),(57,'admin','statistical'),(71,'admin','accounting'),(74,'admin','get_class'),(107,'admin','search'),(142,'admin','reset_password'),(1118,'admin','guide'),(1226,'admin','subject_register'),(1281,'admin','one_student'),(1360,'admin','revenue'),(1482,'admin','register'),(1499,'ADMIN_DVLK','accounting'),(1500,'ADMIN_DVLK','course_ware'),(1501,'ADMIN_DVLK','get_class'),(1502,'ADMIN_DVLK','guide'),(1503,'ADMIN_DVLK','list_student'),(1504,'ADMIN_DVLK','one_student'),(1505,'ADMIN_DVLK','reset_password'),(1506,'ADMIN_DVLK','revenue'),(1507,'ADMIN_DVLK','search'),(1508,'ADMIN_DVLK','statistical'),(1509,'ADMIN_DVLK','subject_register'),(109,'hoc_lieu','course_ware'),(1119,'hoc_lieu','guide'),(1227,'hoc_lieu','subject_register'),(1282,'hoc_lieu','one_student'),(1361,'hoc_lieu','revenue'),(100,'leader','list_student'),(101,'leader','get_class'),(103,'leader','search'),(104,'leader','statistical'),(1006,'leader','reset_password'),(1120,'leader','guide'),(1228,'leader','subject_register'),(1283,'leader','one_student'),(1362,'leader','revenue'),(1510,'QLV','get_class'),(1511,'QLV','guide'),(1512,'QLV','list_student'),(1513,'QLV','one_student'),(1514,'QLV','reset_password'),(1515,'QLV','revenue'),(1516,'QLV','search'),(1517,'QLV','statistical'),(1518,'QLV','subject_register');
/*!40000 ALTER TABLE `permission_action` ENABLE KEYS */;
UNLOCK TABLES;

--
-- Table structure for table `receipt_book`
--

DROP TABLE IF EXISTS `receipt_book`;
/*!40101 SET @saved_cs_client     = @@character_set_client */;
/*!50503 SET character_set_client = utf8mb4 */;
CREATE TABLE `receipt_book` (
  `ID_receipt` varchar(100) CHARACTER SET utf8 COLLATE utf8_unicode_ci NOT NULL,
  `ID_dvlk` varchar(5) CHARACTER SET utf8 COLLATE utf8_unicode_ci DEFAULT NULL,
  `dvlk` varchar(255) CHARACTER SET utf8 COLLATE utf8_unicode_ci DEFAULT NULL,
  `ID_semester` varchar(45) CHARACTER SET utf8 COLLATE utf8_unicode_ci DEFAULT NULL,
  `semester` varchar(100) CHARACTER SET utf8 COLLATE utf8_unicode_ci DEFAULT NULL,
  `start_day` date DEFAULT NULL,
  `end_day` date DEFAULT NULL,
  `create_day` date DEFAULT NULL,
  `status` varchar(45) CHARACTER SET utf8 COLLATE utf8_unicode_ci DEFAULT NULL,
  PRIMARY KEY (`ID_receipt`)
) ENGINE=InnoDB DEFAULT CHARSET=utf8mb3 COLLATE=utf8_unicode_ci;
/*!40101 SET character_set_client = @saved_cs_client */;

--
-- Dumping data for table `receipt_book`
--

LOCK TABLES `receipt_book` WRITE;
/*!40000 ALTER TABLE `receipt_book` DISABLE KEYS */;
/*!40000 ALTER TABLE `receipt_book` ENABLE KEYS */;
UNLOCK TABLES;

--
-- Table structure for table `student_accounting`
--

DROP TABLE IF EXISTS `student_accounting`;
/*!40101 SET @saved_cs_client     = @@character_set_client */;
/*!50503 SET character_set_client = utf8mb4 */;
CREATE TABLE `student_accounting` (
  `mssv` varchar(45) CHARACTER SET utf8 COLLATE utf8_unicode_ci NOT NULL,
  `first_name` varchar(100) CHARACTER SET utf8 COLLATE utf8_unicode_ci DEFAULT NULL,
  `last_name` varchar(100) CHARACTER SET utf8 COLLATE utf8_unicode_ci DEFAULT NULL,
  `id_group` varchar(100) CHARACTER SET utf8 COLLATE utf8_unicode_ci DEFAULT NULL,
  `fee_bill` varchar(45) CHARACTER SET utf8 COLLATE utf8_unicode_ci DEFAULT NULL,
  `pay_date` varchar(100) CHARACTER SET utf8 COLLATE utf8_unicode_ci DEFAULT NULL,
  `note` varchar(500) CHARACTER SET utf8 COLLATE utf8_unicode_ci DEFAULT NULL,
  `ID_accounting` varchar(100) CHARACTER SET utf8 COLLATE utf8_unicode_ci DEFAULT NULL,
  KEY `fk_accounting` (`ID_accounting`),
  CONSTRAINT `fk_accounting` FOREIGN KEY (`ID_accounting`) REFERENCES `accounting` (`ID_accounting`) ON DELETE CASCADE ON UPDATE CASCADE
) ENGINE=InnoDB DEFAULT CHARSET=utf8mb3 COLLATE=utf8_unicode_ci;
/*!40101 SET character_set_client = @saved_cs_client */;

--
-- Dumping data for table `student_accounting`
--

LOCK TABLES `student_accounting` WRITE;
/*!40000 ALTER TABLE `student_accounting` DISABLE KEYS */;
INSERT INTO `student_accounting` VALUES ('34192020TMT','Võ Văn','Thoa','TM003','820000','2023-03-14 15:41:11.417','Thu học phí HK 2 (2021-2022)','TM230101230430'),('34202038TMT','Phạm Tuấn','Anh','TM003','410000','2023-03-14 15:36:23.137','Thu học phí HK 2 (2021-2022)','TM230101230430'),('34183059TMT','Đoàn Thị Minh','Thự','TM003','410000','2023-03-14 15:38:18.857','Thu học phí HK 2 (2021-2022)','TM230101230430'),('34202014TM4','La Văn','Hâu','TM003','410000','2023-03-14 15:37:28.780','Thu học phí HK 2 (2021-2022)','TM230101230430'),('34183014TMT','Đặng Tấn','Luật','TM003','450000','2023-03-07 15:45:56.000','Thu Học Phí HK 1 (2022-2023)','TM230101230430'),('341730031TP','Huỳnh Lê Phúc','An','TM003','1160000','2023-03-14 15:45:39.077','Thu học phí HK 2 (2021-2022)','TM230101230430'),('34163009TMT','Nguyễn Bảo','Hiệp','TM003','410000','2023-03-14 15:42:45.300','Thu học phí HK 2 (2021-2022)','TM230101230430'),('34192001TMT','Lý Thị Hương','Duyên','TM003','410000','2023-03-14 15:39:49.443','Thu học phí HK 2 (2021-2022)','TM230101230430'),('34192016TMT','Nguyễn Thị Kim','Quyên','TM003','410000','2023-03-14 15:40:29.387','Thu học phí HK 2 (2021-2022)','TM230101230430'),('34183013TMT','Nguyễn Văn','Linh','TM003','820000','2023-03-14 15:39:04.493','Thu học phí HK 2 (2021-2022)','TM230101230430'),('34163041TMT','Nguyễn Quang','Minh','TM003','410000','2023-03-14 15:43:43.407','Thu học phí HK 2 (2021-2022)','TM230101230430'),('34163043TMT','Võ Thanh','Trúc','TM003','410000','2023-03-14 15:44:35.247','Thu học phí HK 2 (2021-2022)','TM230101230430'),('34183015TMT','Nguyễn Đức','Minh','TM303','1230000','2023-02-20 08:35:31.010','Thu học phí HK 2 (2019-2020)','TM230101230430'),('34183003TMT','Nguyễn Văn','Lên','TM303','1230000','2023-02-28 16:03:50.813','Thu học phí HK 2 (2019-2020)','TM230101230430'),('34183042TMT','Nguyễn Thị Mộng','Linh','TM304','4050000','2023-01-11 08:48:21.000','Thu Học Phí HK 1 (2022-2023)','TM230101230430'),('34192013TMT','Huỳnh Minh','Tâm','TM304','4050000','2023-01-10 14:15:07.530','Thu học phí HK 1 (2022-2023)','TM230101230430'),('34203013TM4','Nguyễn Thị Bích','Tuyền','TM304','900000','2023-01-06 14:41:19.000','Thu Học Phí HK 1 (2022-2023)','TM230101230430'),('34202021TMT','Nguyễn Thị','Thanh','TM304','900000','2023-01-07 08:14:30.003','Thu học phí HK 1 (2022-2023)','TM230101230430'),('34192011TMT','Võ Như','Ý','TM304','4050000','2023-01-10 15:47:51.000','Thu Học Phí HK 1 (2022-2023)','TM230101230430'),('34192030TMT','Trần Bảo','Toàn','TM304','1800000','2023-04-27 09:33:16.000','Thu Học Phí HK 2 (2022-2023)','TM230101230430'),('34192036TMT','Lê Trường','Giang','TM304','900000','2023-03-21 10:56:20.000','Thu Học Phí HK 2 (2022-2023)','TM230101230430'),('34202043TMT','Võ Thanh','Nhàn','TM304','900000','2023-01-07 12:10:31.000','Thu Học Phí HK 1 (2022-2023)','TM230101230430'),('34192023TMT','Nguyễn Thị Ngọc','Lan','TM304','4050000','2023-01-11 08:55:37.570','Thu học phí HK 1 (2022-2023)','TM230101230430'),('34192001TMT','Lý Thị Hương','Duyên','TM304','4050000','2023-01-10 15:21:38.000','Thu Học Phí HK 1 (2022-2023)','TM230101230430'),('34203007TMT','Ngô Trung','Thật','TM304','900000','2023-01-17 08:22:54.000','Thu Học Phí HK 1 (2022-2023)','TM230101230430'),('34203011TMT','Đặng Thị Tài','Linh','TM304','900000','2023-02-01 09:14:46.000','Thu Học Phí HK 1 (2022-2023)','TM230101230430'),('34202016TMT','Võ Văn','Nông','TM304','900000','2023-01-07 08:15:31.870','Thu học phí HK 1 (2022-2023)','TM230101230430'),('34203009TMT','Nguyễn Hải','Triều','TM304','900000','2023-01-11 20:47:38.000','Thu Học Phí HK 1 (2022-2023)','TM230101230430'),('34192026TMT','Nguyễn Thị Bích','Thủy','TM304','4050000','2023-01-18 09:00:35.000','Thu Học Phí HK 1 (2022-2023)','TM230101230430'),('34192004TMT','Nguyễn Thị','Huệ','TM304','4050000','2023-01-09 15:51:15.000','Thu Học Phí HK 1 (2022-2023)','TM230101230430'),('34192009TMT','Hồ Tấn','Tài','TM304','4050000','2023-01-09 15:54:46.683','Thu học phí HK 1 (2022-2023)','TM230101230430'),('34202014TMT','Trương Văn','Nguyên','TM304','900000','2023-01-03 15:46:58.250','Thu học phí HK 1 (2022-2023)','TM230101230430'),('34203014TM4','Nguyễn Anh','Tuấn','TM304','900000','2023-01-06 14:52:33.000','Thu Học Phí HK 1 (2022-2023)','TM230101230430'),('34192007TMT','Nguyễn Lý Quỳnh','Như','TM304','4050000','2023-01-09 15:40:40.000','Thu Học Phí HK 1 (2022-2023)','TM230101230430'),('34202003TM4','Nguyễn Hoàng','Hiệp','TM304','900000','2023-02-10 13:43:47.273','Thu học phí HK 1 (2022-2023)','TM230101230430'),('34202007TMT','Bùi Thị Thanh','Hương','TM304','900000','2023-01-09 14:28:47.303','Thu học phí HK 1 (2022-2023)','TM230101230430'),('34192009TMT','Hồ Tấn','Tài','TM304','1800000','2023-04-12 08:31:04.000','Thu Học Phí HK 2 (2022-2023)','TM230101230430'),('34202009TM4','Võ Thị','Mãi','TM304','900000','2023-01-10 13:56:00.127','Thu học phí HK 1 (2022-2023)','TM230101230430'),('34203011TM4','Bùi Thị Hữu','Thuy','TM304','900000','2023-01-07 08:19:57.000','Thu Học Phí HK 1 (2022-2023)','TM230101230430'),('34202010TMT','Vũ Thị Bích','Luyến','TM304','900000','2023-01-06 12:44:00.580','Thu học phí HK 1 (2022-2023)','TM230101230430'),('34202046TMT','Nguyễn Văn','Quyết','TM304','900000','2023-01-03 09:02:52.733','Thu học phí HK 1 (2022-2023)','TM230101230430'),('41201008TPT','Kim Ngọc Anh','Duy','TM304','960000','2023-03-29 16:09:10.000','Thu Học Phí HK 2 (2022-2023)','TM230101230430'),('34203005TM4','Nguyễn Thị Kốl','Ka','TM304','900000','2023-01-09 16:52:48.000','Thu Học Phí HK 1 (2022-2023)','TM230101230430'),('34192016TMT','Nguyễn Thị Kim','Quyên','TM304','4050000','2023-01-13 18:02:56.000','Thu Học Phí HK 1 (2022-2023)','TM230101230430'),('34202030TMT','Nguyễn Thị Bé','Tuyết','TM304','900000','2023-01-10 19:48:48.000','Thu Học Phí HK 1 (2022-2023)','TM230101230430'),('34202003TMT','Võ Minh','Chưởng','TM304','900000','2023-01-11 16:36:06.243','Thu học phí HK 1 (2022-2023)','TM230101230430'),('34202019TM4','Trương Mỹ','Phương','TM304','900000','2023-01-10 09:09:13.900','Thu học phí HK 1 (2022-2023)','TM230101230430'),('34192020TMT','Võ Văn','Thoa','TM304','4050000','2023-03-15 16:08:41.760','Thu học phí HK 1 (2022-2023)','TM230101230430'),('34203009TM4','Nguyễn Thanh','Sang','TM304','900000','2023-01-04 08:48:34.000','Thu Học Phí HK 1 (2022-2023)','TM230101230430'),('34202016TM4','Ngô Cao','Sang','TM304','900000','2023-03-15 15:56:19.173','Thu học phí HK 1 (2022-2023)','TM230101230430'),('34202017TM4','Võ Thị Như','Ý','TM304','900000','2023-01-10 09:11:37.000','Thu Học Phí HK 1 (2022-2023)','TM230101230430'),('34192004TMT','Nguyễn Thị','Huệ','TM304','1800000','2023-04-06 20:00:22.000','Thu Học Phí HK 2 (2022-2023)','TM230101230430'),('34202031TMT','Trần Minh','Thành','TM304','900000','2023-01-07 10:11:55.170','Thu học phí HK 1 (2022-2023)','TM230101230430'),('34203005TMT','Trần Cơ','Phát','TM304','900000','2023-01-10 08:34:45.000','Thu Học Phí HK 1 (2022-2023)','TM230101230430'),('34203003TMT','Nguyễn Trọng','Khiêm','TM304','900000','2023-02-12 15:30:21.000','Thu Học Phí HK 1 (2022-2023)','TM230101230430'),('34202012TM4','Trương Thị Ly','Sin','TM304','900000','2023-01-19 08:28:20.077','Thu học phí HK 1 (2022-2023)','TM230101230430'),('34192017TMT','Nguyễn Thị Đông','Nhi','TM304','4050000','2023-02-12 09:12:05.000','Thu Học Phí HK 1 (2022-2023)','TM230101230430'),('34202006TMT','Nguyễn Thị Kiều','Hạnh','TM304','900000','2023-03-13 16:22:53.000','Thu Học Phí HK 1 (2022-2023)','TM230101230430'),('34203002TM4','Nguyễn Thị Thúy','Hằng','TM304','900000','2023-01-06 08:03:17.000','Thu Học Phí HK 1 (2022-2023)','TM230101230430'),('34203004TM4','Nguyễn Trung','Hậu','TM304','900000','2023-01-11 07:20:54.000','Thu Học Phí HK 1 (2022-2023)','TM230101230430'),('34202049TMT','Nguyễn Thị Kim','Ngân','TM304','900000','2023-01-08 08:45:07.810','Thu học phí HK 1 (2022-2023)','TM230101230430'),('34202002TMT','Nguyễn Văn','Cường','TM304','900000','2023-01-11 11:35:49.000','Thu Học Phí HK 1 (2022-2023)','TM230101230430'),('34192031TMT','Trần Trung','Giang','TM304','4050000','2023-03-14 10:01:53.000','Thu Học Phí HK 1 (2022-2023)','TM230101230430'),('41201018TPT','Ngô Văn','Nam','TM304','960000','2023-03-21 18:41:27.000','Thu Học Phí HK 2 (2022-2023)','TM230101230430'),('41201002TPT','Nguyễn Thị Ngọc','Ánh','TM304','960000','2023-04-11 21:08:44.000','Thu Học Phí HK 2 (2022-2023)','TM230101230430'),('34202014TM4','La Văn','Hâu','TM304','820000','2023-01-10 14:07:45.167','Thu học phí HK 2 (2021-2022)','TM230101230430'),('34202011TM4','Hồ Thị Thúy','Phượng','TM304','900000','2023-01-31 12:42:02.533','Thu học phí HK 1 (2022-2023)','TM230101230430'),('34202007TM4','Nguyễn Thanh','Nhã','TM304','900000','2023-02-27 08:38:44.000','Thu Học Phí HK 1 (2022-2023)','TM230101230430'),('34203010TMT','Phan Thị Diễm','My','TM304','900000','2023-01-04 08:27:33.000','Thu Học Phí HK 1 (2022-2023)','TM230101230430'),('34192007TMT','Nguyễn Lý Quỳnh','Như','TM304','2700000','2023-04-06 19:55:55.000','Thu Học Phí HK 2 (2022-2023)','TM230101230430'),('34202044TMT','Phạm Thị Thúy','Nguyên','TM304','900000','2023-02-11 08:09:29.673','Thu học phí HK 1 (2022-2023)','TM230101230430'),('34202040TMT','Nguyễn Thị Thúy','Duy','TM304','900000','2023-01-10 14:01:45.960','Thu học phí HK 1 (2022-2023)','TM230101230430'),('34202047TMT','Nguyễn Văn','Tín','TM304','900000','2023-01-03 17:04:40.323','Thu học phí HK 1 (2022-2023)','TM230101230430'),('34203004TMT','Nguyễn Minh','Liêm','TM304','900000','2023-01-11 19:56:12.000','Thu Học Phí HK 1 (2022-2023)','TM230101230430'),('34202015TM4','Trần Toại','Nguyện','TM304','900000','2023-03-15 15:57:22.040','Thu học phí HK 1 (2022-2023)','TM230101230430'),('34202025TMT','Huỳnh Thanh','Toàn','TM304','900000','2023-01-07 19:03:14.553','Thu học phí HK 1 (2022-2023)','TM230101230430'),('41201034TPT','Lê Thị Ngọc','Oanh','TM304','960000','2023-04-07 15:07:08.000','Thu Học Phí HK 2 (2022-2023)','TM230101230430'),('34202012TMT','Nguyễn Văn','Luyến','TM304','900000','2023-01-05 19:23:33.970','Thu học phí HK 1 (2022-2023)','TM230101230430'),('34203010TM4','Nguyễn Thị Thanh','Tuyền','TM304','900000','2023-01-09 16:24:17.000','Thu Học Phí HK 1 (2022-2023)','TM230101230430'),('34203012TM4','Phan Thị Kim','Xuyến','TM304','900000','2023-01-07 10:14:39.000','Thu Học Phí HK 1 (2022-2023)','TM230101230430'),('34203001TM4','Nguyễn Thị','Đán','TM304','900000','2023-01-07 10:44:07.000','Thu Học Phí HK 1 (2022-2023)','TM230101230430'),('34192008TMT','Lê Quốc','Nhựt','TM304','4050000','2023-01-11 15:19:51.000','Thu Học Phí HK 1 (2022-2023)','TM230101230430'),('34192030TMT','Trần Bảo','Toàn','TM304','4050000','2023-01-09 15:43:37.000','Thu Học Phí HK 1 (2022-2023)','TM230101230430'),('34203015TM4','Phạm Thị','Huệ','TM304','900000','2023-01-06 14:49:08.000','Thu Học Phí HK 1 (2022-2023)','TM230101230430'),('34203006TM4','Lê Xa','Lem','TM304','900000','2023-01-04 08:46:00.000','Thu Học Phí HK 1 (2022-2023)','TM230101230430'),('34202006TM4','Dương Thị Phương','Liên','TM304','900000','2023-01-11 16:07:08.220','Thu học phí HK 1 (2022-2023)','TM230101230430'),('34202023TMT','Trần Thị Minh','Thư','TM304','900000','2023-01-11 10:20:39.460','Thu học phí HK 1 (2022-2023)','TM230101230430'),('34192021TMT','Huỳnh Thanh','Trà','TM304','4050000','2023-01-11 14:57:00.540','Thu học phí HK 1 (2022-2023)','TM230101230430'),('34192024TMT','Tạ Văn','Phương','TM304','1800000','2023-04-14 08:04:29.527','Thu học phí HK 2 (2022-2023)','TM230101230430'),('34202038TMT','Phạm Tuấn','Anh','TM304','900000','2023-01-04 12:23:25.227','Thu học phí HK 1 (2022-2023)','TM230101230430'),('34202001TMT','Phạm Văn','Bìa','TM304','900000','2023-01-03 08:10:37.813','Thu học phí HK 1 (2022-2023)','TM230101230430'),('41201031TPT','Nguyễn Công','Khanh','TM304','960000','2023-03-24 08:12:15.450','Thu học phí HK 2 (2022-2023)','TM230101230430'),('34192025TMT','Lê Thị Băng','Châu','TM304','4050000','2023-01-12 08:27:14.713','Thu học phí HK 1 (2022-2023)','TM230101230430'),('34202001TM4','Hồ Tấn','An','TM304','900000','2023-01-10 10:47:51.117','Thu học phí HK 1 (2022-2023)','TM230101230430'),('34202018TMT','Nguyễn Hoàng','Phúc','TM304','900000','2023-01-02 09:29:48.513','Thu học phí HK 1 (2022-2023)','TM230101230430'),('34203001TMT','Nguyễn Văn','Dể','TM304','900000','2023-02-10 08:44:01.000','Thu Học Phí HK 1 (2022-2023)','TM230101230430'),('34202013TM4','Đoàn Thị Hoài','Thương','TM304','900000','2023-01-10 14:09:53.650','Thu học phí HK 1 (2022-2023)','TM230101230430'),('34202046TMT','Nguyễn Văn','Quyết','TM304','900000','2023-04-11 18:07:39.707','Thu học phí HK 2 (2022-2023)','TM230101230430'),('34203006TMT','Trần Hoàng','Tuấn','TM304','900000','2023-01-12 09:28:34.560','Thu học phí HK 1 (2022-2023)','TM230101230430'),('34192024TMT','Tạ Văn','Phương','TM304','4050000','2023-01-11 11:09:09.837','Thu học phí HK 1 (2022-2023)','TM230101230430'),('34202002TM4','Mai Thị Thùy','Dung','TM304','900000','2023-01-11 23:00:48.650','Thu học phí HK 1 (2022-2023)','TM230101230430'),('34192022TMT','Phạm Thị Ngọc','Tiền','TM304','4050000','2023-01-12 08:51:33.887','Thu học phí HK 1 (2022-2023)','TM230101230430'),('34192008TMT','Lê Quốc','Nhựt','TM304','2700000','2023-04-27 09:38:09.000','Thu Học Phí HK 2 (2022-2023)','TM230101230430'),('34192027TMT','Nguyễn Quốc','Trí','TM304','4050000','2023-01-11 15:00:52.013','Thu học phí HK 1 (2022-2023)','TM230101230430'),('34202021TMT','Nguyễn Thị','Thanh','TM305','2700000','2023-01-07 08:14:30.003','Thu học phí HK 1 (2022-2023)','TM230101230430'),('34202043TMT','Võ Thanh','Nhàn','TM305','2700000','2023-01-07 12:10:31.000','Thu Học Phí HK 1 (2022-2023)','TM230101230430'),('34202025TMT','Huỳnh Thanh','Toàn','TM305','2700000','2023-01-07 19:02:07.493','Thu học phí HK 1 (2022-2023)','TM230101230430'),('34202016TMT','Võ Văn','Nông','TM305','2700000','2023-01-07 08:15:31.870','Thu học phí HK 1 (2022-2023)','TM230101230430'),('34202014TMT','Trương Văn','Nguyên','TM305','2700000','2023-01-03 15:46:58.250','Thu học phí HK 1 (2022-2023)','TM230101230430'),('34202003TM4','Nguyễn Hoàng','Hiệp','TM305','2700000','2023-02-10 13:43:47.273','Thu học phí HK 1 (2022-2023)','TM230101230430'),('34202007TMT','Bùi Thị Thanh','Hương','TM305','2700000','2023-01-09 14:28:47.303','Thu học phí HK 1 (2022-2023)','TM230101230430'),('34202009TM4','Võ Thị','Mãi','TM305','1800000','2023-01-10 13:56:00.127','Thu học phí HK 1 (2022-2023)','TM230101230430'),('34202010TMT','Vũ Thị Bích','Luyến','TM305','2700000','2023-01-06 12:44:00.580','Thu học phí HK 1 (2022-2023)','TM230101230430'),('34202046TMT','Nguyễn Văn','Quyết','TM305','2700000','2023-01-03 09:02:52.733','Thu học phí HK 1 (2022-2023)','TM230101230430'),('34202001TMT','Phạm Văn','Bìa','TM305','2700000','2023-01-03 08:09:36.800','Thu học phí HK 1 (2022-2023)','TM230101230430'),('34202030TMT','Nguyễn Thị Bé','Tuyết','TM305','2700000','2023-01-10 19:48:48.000','Thu Học Phí HK 1 (2022-2023)','TM230101230430'),('34202009TM4','Võ Thị','Mãi','TM305','900000','2023-01-10 13:52:56.940','Thu học phí HK 1 (2022-2023)','TM230101230430'),('34202003TMT','Võ Minh','Chưởng','TM305','2700000','2023-01-11 16:36:06.243','Thu học phí HK 1 (2022-2023)','TM230101230430'),('34202011TM4','Hồ Thị Thúy','Phượng','TM305','900000','2023-01-31 12:40:30.747','Thu học phí HK 1 (2022-2023)','TM230101230430'),('34202019TM4','Trương Mỹ','Phương','TM305','1800000','2023-01-10 09:09:13.900','Thu học phí HK 1 (2022-2023)','TM230101230430'),('34202049TMT','Nguyễn Thị Kim','Ngân','TM305','900000','2023-01-08 08:43:30.507','Thu học phí HK 1 (2022-2023)','TM230101230430'),('34202017TM4','Võ Thị Như','Ý','TM305','2700000','2023-01-10 09:11:37.000','Thu Học Phí HK 1 (2022-2023)','TM230101230430'),('34202031TMT','Trần Minh','Thành','TM305','2700000','2023-01-07 10:11:55.170','Thu học phí HK 1 (2022-2023)','TM230101230430'),('34202012TM4','Trương Thị Ly','Sin','TM305','2700000','2023-01-19 08:28:20.077','Thu học phí HK 1 (2022-2023)','TM230101230430'),('34202006TMT','Nguyễn Thị Kiều','Hạnh','TM305','2700000','2023-03-13 16:22:53.000','Thu Học Phí HK 1 (2022-2023)','TM230101230430'),('34202049TMT','Nguyễn Thị Kim','Ngân','TM305','1800000','2023-01-08 08:45:07.810','Thu học phí HK 1 (2022-2023)','TM230101230430'),('34202002TMT','Nguyễn Văn','Cường','TM305','2700000','2023-01-11 11:35:49.000','Thu Học Phí HK 1 (2022-2023)','TM230101230430'),('34202044TMT','Phạm Thị Thúy','Nguyên','TM305','900000','2023-02-11 08:08:30.907','Thu học phí HK 1 (2022-2023)','TM230101230430'),('34202014TM4','La Văn','Hâu','TM305','3690000','2023-01-10 14:07:45.167','Thu học phí HK 2 (2021-2022)','TM230101230430'),('34202011TM4','Hồ Thị Thúy','Phượng','TM305','1800000','2023-01-31 12:42:02.533','Thu học phí HK 1 (2022-2023)','TM230101230430'),('34202007TM4','Nguyễn Thanh','Nhã','TM305','2700000','2023-02-27 08:38:44.000','Thu Học Phí HK 1 (2022-2023)','TM230101230430'),('34202044TMT','Phạm Thị Thúy','Nguyên','TM305','1800000','2023-02-11 08:09:29.673','Thu học phí HK 1 (2022-2023)','TM230101230430'),('34202040TMT','Nguyễn Thị Thúy','Duy','TM305','2700000','2023-01-10 14:01:45.960','Thu học phí HK 1 (2022-2023)','TM230101230430'),('34202019TM4','Trương Mỹ','Phương','TM305','900000','2023-01-10 09:10:15.130','Thu học phí HK 1 (2022-2023)','TM230101230430'),('34202015TM4','Trần Toại','Nguyện','TM305','2700000','2023-03-15 15:57:22.040','Thu học phí HK 1 (2022-2023)','TM230101230430'),('34202012TMT','Nguyễn Văn','Luyến','TM305','2700000','2023-01-05 19:23:33.970','Thu học phí HK 1 (2022-2023)','TM230101230430'),('34202013TM4','Đoàn Thị Hoài','Thương','TM305','900000','2023-01-10 14:11:33.767','Thu học phí HK 1 (2022-2023)','TM230101230430'),('34202047TMT','Nguyễn Văn','Tín','TM305','2700000','2023-01-03 17:05:33.517','Thu học phí HK 1 (2022-2023)','TM230101230430'),('34202006TM4','Dương Thị Phương','Liên','TM305','2700000','2023-01-11 16:07:08.220','Thu học phí HK 1 (2022-2023)','TM230101230430'),('34202023TMT','Trần Thị Minh','Thư','TM305','2700000','2023-01-11 10:20:39.460','Thu học phí HK 1 (2022-2023)','TM230101230430'),('34202038TMT','Phạm Tuấn','Anh','TM305','2700000','2023-01-04 12:23:25.227','Thu học phí HK 1 (2022-2023)','TM230101230430'),('34202016TM4','Ngô Cao','Sang','TM305','2700000','2023-03-15 15:55:07.130','Thu học phí HK 1 (2022-2023)','TM230101230430'),('34202001TM4','Hồ Tấn','An','TM305','2700000','2023-01-10 10:47:51.117','Thu học phí HK 1 (2022-2023)','TM230101230430'),('34202018TMT','Nguyễn Hoàng','Phúc','TM305','2700000','2023-01-02 09:29:48.513','Thu học phí HK 1 (2022-2023)','TM230101230430'),('34202013TM4','Đoàn Thị Hoài','Thương','TM305','1800000','2023-01-10 14:09:53.650','Thu học phí HK 1 (2022-2023)','TM230101230430'),('34202046TMT','Nguyễn Văn','Quyết','TM305','3600000','2023-04-11 18:07:39.707','Thu học phí HK 2 (2022-2023)','TM230101230430'),('34202002TM4','Mai Thị Thùy','Dung','TM305','2700000','2023-01-11 23:00:48.650','Thu học phí HK 1 (2022-2023)','TM230101230430'),('34203013TM4','Nguyễn Thị Bích','Tuyền','TM306','3600000','2023-01-06 14:41:19.000','Thu Học Phí HK 1 (2022-2023)','TM230101230430'),('34203007TMT','Ngô Trung','Thật','TM306','3600000','2023-01-17 08:22:54.000','Thu Học Phí HK 1 (2022-2023)','TM230101230430'),('34203011TMT','Đặng Thị Tài','Linh','TM306','3600000','2023-02-01 09:14:46.000','Thu Học Phí HK 1 (2022-2023)','TM230101230430'),('34203009TMT','Nguyễn Hải','Triều','TM306','3600000','2023-01-11 20:47:38.000','Thu Học Phí HK 1 (2022-2023)','TM230101230430'),('34203014TM4','Nguyễn Anh','Tuấn','TM306','3600000','2023-01-06 14:52:33.000','Thu Học Phí HK 1 (2022-2023)','TM230101230430'),('34203011TM4','Bùi Thị Hữu','Thuy','TM306','3600000','2023-01-07 08:19:57.000','Thu Học Phí HK 1 (2022-2023)','TM230101230430'),('34203005TM4','Nguyễn Thị Kốl','Ka','TM306','3600000','2023-01-09 16:52:48.000','Thu Học Phí HK 1 (2022-2023)','TM230101230430'),('34203009TM4','Nguyễn Thanh','Sang','TM306','3600000','2023-01-04 08:48:34.000','Thu Học Phí HK 1 (2022-2023)','TM230101230430'),('34203005TMT','Trần Cơ','Phát','TM306','3600000','2023-01-10 08:34:45.000','Thu Học Phí HK 1 (2022-2023)','TM230101230430'),('34203003TMT','Nguyễn Trọng','Khiêm','TM306','3600000','2023-02-12 15:30:21.000','Thu Học Phí HK 1 (2022-2023)','TM230101230430'),('34203002TM4','Nguyễn Thị Thúy','Hằng','TM306','3600000','2023-01-06 08:03:17.000','Thu Học Phí HK 1 (2022-2023)','TM230101230430'),('34203004TM4','Nguyễn Trung','Hậu','TM306','3600000','2023-01-11 07:20:54.000','Thu Học Phí HK 1 (2022-2023)','TM230101230430'),('34203005TM4','Nguyễn Thị Kốl','Ka','TM306','4500000','2023-03-20 16:53:25.000','Thu Học Phí HK 2 (2022-2023)','TM230101230430'),('34203010TMT','Phan Thị Diễm','My','TM306','3600000','2023-01-04 08:27:33.000','Thu Học Phí HK 1 (2022-2023)','TM230101230430'),('34203004TMT','Nguyễn Minh','Liêm','TM306','3600000','2023-01-11 19:56:12.000','Thu Học Phí HK 1 (2022-2023)','TM230101230430'),('34203010TM4','Nguyễn Thị Thanh','Tuyền','TM306','3600000','2023-01-09 16:24:17.000','Thu Học Phí HK 1 (2022-2023)','TM230101230430'),('34203012TM4','Phan Thị Kim','Xuyến','TM306','3600000','2023-01-07 10:14:39.000','Thu Học Phí HK 1 (2022-2023)','TM230101230430'),('34203001TM4','Nguyễn Thị','Đán','TM306','3600000','2023-01-07 10:44:07.000','Thu Học Phí HK 1 (2022-2023)','TM230101230430'),('34203015TM4','Phạm Thị','Huệ','TM306','3600000','2023-01-06 14:49:08.000','Thu Học Phí HK 1 (2022-2023)','TM230101230430'),('34203006TM4','Lê Xa','Lem','TM306','3600000','2023-01-04 08:46:00.000','Thu Học Phí HK 1 (2022-2023)','TM230101230430'),('34203001TMT','Nguyễn Văn','Dể','TM306','3600000','2023-02-10 08:44:01.000','Thu Học Phí HK 1 (2022-2023)','TM230101230430'),('34203006TMT','Trần Hoàng','Tuấn','TM306','3600000','2023-01-12 09:28:34.560','Thu học phí HK 1 (2022-2023)','TM230101230430'),('34211011TMT','Trương Thị Thúy','Thanh','TM307','5400000','2023-03-05 11:55:56.393','Thu học phí HK 1 (2022-2023)','TM230101230430'),('34211018TMT','Hoàng Như','Hạ','TM307','5400000','2023-03-14 14:28:40.000','Thu Học Phí HK 1 (2022-2023)','TM230101230430'),('34211002TM4','Dương Thị Mộng','Nghi','TM307','5400000','2023-03-06 15:09:41.000','Thu Học Phí HK 1 (2022-2023)','TM230101230430'),('34211024TMT','Huỳnh Ngọc','Thẩm','TM307','5400000','2023-03-15 10:44:25.000','Thu Học Phí HK 1 (2022-2023)','TM230101230430'),('34211001TM4','Trương Thanh','Hoài','TM307','5400000','2023-01-27 10:14:03.000','Thu Học Phí HK 1 (2022-2023)','TM230101230430'),('34211028TMT','Võ Thị','Út','TM307','5400000','2023-03-14 10:40:50.000','Thu Học Phí HK 1 (2022-2023)','TM230101230430'),('34211006TM4','Nguyễn Ngọc','Khánh','TM307','5400000','2023-04-07 12:28:50.000','Thu Học Phí HK 2 (2022-2023)','TM230101230430'),('34211020TMT','Đoàn Văn','Giàu','TM307','5400000','2023-02-04 10:25:12.000','Thu Học Phí HK 1 (2022-2023)','TM230101230430'),('34211001TMT','Trần Nhựt','Duy','TM307','5400000','2023-01-18 19:22:15.000','Thu Học Phí HK 1 (2022-2023)','TM230101230430'),('34211016TMT','Trần Thị Việt','Trinh','TM307','5400000','2023-03-14 15:27:46.710','Thu học phí HK 1 (2022-2023)','TM230101230430'),('34211023TMT','Lê Quốc','Tính','TM307','5400000','2023-03-07 14:41:03.297','Thu học phí HK 1 (2022-2023)','TM230101230430'),('34211007TM4','Trần Khánh','Ngọc','TM307','5400000','2023-04-27 14:14:48.000','Thu Học Phí HK 2 (2022-2023)','TM230101230430'),('34211012TMT','Nguyễn Chí','Thinh','TM307','5400000','2023-03-31 14:56:11.873','Thu học phí HK 1 (2022-2023)','TM230101230430'),('34211019TMT','Võ Nhựt','Hào','TM307','5400000','2023-03-17 15:12:50.213','Thu học phí HK 1 (2022-2023)','TM230101230430'),('34211015TMT','Nguyễn Thị Thùy','Trinh','TM307','5400000','2023-03-09 00:00:00.000','Thu học phí HK 2 (2022-2023)','TM230101230430'),('34211025TMT','Nguyễn Đặng Nhựt','Trường','TM307','5400000','2023-03-07 14:31:16.353','Thu học phí HK 1 (2022-2023)','TM230101230430'),('34211007TM4','Trần Khánh','Ngọc','TM307','5400000','2023-01-11 16:35:29.000','Thu Học Phí HK 1 (2022-2023)','TM230101230430'),('34211010TMT','Lê Minh','Nhựt','TM307','5400000','2023-03-06 09:21:33.000','Thu Học Phí HK 1 (2022-2023)','TM230101230430'),('34211008TMT','Trần Thị','Mai','TM307','5400000','2023-02-13 08:27:20.337','Thu học phí HK 1 (2022-2023)','TM230101230430'),('34211029TMT','Trần Thị','Sót','TM307','5400000','2023-03-15 15:54:12.500','Thu học phí HK 1 (2022-2023)','TM230101230430'),('34211004TMT','Đỗ Trọng','Hữu','TM307','5400000','2023-03-16 14:25:44.523','Thu học phí HK 1 (2022-2023)','TM230101230430'),('34211005TMT','Huỳnh Trung','Kiên','TM307','5400000','2023-03-14 16:55:37.000','Thu Học Phí HK 1 (2022-2023)','TM230101230430'),('34211006TMT','Đặng Hoài','Linh','TM307','5400000','2023-03-14 14:29:16.000','Thu Học Phí HK 1 (2022-2023)','TM230101230430'),('34213004TMT','Nguyễn Tiến','Đạt','TM308','3690000','2023-01-18 00:00:00.000','Thu học phí HK 3 (2021-2022)','TM230101230430'),('34213006TM4','Trần Thị Thanh','Tuyền','TM308','5850000','2023-01-10 19:59:10.410','Thu học phí HK 1 (2022-2023)','TM230101230430'),('34213005TMT','Nguyễn Phương','Điền','TM308','3690000','2023-01-18 00:00:00.000','Thu học phí HK 3 (2021-2022)','TM230101230430'),('34213011TM4','Trương Thị Mộng','Tuyền','TM308','5850000','2023-03-10 16:50:50.627','Thu học phí HK 1 (2022-2023)','TM230101230430'),('34213008TMT','Lâm Văn','Nhựt','TM308','5850000','2023-01-11 14:18:35.000','Thu Học Phí HK 1 (2022-2023)','TM230101230430'),('34213005TMT','Nguyễn Phương','Điền','TM308','5850000','2023-01-11 14:15:49.000','Thu Học Phí HK 1 (2022-2023)','TM230101230430'),('34213014TMT','Lê Văn','Những','TM308','3690000','2023-01-18 00:00:00.000','Thu học phí HK 3 (2021-2022)','TM230101230430'),('34213010TMT','Võ Trung','Tính','TM308','3690000','2023-01-18 00:00:00.000','Thu học phí HK 3 (2021-2022)','TM230101230430'),('34213004TM4','Nguyễn Thị Kim','Ngân','TM308','5850000','2023-01-11 16:09:45.530','Thu học phí HK 1 (2022-2023)','TM230101230430'),('34213012TMT','Nguyễn Thị Huyền','Trân','TM308','5850000','2023-04-07 13:37:55.000','Thu Học Phí HK 1 (2022-2023)','TM230101230430'),('34211004TM4','Lê Văn','Thạch','TM308','450000','2023-01-03 15:30:08.000','Thu Học Phí HK 1 (2022-2023)','TM230101230430'),('34213018TMT','Bùi Trung','Tính','TM308','3690000','2023-01-18 00:00:00.000','Thu học phí HK 3 (2021-2022)','TM230101230430'),('34213005TM4','Hồ Minh','Nghĩa','TM308','5850000','2023-01-31 18:24:35.000','Thu Học Phí HK 1 (2022-2023)','TM230101230430'),('34213019TMT','Phạm Quang','Trường','TM308','5850000','2023-01-07 10:31:17.257','Thu học phí HK 1 (2022-2023)','TM230101230430'),('34213011TMT','Ngân Minh','Thuận','TM308','3690000','2023-01-18 00:00:00.000','Thu học phí HK 3 (2021-2022)','TM230101230430'),('34213009TMT','Hồ Thị','Quyên','TM308','5850000','2023-01-11 09:38:47.940','Thu học phí HK 1 (2022-2023)','TM230101230430'),('34213003TM4','Nguyễn Văn','Khanh','TM308','5850000','2023-01-10 18:37:39.000','Thu Học Phí HK 1 (2022-2023)','TM230101230430'),('34213003TMT','Đỗ Thị','Hậu','TM308','5850000','2023-02-20 08:25:26.730','Thu học phí HK 1 (2022-2023)','TM230101230430'),('34213008TMT','Lâm Văn','Nhựt','TM308','3690000','2023-01-18 00:00:00.000','Thu học phí HK 3 (2021-2022)','TM230101230430'),('34213001TM4','Lê Nguyễn Hữu','Đoan','TM308','5850000','2023-01-11 14:17:14.000','Thu Học Phí HK 1 (2022-2023)','TM230101230430'),('34213008TM4','Đỗ Hùng','Dương','TM308','5850000','2023-02-28 18:44:29.000','Thu Học Phí HK 1 (2022-2023)','TM230101230430'),('34213002TMT','Phạm Thái','Châu','TM308','5850000','2023-01-11 08:14:19.000','Thu Học Phí HK 1 (2022-2023)','TM230101230430'),('34213009TM4','Nguyễn Phương','Hoa','TM308','5850000','2023-03-10 16:48:54.567','Thu học phí HK 1 (2022-2023)','TM230101230430'),('34213001TMT','Lê Mi','Cô','TM308','5850000','2023-03-20 17:49:38.000','Thu Học Phí HK 1 (2022-2023)','TM230101230430'),('34213011TMT','Ngân Minh','Thuận','TM308','5850000','2023-01-11 14:15:06.000','Thu Học Phí HK 1 (2022-2023)','TM230101230430'),('34213012TMT','Nguyễn Thị Huyền','Trân','TM308','3690000','2023-01-18 00:00:00.000','Thu học phí HK 3 (2021-2022)','TM230101230430'),('34213017TMT','Nguyễn Kiều Vân','Khánh','TM308','5850000','2023-03-28 13:52:51.000','Thu Học Phí HK 1 (2022-2023)','TM230101230430'),('34213010TMT','Võ Trung','Tính','TM308','5850000','2023-04-07 13:37:11.000','Thu Học Phí HK 1 (2022-2023)','TM230101230430'),('34213019TMT','Phạm Quang','Trường','TM308','3690000','2023-01-08 16:49:46.510','Thu học phí HK 3 (2021-2022)','TM230101230430'),('34213007TMT','Trần Minh','Lĩnh','TM308','3690000','2023-01-18 00:00:00.000','Thu học phí HK 3 (2021-2022)','TM230101230430'),('34213009TMT','Hồ Thị','Quyên','TM308','3690000','2023-01-18 00:00:00.000','Thu học phí HK 3 (2021-2022)','TM230101230430'),('34213007TMT','Trần Minh','Lĩnh','TM308','5850000','2023-04-18 13:22:40.773','Thu học phí HK 1 (2022-2023)','TM230101230430'),('34213004TMT','Nguyễn Tiến','Đạt','TM308','5850000','2023-01-11 08:35:52.000','Thu Học Phí HK 1 (2022-2023)','TM230101230430'),('34213015TMT','Phan Thanh','Phương','TM308','3690000','2023-01-18 00:00:00.000','Thu học phí HK 3 (2021-2022)','TM230101230430'),('34213014TMT','Lê Văn','Những','TM308','5850000','2023-01-11 14:18:11.000','Thu Học Phí HK 1 (2022-2023)','TM230101230430'),('34213010TM4','Trần Thị Diểm','Hương','TM308','5850000','2023-03-05 15:53:02.977','Thu học phí HK 1 (2022-2023)','TM230101230430'),('34213018TMT','Bùi Trung','Tính','TM308','5850000','2023-01-11 14:16:19.000','Thu Học Phí HK 1 (2022-2023)','TM230101230430'),('34213017TMT','Nguyễn Kiều Vân','Khánh','TM308','3690000','2023-01-18 00:00:00.000','Thu học phí HK 3 (2021-2022)','TM230101230430'),('34213002TM4','Lê Văn','Đoàn','TM308','5850000','2023-01-08 07:39:01.203','Thu học phí HK 1 (2022-2023)','TM230101230430'),('34222011TM4','Nguyễn Duy','Phương','TM309','2700000','2023-04-25 09:33:49.513','Thu học phí HK 2 (2022-2023)','TM230101230430'),('34222003TM4','Nguyễn Ngọc','Mẫn','TM309','2700000','2023-04-29 18:51:10.293','Thu học phí HK 2 (2022-2023)','TM230101230430'),('34222004TM4','Trần Hải Trà','My','TM309','2700000','2023-04-25 09:32:40.090','Thu học phí HK 2 (2022-2023)','TM230101230430'),('34222014TM4','Nguyễn Thành','Luân','TM309','2700000','2023-04-27 07:37:41.840','Thu học phí HK 2 (2022-2023)','TM230101230430'),('34222007TM4','Nguyễn Thị Yến','Thu','TM309','2700000','2023-04-26 19:20:22.697','Thu học phí HK 2 (2022-2023)','TM230101230430'),('34222008TM4','Trần Thị','Ước','TM309','2700000','2023-04-28 10:54:50.260','Thu học phí HK 2 (2022-2023)','TM230101230430'),('34222002TM4','Nguyễn Thị Diễm','Hằng','TM309','2700000','2023-04-27 09:19:46.073','Thu học phí HK 2 (2022-2023)','TM230101230430'),('34222010TMT','Trịnh Thị Diễm','Quỳnh','TM309','4050000','2023-04-24 18:24:12.057','Thu học phí HK 2 (2022-2023)','TM230101230430'),('34222012TM4','Phan Thị Huỳnh','Ngọc','TM309','2700000','2023-04-23 21:22:50.000','Thu Học Phí HK 2 (2022-2023)','TM230101230430'),('34222016TMT','Phạm Thanh','Thảo','TM309','4050000','2023-04-27 14:32:26.000','Thu Học Phí HK 2 (2022-2023)','TM230101230430'),('34222001TMT','Nguyễn Thành','Đô','TM309','4050000','2023-04-24 18:07:17.320','Thu học phí HK 2 (2022-2023)','TM230101230430'),('34222014TMT','Nguyễn Thị Như','ý','TM309','4050000','2023-04-24 18:28:27.277','Thu học phí HK 2 (2022-2023)','TM230101230430'),('34222010TM4','Nguyễn Thị Mỹ','Linh','TM309','3600000','2023-04-13 18:42:24.900','Thu học phí HK 2 (2022-2023)','TM230101230430'),('34222013TMT','Ngô Võ Quang','Trung','TM309','4050000','2023-04-27 14:47:11.000','Thu Học Phí HK 2 (2022-2023)','TM230101230430'),('34222018TMT','Trần Quang','Chánh','TM309','4050000','2023-04-26 17:29:28.453','Thu học phí HK 2 (2022-2023)','TM230101230430'),('34222005TMT','Trần Thị Kiều','Kha','TM309','4050000','2023-04-20 14:01:53.857','Thu học phí HK 2 (2022-2023)','TM230101230430'),('34222001TM4','Huỳnh Thị Kim','Giàu','TM309','3600000','2023-04-13 16:12:41.307','Thu học phí HK 2 (2022-2023)','TM230101230430'),('34222015TMT','Lê Thị Ngọc','Quyến','TM309','4950000','2023-04-14 16:17:33.417','Thu học phí HK 2 (2022-2023)','TM230101230430'),('34222009TM4','Nguyễn Trí','Vũ','TM309','2700000','2023-04-29 12:51:34.370','Thu học phí HK 2 (2022-2023)','TM230101230430'),('34222009TMT','Tạ Thành','Quang','TM309','4050000','2023-04-25 19:24:42.460','Thu học phí HK 2 (2022-2023)','TM230101230430'),('34222008TMT','Lâm Minh','Nhựt','TM309','4050000','2023-04-24 10:20:13.577','Thu học phí HK 2 (2022-2023)','TM230101230430'),('34222019TMT','Phan Thị','Diệu','TM309','4050000','2023-04-28 15:50:41.023','Thu học phí HK 2 (2022-2023)','TM230101230430'),('34222005TM4','Lê Thị Truyền Thống','Nhất','TM309','2700000','2023-04-27 14:21:38.887','Thu học phí HK 2 (2022-2023)','TM230101230430'),('34222006TM4','Nguyễn Thị Kim','Sơn','TM309','2700000','2023-04-29 13:51:12.570','Thu học phí HK 2 (2022-2023)','TM230101230430'),('34222012TMT','Lê Nguyễn Nhã','Thy','TM309','4050000','2023-04-29 18:57:23.383','Thu học phí HK 2 (2022-2023)','TM230101230430'),('34222011TMT','Ngô Bùi Duy','Tân','TM309','4050000','2023-04-29 19:05:12.473','Thu học phí HK 2 (2022-2023)','TM230101230430'),('34222003TMT','Nguyễn Thành','Được','TM309','4050000','2023-04-24 10:39:23.640','Thu học phí HK 2 (2022-2023)','TM230101230430'),('34222006TMT','Võ Thị Yến','Linh','TM309','4050000','2023-04-28 14:41:01.313','Thu học phí HK 2 (2022-2023)','TM230101230430'),('34192013TMT','Huỳnh Minh','Tâm','TM003','450000','2023-06-02 00:00:00.000','Thu học phí HK 2 (2022-2023)','TM230501230831'),('34202023TMT','Trần Thị Minh','Thư','TM003','450000','2023-06-05 00:00:00.000','Thu học phí HK 2 (2022-2023)','TM230501230831'),('34211014TMT','Phạm Thanh','Toàn','TM003','410000','2023-05-12 15:08:50.000','Thu Học Phí HK 3 (2021-2022)','TM230501230831'),('34192026TMT','Nguyễn Thị Bích','Thủy','TM003','450000','2023-05-31 00:00:00.000','Thu học phí HK 2 (2022-2023)','TM230501230831'),('34211012TMT','Nguyễn Chí','Thinh','TM003','450000','2023-07-11 18:38:56.713','Thu học phí HK 2 (2022-2023)','TM230501230831'),('34202051TMT','Đỗ Chí','Thanh','TM003','450000','2023-06-29 10:06:21.697','Thu học phí HK 2 (2022-2023)','TM230501230831'),('34202014TM4','La Văn','Hâu','TM003','450000','2023-06-29 20:07:15.143','Thu học phí HK 2 (2022-2023)','TM230501230831'),('34192023TMT','Nguyễn Thị Ngọc','Lan','TM003','450000','2023-05-31 00:00:00.000','Thu học phí HK 2 (2022-2023)','TM230501230831'),('34203003TMT','Nguyễn Trọng','Khiêm','TM003','450000','2023-06-01 10:55:32.000','Thu Học Phí HK 2 (2022-2023)','TM230501230831'),('34192027TMT','Nguyễn Quốc','Trí','TM003','450000','2023-05-31 00:00:00.000','Thu học phí HK 2 (2022-2023)','TM230501230831'),('34183028TMT','Nguyễn Khánh','Vi','TM003','450000','2023-07-14 12:54:46.000','Thu Học Phí HK 1 (2022-2023)','TM230501230831'),('34202015TM4','Trần Toại','Nguyện','TM003','450000','2023-07-11 13:44:11.533','Thu học phí HK 2 (2022-2023)','TM230501230831'),('41191046TPT','Nguyễn Quang','Trường','TM304','880000','2023-06-30 09:27:41.000','Thu Học Phí HK 2 (2021-2022)','TM230501230831'),('34202011TMT','Vũ Thị Hồng','Luyến','TM304','900000','2023-06-29 05:50:09.397','Thu học phí HK 2 (2022-2023)','TM230501230831'),('34202003TM4','Nguyễn Hoàng','Hiệp','TM304','900000','2023-06-29 11:24:16.690','Thu học phí HK 2 (2022-2023)','TM230501230831'),('34202016TM4','Ngô Cao','Sang','TM304','900000','2023-07-11 13:42:50.520','Thu học phí HK 2 (2022-2023)','TM230501230831'),('34202014TMT','Trương Văn','Nguyên','TM304','900000','2023-05-14 10:12:01.677','Thu học phí HK 2 (2022-2023)','TM230501230831'),('34192017TMT','Nguyễn Thị Đông','Nhi','TM304','2700000','2023-05-09 15:09:47.000','Thu Học Phí HK 2 (2022-2023)','TM230501230831'),('34202043TMT','Võ Thanh','Nhàn','TM304','900000','2023-05-29 17:11:44.000','Thu Học Phí HK 2 (2022-2023)','TM230501230831'),('34202007TM4','Nguyễn Thanh','Nhã','TM304','900000','2023-07-05 07:31:19.000','Thu Học Phí HK 2 (2022-2023)','TM230501230831'),('34202016TMT','Võ Văn','Nông','TM304','900000','2023-06-29 13:59:21.717','Thu học phí HK 2 (2022-2023)','TM230501230831'),('34202011TM4','Hồ Thị Thúy','Phượng','TM304','900000','2023-06-29 18:28:37.170','Thu học phí HK 2 (2022-2023)','TM230501230831'),('34202010TM4','Đỗ Thanh','Nhãn','TM304','900000','2023-05-12 10:55:47.820','Thu học phí HK 2 (2022-2023)','TM230501230831'),('34202014TM4','La Văn','Hâu','TM304','900000','2023-05-12 09:05:02.427','Thu học phí HK 2 (2022-2023)','TM230501230831'),('34202024TMT','Trần Thị Thủy','Tiên','TM304','900000','2023-05-12 08:40:30.497','Thu học phí HK 2 (2022-2023)','TM230501230831'),('34202029TMT','Bùi Thị Bảo','Yến','TM304','900000','2023-06-29 13:41:55.847','Thu học phí HK 2 (2022-2023)','TM230501230831'),('34202031TMT','Trần Minh','Thành','TM304','900000','2023-06-02 00:00:00.000','Thu học phí HK 2 (2022-2023)','TM230501230831'),('34192026TMT','Nguyễn Thị Bích','Thủy','TM304','1800000','2023-05-08 12:24:20.277','Thu học phí HK 2 (2022-2023)','TM230501230831'),('34183042TMT','Nguyễn Thị Mộng','Linh','TM304','900000','2023-05-12 14:55:48.000','Thu Học Phí HK 2 (2022-2023)','TM230501230831'),('34202001TMT','Phạm Văn','Bìa','TM304','900000','2023-06-29 09:09:52.463','Thu học phí HK 2 (2022-2023)','TM230501230831'),('34202017TM4','Võ Thị Như','Ý','TM304','900000','2023-06-27 16:34:41.133','Thu học phí HK 2 (2022-2023)','TM230501230831'),('34202015TM4','Trần Toại','Nguyện','TM304','900000','2023-07-11 13:43:43.453','Thu học phí HK 2 (2022-2023)','TM230501230831'),('34202040TMT','Nguyễn Thị Thúy','Duy','TM304','900000','2023-06-04 00:00:00.000','Thu học phí HK 2 (2022-2023)','TM230501230831'),('34202023TMT','Trần Thị Minh','Thư','TM304','900000','2023-06-05 00:00:00.000','Thu học phí HK 2 (2022-2023)','TM230501230831'),('34202038TMT','Phạm Tuấn','Anh','TM304','900000','2023-06-16 06:22:26.573','Thu học phí HK 2 (2022-2023)','TM230501230831'),('34202019TM4','Trương Mỹ','Phương','TM304','900000','2023-05-09 14:33:31.000','Thu Học Phí HK 2 (2022-2023)','TM230501230831'),('34192001TMT','Lý Thị Hương','Duyên','TM304','2700000','2023-05-09 14:48:02.000','Thu Học Phí HK 2 (2022-2023)','TM230501230831'),('34202030TMT','Nguyễn Thị Bé','Tuyết','TM304','900000','2023-06-29 19:06:21.000','Thu Học Phí HK 2 (2022-2023)','TM230501230831'),('34202009TM4','Võ Thị','Mãi','TM304','900000','2023-05-15 13:59:48.167','Thu học phí HK 2 (2022-2023)','TM230501230831'),('34202005TM4','Lê Thị Quỳnh','Như','TM304','900000','2023-06-04 00:00:00.000','Thu học phí HK 2 (2022-2023)','TM230501230831'),('34202010TMT','Vũ Thị Bích','Luyến','TM304','900000','2023-06-29 05:58:07.803','Thu học phí HK 2 (2022-2023)','TM230501230831'),('34192027TMT','Nguyễn Quốc','Trí','TM304','1800000','2023-07-09 07:29:14.000','Thu Học Phí HK 2 (2022-2023)','TM230501230831'),('34192031TMT','Trần Trung','Giang','TM304','1800000','2023-05-04 11:03:31.000','Thu Học Phí HK 2 (2022-2023)','TM230501230831'),('34202044TMT','Phạm Thị Thúy','Nguyên','TM304','900000','2023-06-30 19:16:05.320','Thu học phí HK 2 (2022-2023)','TM230501230831'),('34192022TMT','Phạm Thị Ngọc','Tiền','TM304','1800000','2023-05-12 08:20:57.183','Thu học phí HK 2 (2022-2023)','TM230501230831'),('34202047TMT','Nguyễn Văn','Tín','TM304','900000','2023-06-29 10:26:54.377','Thu học phí HK 2 (2022-2023)','TM230501230831'),('34202001TM4','Hồ Tấn','An','TM304','900000','2023-06-27 10:50:07.177','Thu học phí HK 2 (2022-2023)','TM230501230831'),('34202013TMT','Võ Nguyên','Lý','TM304','900000','2023-06-09 14:53:28.137','Thu học phí HK 2 (2022-2023)','TM230501230831'),('34192025TMT','Lê Thị Băng','Châu','TM304','1800000','2023-05-12 08:23:41.693','Thu học phí HK 2 (2022-2023)','TM230501230831'),('34192016TMT','Nguyễn Thị Kim','Quyên','TM304','1800000','2023-05-04 10:52:19.000','Thu Học Phí HK 2 (2022-2023)','TM230501230831'),('34202018TMT','Nguyễn Hoàng','Phúc','TM304','900000','2023-06-29 10:35:56.350','Thu học phí HK 2 (2022-2023)','TM230501230831'),('34202012TMT','Nguyễn Văn','Luyến','TM304','900000','2023-05-13 08:22:12.527','Thu học phí HK 2 (2022-2023)','TM230501230831'),('34202049TMT','Nguyễn Thị Kim','Ngân','TM304','900000','2023-05-14 13:32:34.370','Thu học phí HK 2 (2022-2023)','TM230501230831'),('34202002TM4','Mai Thị Thùy','Dung','TM304','900000','2023-06-27 13:46:46.020','Thu học phí HK 2 (2022-2023)','TM230501230831'),('34202003TMT','Võ Minh','Chưởng','TM304','900000','2023-06-30 06:15:12.727','Thu học phí HK 2 (2022-2023)','TM230501230831'),('34192036TMT','Lê Trường','Giang','TM304','820000','2023-07-12 08:48:30.660','Thu học phí HK 3 (2022-2023)','TM230501230831'),('34202014TM4','La Văn','Hâu','TM304','900000','2023-06-29 20:06:51.367','Thu học phí HK 1 (2022-2023)','TM230501230831'),('34202002TMT','Nguyễn Văn','Cường','TM304','900000','2023-06-29 20:37:32.000','Thu Học Phí HK 2 (2022-2023)','TM230501230831'),('34192013TMT','Huỳnh Minh','Tâm','TM304','1800000','2023-05-09 07:48:16.000','Thu Học Phí HK 2 (2022-2023)','TM230501230831'),('34192007TMT','Nguyễn Lý Quỳnh','Như','TM304','3280000','2023-08-24 15:17:00.000','Thu Học Phí HK 3 (2022-2023)','TM230501230831'),('34202051TMT','Đỗ Chí','Thanh','TM304','900000','2023-06-29 10:05:49.290','Thu học phí HK 2 (2022-2023)','TM230501230831'),('34202006TM4','Dương Thị Phương','Liên','TM304','900000','2023-06-30 15:40:52.790','Thu học phí HK 2 (2022-2023)','TM230501230831'),('34192023TMT','Nguyễn Thị Ngọc','Lan','TM304','1800000','2023-05-09 09:03:00.703','Thu học phí HK 2 (2022-2023)','TM230501230831'),('34202025TMT','Huỳnh Thanh','Toàn','TM304','900000','2023-06-17 19:08:04.617','Thu học phí HK 2 (2022-2023)','TM230501230831'),('34192004TMT','Nguyễn Thị','Huệ','TM304','3280000','2023-08-08 13:43:05.000','Thu Học Phí HK 3 (2022-2023)','TM230501230831'),('34192020TMT','Võ Văn','Thoa','TM304','2700000','2023-07-05 08:39:09.000','Thu Học Phí HK 2 (2022-2023)','TM230501230831'),('34192011TMT','Võ Như','Ý','TM304','1800000','2023-07-09 07:16:31.000','Thu Học Phí HK 2 (2022-2023)','TM230501230831'),('34202021TMT','Nguyễn Thị','Thanh','TM304','900000','2023-06-14 17:28:06.760','Thu học phí HK 2 (2022-2023)','TM230501230831'),('34202007TMT','Bùi Thị Thanh','Hương','TM304','900000','2023-06-01 10:58:33.000','Thu Học Phí HK 2 (2022-2023)','TM230501230831'),('34192001TMT','Lý Thị Hương','Duyên','TM304','3280000','2023-08-24 15:22:48.000','Thu Học Phí HK 3 (2022-2023)','TM230501230831'),('34192037TMT','Nguyễn Thị Tú','Trinh','TM304','900000','2023-07-04 07:21:25.000','Thu Học Phí HK 2 (2022-2023)','TM230501230831'),('34202008TM4','Nguyễn Hữu','Ngân','TM304','900000','2023-05-12 10:45:06.340','Thu học phí HK 2 (2022-2023)','TM230501230831'),('34192021TMT','Huỳnh Thanh','Trà','TM304','1800000','2023-07-10 07:09:43.000','Thu Học Phí HK 2 (2022-2023)','TM230501230831'),('32140041KT','Trần Hoàng','Anh','TM304','580000','2023-08-06 08:39:17.000','Thu Học Phí HK 3 (2022-2023)','TM230501230831'),('34202013TM4','Đoàn Thị Hoài','Thương','TM304','900000','2023-06-27 10:33:22.227','Thu học phí HK 2 (2022-2023)','TM230501230831'),('34202024TMT','Trần Thị Thủy','Tiên','TM305','2870000','2023-08-18 13:01:50.107','Thu học phí HK 3 (2022-2023)','TM230501230831'),('34202011TMT','Vũ Thị Hồng','Luyến','TM305','3600000','2023-06-29 05:50:09.397','Thu học phí HK 2 (2022-2023)','TM230501230831'),('34202003TM4','Nguyễn Hoàng','Hiệp','TM305','3600000','2023-06-29 11:24:16.690','Thu học phí HK 2 (2022-2023)','TM230501230831'),('34202016TM4','Ngô Cao','Sang','TM305','3600000','2023-07-11 13:42:50.520','Thu học phí HK 2 (2022-2023)','TM230501230831'),('34202014TMT','Trương Văn','Nguyên','TM305','3600000','2023-05-14 10:12:01.677','Thu học phí HK 2 (2022-2023)','TM230501230831'),('34202043TMT','Võ Thanh','Nhàn','TM305','3600000','2023-05-29 17:11:44.000','Thu Học Phí HK 2 (2022-2023)','TM230501230831'),('34202007TM4','Nguyễn Thanh','Nhã','TM305','3600000','2023-07-05 07:31:19.000','Thu Học Phí HK 2 (2022-2023)','TM230501230831'),('34202016TMT','Võ Văn','Nông','TM305','3600000','2023-06-29 13:59:21.717','Thu học phí HK 2 (2022-2023)','TM230501230831'),('34202011TM4','Hồ Thị Thúy','Phượng','TM305','3600000','2023-06-29 18:28:37.170','Thu học phí HK 2 (2022-2023)','TM230501230831'),('34202010TM4','Đỗ Thanh','Nhãn','TM305','3600000','2023-05-12 10:55:47.820','Thu học phí HK 2 (2022-2023)','TM230501230831'),('34202014TM4','La Văn','Hâu','TM305','3600000','2023-05-12 09:05:02.427','Thu học phí HK 2 (2022-2023)','TM230501230831'),('34202024TMT','Trần Thị Thủy','Tiên','TM305','3600000','2023-05-12 08:40:30.497','Thu học phí HK 2 (2022-2023)','TM230501230831'),('34202029TMT','Bùi Thị Bảo','Yến','TM305','3600000','2023-06-29 13:41:55.847','Thu học phí HK 2 (2022-2023)','TM230501230831'),('34202031TMT','Trần Minh','Thành','TM305','3600000','2023-06-02 00:00:00.000','Thu học phí HK 2 (2022-2023)','TM230501230831'),('34202046TMT','Nguyễn Văn','Quyết','TM305','4100000','2023-08-29 09:30:06.953','Thu học phí HK 3 (2022-2023)','TM230501230831'),('34202012TM4','Trương Thị Ly','Sin','TM305','4510000','2023-06-29 20:45:45.170','Thu học phí HK 3 (2021-2022)','TM230501230831'),('34202001TMT','Phạm Văn','Bìa','TM305','3600000','2023-06-29 09:09:52.463','Thu học phí HK 2 (2022-2023)','TM230501230831'),('34202017TM4','Võ Thị Như','Ý','TM305','3600000','2023-06-27 16:34:41.133','Thu học phí HK 2 (2022-2023)','TM230501230831'),('34202015TM4','Trần Toại','Nguyện','TM305','3600000','2023-07-11 13:43:43.453','Thu học phí HK 2 (2022-2023)','TM230501230831'),('34202040TMT','Nguyễn Thị Thúy','Duy','TM305','3600000','2023-06-04 00:00:00.000','Thu học phí HK 2 (2022-2023)','TM230501230831'),('34202023TMT','Trần Thị Minh','Thư','TM305','3600000','2023-06-05 00:00:00.000','Thu học phí HK 2 (2022-2023)','TM230501230831'),('34202038TMT','Phạm Tuấn','Anh','TM305','3600000','2023-06-16 06:22:26.573','Thu học phí HK 2 (2022-2023)','TM230501230831'),('34202019TM4','Trương Mỹ','Phương','TM305','3600000','2023-05-09 14:33:31.000','Thu Học Phí HK 2 (2022-2023)','TM230501230831'),('34202030TMT','Nguyễn Thị Bé','Tuyết','TM305','3600000','2023-06-29 19:06:21.000','Thu Học Phí HK 2 (2022-2023)','TM230501230831'),('34202009TM4','Võ Thị','Mãi','TM305','3600000','2023-05-15 13:59:48.167','Thu học phí HK 2 (2022-2023)','TM230501230831'),('34202005TM4','Lê Thị Quỳnh','Như','TM305','3600000','2023-06-04 00:00:00.000','Thu học phí HK 2 (2022-2023)','TM230501230831'),('34202010TMT','Vũ Thị Bích','Luyến','TM305','3600000','2023-06-29 05:58:07.803','Thu học phí HK 2 (2022-2023)','TM230501230831'),('34202044TMT','Phạm Thị Thúy','Nguyên','TM305','3600000','2023-06-30 19:16:05.320','Thu học phí HK 2 (2022-2023)','TM230501230831'),('34202047TMT','Nguyễn Văn','Tín','TM305','3600000','2023-06-29 10:26:54.377','Thu học phí HK 2 (2022-2023)','TM230501230831'),('34202001TM4','Hồ Tấn','An','TM305','3600000','2023-06-27 10:50:07.177','Thu học phí HK 2 (2022-2023)','TM230501230831'),('34202013TMT','Võ Nguyên','Lý','TM305','3600000','2023-06-09 14:53:28.137','Thu học phí HK 2 (2022-2023)','TM230501230831'),('34202018TMT','Nguyễn Hoàng','Phúc','TM305','3600000','2023-06-29 10:35:56.350','Thu học phí HK 2 (2022-2023)','TM230501230831'),('34202012TMT','Nguyễn Văn','Luyến','TM305','3600000','2023-05-13 08:22:12.527','Thu học phí HK 2 (2022-2023)','TM230501230831'),('34202049TMT','Nguyễn Thị Kim','Ngân','TM305','3600000','2023-05-14 13:32:34.370','Thu học phí HK 2 (2022-2023)','TM230501230831'),('34202002TM4','Mai Thị Thùy','Dung','TM305','3600000','2023-06-27 13:46:46.020','Thu học phí HK 2 (2022-2023)','TM230501230831'),('34202003TMT','Võ Minh','Chưởng','TM305','3600000','2023-06-30 06:15:12.727','Thu học phí HK 2 (2022-2023)','TM230501230831'),('34202014TM4','La Văn','Hâu','TM305','2700000','2023-06-29 20:06:51.367','Thu học phí HK 1 (2022-2023)','TM230501230831'),('34202002TMT','Nguyễn Văn','Cường','TM305','3600000','2023-06-29 20:37:32.000','Thu Học Phí HK 2 (2022-2023)','TM230501230831'),('34202051TMT','Đỗ Chí','Thanh','TM305','3600000','2023-06-29 10:05:49.290','Thu học phí HK 2 (2022-2023)','TM230501230831'),('34202006TM4','Dương Thị Phương','Liên','TM305','3600000','2023-06-30 15:40:52.790','Thu học phí HK 2 (2022-2023)','TM230501230831'),('34202025TMT','Huỳnh Thanh','Toàn','TM305','3600000','2023-06-17 19:08:04.617','Thu học phí HK 2 (2022-2023)','TM230501230831'),('34202021TMT','Nguyễn Thị','Thanh','TM305','3600000','2023-06-14 17:28:06.760','Thu học phí HK 2 (2022-2023)','TM230501230831'),('34202007TMT','Bùi Thị Thanh','Hương','TM305','3600000','2023-06-01 10:58:33.000','Thu Học Phí HK 2 (2022-2023)','TM230501230831'),('34202008TM4','Nguyễn Hữu','Ngân','TM305','3600000','2023-05-12 10:45:06.340','Thu học phí HK 2 (2022-2023)','TM230501230831'),('34202013TM4','Đoàn Thị Hoài','Thương','TM305','3600000','2023-06-27 10:33:22.227','Thu học phí HK 2 (2022-2023)','TM230501230831'),('34203011TM4','Bùi Thị Hữu','Thuy','TM306','4500000','2023-05-13 09:26:47.000','Thu Học Phí HK 2 (2022-2023)','TM230501230831'),('34203004TM4','Nguyễn Trung','Hậu','TM306','4500000','2023-06-11 13:19:04.000','Thu Học Phí HK 2 (2022-2023)','TM230501230831'),('34203009TMT','Nguyễn Hải','Triều','TM306','4500000','2023-05-31 14:07:04.000','Thu Học Phí HK 2 (2022-2023)','TM230501230831'),('34203015TM4','Phạm Thị','Huệ','TM306','4500000','2023-05-08 18:30:16.000','Thu Học Phí HK 2 (2022-2023)','TM230501230831'),('34203007TMT','Ngô Trung','Thật','TM306','4500000','2023-05-11 14:01:28.180','Thu học phí HK 2 (2022-2023)','TM230501230831'),('34203006TMT','Trần Hoàng','Tuấn','TM306','4500000','2023-05-20 18:57:25.483','Thu học phí HK 2 (2022-2023)','TM230501230831'),('34203006TMT','Trần Hoàng','Tuấn','TM306','3280000','2023-08-22 21:39:50.767','Thu học phí HK 3 (2022-2023)','TM230501230831'),('34183013TMT','Nguyễn Văn','Linh','TM306','450000','2023-07-10 19:58:31.000','Thu Học Phí HK 1 (2022-2023)','TM230501230831'),('34203001TM4','Nguyễn Thị','Đán','TM306','4500000','2023-05-10 08:05:54.000','Thu Học Phí HK 2 (2022-2023)','TM230501230831'),('34203005TMT','Trần Cơ','Phát','TM306','4500000','2023-05-09 08:38:17.000','Thu Học Phí HK 2 (2022-2023)','TM230501230831'),('321910070Q4','Phan Thị Thu','Dung','TM306','330000','2023-07-14 13:02:39.000','Thu Học Phí HK 3 (2021-2022)','TM230501230831'),('34203010TM4','Nguyễn Thị Thanh','Tuyền','TM306','4500000','2023-05-12 07:47:25.000','Thu Học Phí HK 2 (2022-2023)','TM230501230831'),('34203008TMT','Nguyễn Thị Lệ','Thủy','TM306','4500000','2023-05-12 10:48:17.000','Thu Học Phí HK 2 (2022-2023)','TM230501230831'),('34203003TMT','Nguyễn Trọng','Khiêm','TM306','4500000','2023-05-25 09:40:46.000','Thu Học Phí HK 2 (2022-2023)','TM230501230831'),('34203014TM4','Nguyễn Anh','Tuấn','TM306','4500000','2023-05-09 08:26:10.000','Thu Học Phí HK 2 (2022-2023)','TM230501230831'),('34203007TM4','Nguyễn Thị Kim','Ngân','TM306','4500000','2023-05-13 08:26:13.000','Thu Học Phí HK 2 (2022-2023)','TM230501230831'),('34203002TM4','Nguyễn Thị Thúy','Hằng','TM306','4500000','2023-05-10 08:03:28.000','Thu Học Phí HK 2 (2022-2023)','TM230501230831'),('34203004TMT','Nguyễn Minh','Liêm','TM306','4500000','2023-06-02 11:02:53.000','Thu Học Phí HK 2 (2022-2023)','TM230501230831'),('34203009TM4','Nguyễn Thanh','Sang','TM306','4500000','2023-05-13 16:28:15.000','Thu Học Phí HK 2 (2022-2023)','TM230501230831'),('34203001TMT','Nguyễn Văn','Dể','TM306','4500000','2023-06-01 19:01:03.000','Thu Học Phí HK 2 (2022-2023)','TM230501230831'),('34203012TM4','Phan Thị Kim','Xuyến','TM306','4500000','2023-05-09 09:02:27.000','Thu Học Phí HK 2 (2022-2023)','TM230501230831'),('34203013TM4','Nguyễn Thị Bích','Tuyền','TM306','4500000','2023-05-09 08:28:00.000','Thu Học Phí HK 2 (2022-2023)','TM230501230831'),('34203006TM4','Lê Xa','Lem','TM306','4500000','2023-05-13 20:11:57.000','Thu Học Phí HK 2 (2022-2023)','TM230501230831'),('34203010TMT','Phan Thị Diễm','My','TM306','4500000','2023-05-15 09:37:05.000','Thu Học Phí HK 2 (2022-2023)','TM230501230831'),('34203011TMT','Đặng Thị Tài','Linh','TM306','4500000','2023-05-15 11:01:49.000','Thu Học Phí HK 2 (2022-2023)','TM230501230831'),('34211008TMT','Trần Thị','Mai','TM307','5400000','2023-06-28 08:29:40.450','Thu học phí HK 2 (2022-2023)','TM230501230831'),('34211020TMT','Đoàn Văn','Giàu','TM307','5400000','2023-05-24 08:32:10.000','Thu Học Phí HK 2 (2022-2023)','TM230501230831'),('34211006TMT','Đặng Hoài','Linh','TM307','5400000','2023-06-29 18:34:01.000','Thu Học Phí HK 2 (2022-2023)','TM230501230831'),('34211003TM4','Nguyễn Thị Minh','Thảo','TM307','5400000','2023-06-30 15:12:16.870','Thu học phí HK 2 (2022-2023)','TM230501230831'),('34211010TMT','Lê Minh','Nhựt','TM307','5400000','2023-06-22 11:02:20.000','Thu Học Phí HK 2 (2022-2023)','TM230501230831'),('34211001TM4','Trương Thanh','Hoài','TM307','5400000','2023-06-22 15:26:18.000','Thu Học Phí HK 2 (2022-2023)','TM230501230831'),('34211014TMT','Phạm Thanh','Toàn','TM307','4510000','2023-07-07 15:56:46.000','Thu Học Phí HK 3 (2021-2022)','TM230501230831'),('34211014TMT','Phạm Thanh','Toàn','TM307','5400000','2023-07-07 15:53:29.000','Thu Học Phí HK 2 (2022-2023)','TM230501230831'),('34211002TM4','Dương Thị Mộng','Nghi','TM307','5400000','2023-07-04 16:30:01.000','Thu Học Phí HK 2 (2022-2023)','TM230501230831'),('34211018TMT','Hoàng Như','Hạ','TM307','5400000','2023-06-21 14:20:30.000','Thu Học Phí HK 2 (2022-2023)','TM230501230831'),('34211005TM4','Nguyễn Duy','Trường','TM307','5400000','2023-05-19 16:30:12.000','Thu Học Phí HK 2 (2022-2023)','TM230501230831'),('34211016TMT','Trần Thị Việt','Trinh','TM307','5400000','2023-07-06 09:57:39.040','Thu học phí HK 2 (2022-2023)','TM230501230831'),('34211029TMT','Trần Thị','Sót','TM307','5400000','2023-07-07 16:06:01.000','Thu Học Phí HK 2 (2022-2023)','TM230501230831'),('34211014TMT','Phạm Thanh','Toàn','TM307','5400000','2023-05-19 12:30:22.000','Thu Học Phí HK 1 (2022-2023)','TM230501230831'),('34211003TM4','Nguyễn Thị Minh','Thảo','TM307','4510000','2023-08-10 17:53:24.033','Thu học phí HK 3 (2021-2022)','TM230501230831'),('34211005TMT','Huỳnh Trung','Kiên','TM307','5400000','2023-07-01 11:22:11.000','Thu Học Phí HK 2 (2022-2023)','TM230501230831'),('34211015TMT','Nguyễn Thị Thùy','Trinh','TM307','5400000','2023-07-07 16:10:26.000','Thu Học Phí HK 1 (2022-2023)','TM230501230831'),('34211001TMT','Trần Nhựt','Duy','TM307','5400000','2023-05-12 09:43:10.000','Thu Học Phí HK 2 (2022-2023)','TM230501230831'),('34211019TMT','Võ Nhựt','Hào','TM307','5400000','2023-06-30 10:05:32.080','Thu học phí HK 2 (2022-2023)','TM230501230831'),('34211004TMT','Đỗ Trọng','Hữu','TM307','5400000','2023-05-26 14:53:53.000','Thu Học Phí HK 2 (2022-2023)','TM230501230831'),('34211025TMT','Nguyễn Đặng Nhựt','Trường','TM307','5400000','2023-06-28 10:37:51.203','Thu học phí HK 2 (2022-2023)','TM230501230831'),('34211023TMT','Lê Quốc','Tính','TM307','5400000','2023-06-29 10:48:20.100','Thu học phí HK 2 (2022-2023)','TM230501230831'),('34211003TM4','Nguyễn Thị Minh','Thảo','TM307','5400000','2023-08-10 17:55:19.383','Thu học phí HK 1 (2022-2023)','TM230501230831'),('34213003TM4','Nguyễn Văn','Khanh','TM307','1230000','2023-08-08 14:13:27.773','Thu học phí HK 3 (2022-2023)','TM230501230831'),('34211012TMT','Nguyễn Chí','Thinh','TM307','5400000','2023-07-07 16:48:12.977','Thu học phí HK 2 (2022-2023)','TM230501230831'),('34211028TMT','Võ Thị','Út','TM307','5400000','2023-07-03 12:04:39.000','Thu Học Phí HK 2 (2022-2023)','TM230501230831'),('34211004TM4','Lê Văn','Thạch','TM307','5400000','2023-07-01 07:05:40.000','Thu Học Phí HK 2 (2022-2023)','TM230501230831'),('34211024TMT','Huỳnh Ngọc','Thẩm','TM307','5400000','2023-07-07 16:07:16.000','Thu Học Phí HK 2 (2022-2023)','TM230501230831'),('34211006TM4','Nguyễn Ngọc','Khánh','TM307','5400000','2023-06-21 14:19:08.000','Thu Học Phí HK 1 (2022-2023)','TM230501230831'),('34211014TMT','Phạm Thanh','Toàn','TM307','1230000','2023-05-19 12:33:10.000','Thu Học Phí HK 3 (2021-2022)','TM230501230831'),('34211011TMT','Trương Thị Thúy','Thanh','TM307','5400000','2023-07-05 19:04:43.993','Thu học phí HK 2 (2022-2023)','TM230501230831'),('34213015TMT','Phan Thanh','Phương','TM308','5850000','2023-07-07 01:32:15.937','Thu học phí HK 1 (2022-2023)','TM230501230831'),('34213012TMT','Nguyễn Thị Huyền','Trân','TM308','4950000','2023-08-02 11:51:39.000','Thu Học Phí HK 2 (2022-2023)','TM230501230831'),('34213005TM4','Hồ Minh','Nghĩa','TM308','4950000','2023-06-09 08:18:23.063','Thu học phí HK 2 (2022-2023)','TM230501230831'),('34213004TM4','Nguyễn Thị Kim','Ngân','TM308','4950000','2023-05-11 10:47:52.353','Thu học phí HK 2 (2022-2023)','TM230501230831'),('34213003TMT','Đỗ Thị','Hậu','TM308','4950000','2023-05-09 15:27:36.213','Thu học phí HK 2 (2022-2023)','TM230501230831'),('34213008TM4','Đỗ Hùng','Dương','TM308','4950000','2023-06-05 00:00:00.000','Thu học phí HK 2 (2022-2023)','TM230501230831'),('34213002TM4','Lê Văn','Đoàn','TM308','4950000','2023-06-23 07:46:57.000','Thu Học Phí HK 2 (2022-2023)','TM230501230831'),('34213008TMT','Lâm Văn','Nhựt','TM308','4950000','2023-08-26 15:04:41.000','Thu Học Phí HK 2 (2022-2023)','TM230501230831'),('34213004TMT','Nguyễn Tiến','Đạt','TM308','4950000','2023-05-09 18:22:38.000','Thu Học Phí HK 2 (2022-2023)','TM230501230831'),('34213003TM4','Nguyễn Văn','Khanh','TM308','4950000','2023-05-08 15:38:32.237','Thu học phí HK 2 (2022-2023)','TM230501230831'),('34213002TMT','Phạm Thái','Châu','TM308','4950000','2023-05-09 13:15:05.000','Thu Học Phí HK 2 (2022-2023)','TM230501230831'),('34213001TMT','Lê Mi','Cô','TM308','4950000','2023-06-07 18:11:50.000','Thu Học Phí HK 2 (2022-2023)','TM230501230831'),('34213018TMT','Bùi Trung','Tính','TM308','4950000','2023-08-14 09:26:40.000','Thu Học Phí HK 2 (2022-2023)','TM230501230831'),('34213007TMT','Trần Minh','Lĩnh','TM308','4950000','2023-07-06 17:13:38.383','Thu học phí HK 2 (2022-2023)','TM230501230831'),('34213006TM4','Trần Thị Thanh','Tuyền','TM308','4950000','2023-05-08 18:15:17.380','Thu học phí HK 2 (2022-2023)','TM230501230831'),('34213005TMT','Nguyễn Phương','Điền','TM308','4950000','2023-05-20 18:59:42.103','Thu học phí HK 2 (2022-2023)','TM230501230831'),('34213010TM4','Trần Thị Diểm','Hương','TM308','4950000','2023-07-01 14:13:04.637','Thu học phí HK 2 (2022-2023)','TM230501230831'),('34213011TMT','Ngân Minh','Thuận','TM308','4950000','2023-06-07 18:05:13.000','Thu Học Phí HK 2 (2022-2023)','TM230501230831'),('34213011TM4','Trương Thị Mộng','Tuyền','TM308','4950000','2023-05-10 08:21:39.673','Thu học phí HK 2 (2022-2023)','TM230501230831'),('34213003TM4','Nguyễn Văn','Khanh','TM308','4510000','2023-08-08 14:13:27.773','Thu học phí HK 3 (2022-2023)','TM230501230831'),('34213017TMT','Nguyễn Kiều Vân','Khánh','TM308','4950000','2023-07-08 08:27:07.000','Thu Học Phí HK 2 (2022-2023)','TM230501230831'),('34213014TMT','Lê Văn','Những','TM308','4950000','2023-05-09 11:53:41.000','Thu Học Phí HK 2 (2022-2023)','TM230501230831'),('34213019TMT','Phạm Quang','Trường','TM308','4950000','2023-05-08 12:20:19.903','Thu học phí HK 2 (2022-2023)','TM230501230831'),('34213015TMT','Phan Thanh','Phương','TM308','4950000','2023-07-07 11:14:42.417','Thu học phí HK 2 (2022-2023)','TM230501230831'),('34213001TM4','Lê Nguyễn Hữu','Đoan','TM308','4950000','2023-05-09 15:30:36.000','Thu Học Phí HK 2 (2022-2023)','TM230501230831'),('34213010TMT','Võ Trung','Tính','TM308','4950000','2023-08-02 11:51:04.000','Thu Học Phí HK 2 (2022-2023)','TM230501230831'),('34213009TM4','Nguyễn Phương','Hoa','TM308','4950000','2023-05-10 08:26:19.687','Thu học phí HK 2 (2022-2023)','TM230501230831'),('34222018TMT','Trần Quang','Chánh','TM309','4920000','2023-08-01 08:08:49.630','Thu học phí HK 3 (2022-2023)','TM230501230831'),('34222015TM4','Lê Minh','Nhật','TM309','2700000','2023-05-01 09:09:00.000','Thu Học Phí HK 2 (2022-2023)','TM230501230831'),('34222012TM4','Phan Thị Huỳnh','Ngọc','TM309','4920000','2023-08-07 14:41:45.000','Thu Học Phí HK 3 (2022-2023)','TM230501230831');
/*!40000 ALTER TABLE `student_accounting` ENABLE KEYS */;
UNLOCK TABLES;

--
-- Table structure for table `student_receipt_book`
--

DROP TABLE IF EXISTS `student_receipt_book`;
/*!40101 SET @saved_cs_client     = @@character_set_client */;
/*!50503 SET character_set_client = utf8mb4 */;
CREATE TABLE `student_receipt_book` (
  `mssv` varchar(50) CHARACTER SET utf8 COLLATE utf8_unicode_ci NOT NULL,
  `first_name` varchar(200) CHARACTER SET utf8 COLLATE utf8_unicode_ci DEFAULT NULL,
  `last_name` varchar(200) CHARACTER SET utf8 COLLATE utf8_unicode_ci DEFAULT NULL,
  `birth_day` varchar(50) CHARACTER SET utf8 COLLATE utf8_unicode_ci DEFAULT NULL,
  `class` varchar(50) CHARACTER SET utf8 COLLATE utf8_unicode_ci DEFAULT NULL,
  `ID_subject` varchar(50) CHARACTER SET utf8 COLLATE utf8_unicode_ci NOT NULL,
  `subject` varchar(255) CHARACTER SET utf8 COLLATE utf8_unicode_ci DEFAULT NULL,
  `day_pay` varchar(50) CHARACTER SET utf8 COLLATE utf8_unicode_ci DEFAULT NULL,
  `email` varchar(255) CHARACTER SET utf8 COLLATE utf8_unicode_ci DEFAULT NULL,
  `phone1` varchar(20) CHARACTER SET utf8 COLLATE utf8_unicode_ci DEFAULT NULL,
  `phone2` varchar(20) CHARACTER SET utf8 COLLATE utf8_unicode_ci DEFAULT NULL,
  `receiver` varchar(255) CHARACTER SET utf8 COLLATE utf8_unicode_ci DEFAULT NULL,
  `room` varchar(255) CHARACTER SET utf8 COLLATE utf8_unicode_ci DEFAULT NULL,
  `building` varchar(255) CHARACTER SET utf8 COLLATE utf8_unicode_ci DEFAULT NULL,
  `house_number` varchar(255) CHARACTER SET utf8 COLLATE utf8_unicode_ci DEFAULT NULL,
  `street_name` varchar(255) CHARACTER SET utf8 COLLATE utf8_unicode_ci DEFAULT NULL,
  `town` varchar(255) CHARACTER SET utf8 COLLATE utf8_unicode_ci DEFAULT NULL,
  `ward` varchar(255) CHARACTER SET utf8 COLLATE utf8_unicode_ci DEFAULT NULL,
  `district` varchar(255) CHARACTER SET utf8 COLLATE utf8_unicode_ci DEFAULT NULL,
  `city` varchar(255) CHARACTER SET utf8 COLLATE utf8_unicode_ci DEFAULT NULL,
  `receive_day` date DEFAULT NULL,
  `ID_receipt` varchar(100) CHARACTER SET utf8 COLLATE utf8_unicode_ci DEFAULT NULL,
  PRIMARY KEY (`mssv`,`ID_subject`),
  KEY `fk_receipt` (`ID_receipt`),
  CONSTRAINT `fk_receipt` FOREIGN KEY (`ID_receipt`) REFERENCES `receipt_book` (`ID_receipt`) ON DELETE CASCADE ON UPDATE CASCADE
) ENGINE=InnoDB DEFAULT CHARSET=utf8mb3 COLLATE=utf8_unicode_ci;
/*!40101 SET character_set_client = @saved_cs_client */;

--
-- Dumping data for table `student_receipt_book`
--

LOCK TABLES `student_receipt_book` WRITE;
/*!40000 ALTER TABLE `student_receipt_book` DISABLE KEYS */;
/*!40000 ALTER TABLE `student_receipt_book` ENABLE KEYS */;
UNLOCK TABLES;

--
-- Table structure for table `user`
--

DROP TABLE IF EXISTS `user`;
/*!40101 SET @saved_cs_client     = @@character_set_client */;
/*!50503 SET character_set_client = utf8mb4 */;
CREATE TABLE `user` (
  `mail` varchar(200) CHARACTER SET utf8 COLLATE utf8_unicode_ci NOT NULL,
  `password1` varchar(500) CHARACTER SET utf8 COLLATE utf8_unicode_ci DEFAULT NULL,
  `password2` varchar(500) CHARACTER SET utf8 COLLATE utf8_unicode_ci DEFAULT NULL,
  `full_name` varchar(200) CHARACTER SET utf8 COLLATE utf8_unicode_ci DEFAULT NULL,
  `phone` varchar(20) CHARACTER SET utf8 COLLATE utf8_unicode_ci DEFAULT NULL,
  `group_user` tinyint(1) DEFAULT NULL COMMENT '1: admin\\\\\\\\n2: dvlk\\\\\\\\n3: qlv \\\\\\\\n4: leader\\\\\\\\n5: account',
  `super_user` tinyint(1) DEFAULT NULL,
  PRIMARY KEY (`mail`)
) ENGINE=InnoDB DEFAULT CHARSET=utf8mb3 COLLATE=utf8_unicode_ci;
/*!40101 SET character_set_client = @saved_cs_client */;

--
-- Dumping data for table `user`
--

LOCK TABLES `user` WRITE;
/*!40000 ALTER TABLE `user` DISABLE KEYS */;
INSERT INTO `user` VALUES ('admin@oude.edu.vn','172fea0e97c05cfdcf1e01daecbaf4d3b6b1cd0c11c0f3635c43a7a01a753616','cbc5293941e6404b933b12e8ca2595ac2f4f809492d85f8d6d9fd83783292986','super admin','0393887272',1,1),('bahoangtg01@gmail.com','cf21b69ffbb745ca77f5f95713cfa18ac5009eb57c5e900f537cef965d22cc7b','089fbe916148d2bd7439ea614b0e26fbd52b8ff1163ee2f384ad627bd3d0660f',NULL,NULL,2,NULL),('baotrongtcn@gmail.com','28320bc0b74236e27fcf0d4b9307b0ec8d18e423fa9b527f8d808fed21bdefc7','6cc9bf3bdcc58f81ba446623f34388ce8ad3deec862e28e1cd78ea7987f42b69','Nguyễn Bảo Trọng',' ',2,NULL),('bentre_tranhongchau@bentre.edu.vn','3e7f2e0d9f6b625a6d4d2d2b305397c8d15e97e21bdb9ae38fd490499bb21f2a','7db105e7bd8a212dc7c6100ed9d17ddef411d362b2fa19c2c3a5d60fb99a3839','Trần Hồng Châu','0393887272',2,NULL),('boconganhtt0511@gmail.com','8136dc2c7e7176f10a0a19c63fea4805fd7ebf34ad9886937c764fe56abf7fb4','4ad2f91d5afdf6c8fb141cfe51741adb827726fcebd0d7f6fe6f9d61ffcfe642','Bồ Công Anh','0393887272',2,NULL),('buiducchuong74@gmail.com','46efdf20fd1d32de21272ae62fbeb7a085848ecfaf4d45056d037a3d1ba1b0b2','f43055d9c0902848b893a0faed49a3467dd951be43dab9b17e26ecbca86d9dca','Bùi Đức Chương','0393887272',2,NULL),('buihuygiapgl@gmail.com','e4630d1caa848f1276f1cdf24893ae6aa8b68861a49592de3952727227896a3d','3287a13b3e9b263a4feaa5b6888b35b141cecc685ef918db27395a39a5436ec0','Bùi Huy Giáp',' ',2,NULL),('buixuancuong2000@gmail.com','354e0795a0bfa3f760715157e3d86a561b43b2f25e6ae51ec505baee3bdb125a','3f91c61c14383ecda6b795fa13c7ae49268b95423c15b90401f10cea4a3d546b',NULL,NULL,2,NULL),('buixuantruong2000@gmail.com','e89c6a4bb21f29dcad0ed41020cc185fca892a411c4a0057277a2d12502fc8bf','094bfb03effdc5795c2b88252c3cb09bbd3cc1008b683cd8b5ae0b04ee49dc79','Bùi Xuân Cường','0393887272',2,NULL),('caothigiang84@gmail.com','3c94ee8e537bc747f1822a80f8a68a45f804feb85040857f454855688db1b51d','6e097ce0c08a44dc90f9513ca4d75ee97b8d13a4c579c3b14364d216b4647f8a','Cao Thị Giang',' ',2,NULL),('chiendh.gdtxchauthanh@haugiang.edu.vn','b30c1c17b29afdbecd76dd3bead85c05b88e24147be3c3a6d47e36c69758ff2d','3ab99f06dee55b43832f5fe6966a44e2b575d224ae0a0f1d305432a7d2217721',NULL,NULL,2,NULL),('cong.nt@ou.edu.vn','927ea5ab01d35177742987a0a5bf9b1e864ee376c74fb21521e2b73b374d45d8','1b5f5a1bff256bdce998ea50266733d99149caacb3c4eed940d1bab2cacecdf0',NULL,NULL,2,NULL),('congthu78@gmail.com','0e64c300c6b8f311a7ec6774fe67f1a25ee9d237ac8243abfc5e278d3ce260d1','1a94e8021ee7d550c938b9f0131ce53c8dd953cdbecdad52f1b50db56ae39625',NULL,NULL,2,NULL),('danghanh0111@gmail.com','4e2e3247e34dd3b6d352965d0faa2eb7ccfdb6ea7abe8ee763b3e4305de72679','5ab33a2438a5c60a4d60b8f8a4a20904cf1b3c2aded875a2c530e04c619f597b','Đặng Lê Hồng Hạnh',' ',2,NULL),('dangthitram989@gmail.com','0444a6464147953736e0c40bf6926c4b5975ef38d2e32b723186cf9a091bd70e','90a1f533d1b98529d29d8bdfea41e3c46155838361437e48506547ceea74f233','Đặng Thị Trâm','null',2,NULL),('dhhhanh@btu.edu.vn','afa3c9ab287998bb2ac577a5f64adbdb1f431d4139ea0df0a648082095524b58','0de6f4a99df7298a03c4e0e6c20d3120203cde1306acf30492ee66e99900d5d9',NULL,NULL,2,NULL),('dinhhabinh29@gmail.com','5caf966e1ccf14e96f9dce38166b194313967552f9d11efd53f5b2c77928a514','aa19d134dde4440f9a2ab8c1fb64c41b6f5a133c24dc275a10ff1bac066b60c8','Đinh Thị Hà Bình','0393887272',2,NULL),('dodangnhan1969@gmail.com','516d14b34b2b785347422e78b03428bddb48b203f9ac1fd9ab4b083b40e5e37f','d39cac4b11f3efc6d160f26ed08d89f610f3c02ec41aaaaff95fd5fbfdcfcdd0','Đỗ Đăng Nhân',' ',2,NULL),('dong83otm@gmail.com','722de0fdd2f7bcdfd402520dfe9a698518f99a6192a6ad79ad3b0943a17da0e9','0a9737cf84cbefa5e8d32c3ce3f3283c09356d387c6955c889c24a58f23d065c','Nguyễn Văn Đông',' ',2,NULL),('dongchequoc6768@gmail.com','c12efa65bbe953215ea709b6333896e8ec068a81eceee6e3fc9b22a6c56dca5c','e7d85ff58e4c0112b3f6706b3651a2dbef5b0696e492602374040250212ab852','Đồng Chế Quốc',' ',2,NULL),('dtgdtx@gmail.com','0161d06faa2614ef3c77e7945b0709ec2fd0494166a951b06afe0c4da7cec77c','9091e7e537c0ff55b86e9ca846a911518e3f1788d3adbe1789571d23eadbcdb8',NULL,NULL,2,NULL),('dtpha@btu.edu.vn','a693f21ef5aae2c1c93f947275bdac237b7809415e613289f68d23b593bc8cfa','cd9818615cf7f3608d71a2b0ebcef8c27c933ec8892eb49b7a31be493c4ea70d',NULL,NULL,2,NULL),('ducduoc73@yahoo.com.vn','91631434c219255b6d8f6ccff346b1953ad5b33dba903dbf2dbcded0bed0751f','c2ced3f32ed5fe6315fc320199f202691f36d693cf4e3b840d50cbda0cb6372f',NULL,NULL,2,NULL),('dung.pgdtanchau@gmail.com','553ad194714570da460e5af08a0ad72663453ee4119469600b1338bc7fadf189','60d881dae5a9da79063e9437e2199cb0dd76900480ca1f56ecd56ae6e92cacd2','Phan Anh Dũng',' ',2,NULL),('duongduongcm@yahoo.com','8674d7a1f58a837ddc030deba178321523368e61e6722c19f3aee5849bb52484','a51577e1aeb62f41d06dc57f23af35cd63a8cb56c06b512b48660dfd48c6a3b4','Dương Thùy Dương','0918786976',2,NULL),('duy.nguyen2@oude.edu.vn','78db77d7c6946d6cce786ef340970c2bfc138d793a55e4a3a30df3518a8327cc','78db77d7c6946d6cce786ef340970c2bfc138d793a55e4a3a30df3518a8327cc','Nguyễn Kim Duy','0393887272',1,NULL),('duy.nk@ou.edu.vn','6035eba7da655fe33883f2c9fe68e863098761bfd5f85c3405579a35077e3b8f','d87ee9587522f71c9d022198d1d343a477d899d8844851e5fb9b7835fe34ac04','Duy Kế Toán trường','0968884644',5,NULL),('duy.nk27021998@gmail.com','a0880d5f6f3608ab592a354638b0e155560a135b0bf49f627cc3e5ad5a845eda','8dff87b678651f23208d117fb92415ed5b51ccab7053dba3bf096c400717dd16','Duy KT DVLK','0968884644',2,NULL),('dvdong@btu.edu.vn','02cf988dde7c4bcf381484e805d2974d3d17e146041735337c5856d45c5f1bb8','eee66163b2db69ece7927cfc9270204988ac908bf6288c2e1ddc51f8bbc88a99','null','null',2,NULL),('gdtx.gdtxnhontrach@dongnai.edu.vn','8cb0c3b384d5899b94826304078073b52b4178fe3f0c4caa24689f60e0e689d3','554ddd370283e6477749ab6219d5092d491bd29e2a1632eac314fb65154c4aff','null','null',2,NULL),('hai6365@gmail.com','124dff1eaa02a2d46c26bea9b8e56b9b63891811c9e4b0f0961912d34f290650','82444f3d5f1a25499d460e56651aff099c936ba34026d1dc0987e1f0bcb4479c','Phạm Hoàng Hải',' ',3,NULL),('haiau2407@gmail.com','5455a9c0ba2d9a6095e5b677373ef2edd916d935d2217322e3b31f0002955aa9','965f24895630a29d7c7391c7563255b824d4a1dc5d8d9909bc276bd1692b1cc4','Nguyễn Hoàng Nam',' ',2,NULL),('hathinga@gdtxgiadinh.edu.vn','de00e4f87347d187306d511a8cd7b79fdf5afaee230fdbeb05dfaf85b40aa96c','8ce5f546584ac75cd1f3e5a3eebb2fe18682ea79472b839e829e383a18d6adb1',NULL,NULL,2,NULL),('hoanan2013@gmail.com','4beec755bd6aba902fff9f095633b3c2b759abc6ad9068f81ce8cefebf370528','df05d5aef7a353ec0f4f10482834ee3ade24d74b8747fee404e83739687ccab2',NULL,NULL,2,NULL),('hoanguyenquynhgdtx@gmail.com','5399e005393c464ac74a920b28894bd409d0fac7394a75a1e49e1e4bd1985ea8','5ae1a6b4e5b8317e24ada1aa205022dfffe2766649a10c6238c57c328341868b','Nguyễn Quỳnh Hoa',' ',2,NULL),('hoangy.dtntpr@ninhthuan.edu.vn','d3fb5349c97f1a3af00b0a9e8d376bbfc9f606d01d4df483af3e21cbe60d5e79','d3e3c15d8c4a2ff4f69bb84807cd6b4c1971bdb53d8f375463c9771d592da5c2','Đặng Hoàng Ý',' ',2,NULL),('hongcam36@gmail.com','17fd31bcdb4ad1a9e43b792ec7302a1d1224b81ba420de6e48219f753a125523','c1fd0b241a65753b85420ea41584cfabe193d5c5862306295930065251ffbe58','Nguyễn Thị Hồng Cẩm','0903334836',2,NULL),('hongminhgdtx88@gmail.com','51dec9c54327943e5670d7e2b8cfb9dccd5fce9a8a50c60a50419d2a8ad81a5a','c3750d5415cae37137c449e5c9ef70e5c7f3f96ba46077ea7cfe05c03d544b37','Lê Thị Hồng Minh',' ',3,NULL),('hophilong2011@yahoo.com','26b9e45f6a5aa865feacf9d29fc804b9061f242c72f18faf7bf0ac368c59cc9f','39fa821a311e54f001807e592b8523a7a2a41e41510fdd703c2e41e3c2454f60','Hồ Phi Long','0961327337',2,NULL),('huulocn6@gmail.com','a149dcb993dab397dd4a71bcdaf4dfeb230cfcb86b41eb53f0f3eed74e655f5b','e2284edbaf1a441ecd1af7bf99f43f8bcaf5198768da8ab00a982b58f5d86ac3','Nguyễn Hữu Lộc',' ',3,NULL),('huutrung@dtcc.edu.vn','d879a4c9a7b54ccabb50bd3ee7556dc85586c79d4fb87ba4e120b68540ba5580','a25a05fb435e7b90b876df948169ea80bb81366f137b643db019e50f1d11dd12','Trần Hữu Trung',' ',2,NULL),('huythong0872@gmail.com','0ba155a4e09dcf629a9fdc96fefd19513d8e76c35ddb6d0003423eb71aa5fd32','b1cc6ff8de032bfb1b035ceb6f48a28763b600b5463df6c58bcbc2cf91c0a103','Phan Đỗ Huy Thông',' ',2,NULL),('khang.lnq@ou.edu.vn','e69b2ffc15c2d1fd348a63a8f70ac117578b97c97c2637fcc8f7bed8e64fca22','064156911c5e15f1ce4c0fe40be38cedf290aa7b6be53e1819dd8495962986e5','Lê Nguyễn Quốc Khang','0979798332',4,NULL),('khanh.nguyen@caodangvietmy.edu.vn','c1ecb1eab980a18a15216db07d0b9f747dd2c195e5b4cdc58cb5b2f4ef37d2f1','6c896b99da99bdf8ce56f9633145419d724046c41c879fbfd3f5c4048bb50cca','Nguyễn Văn Khanh',' ',2,NULL),('kimngango88@gmail.com','927c29a0b835aa488585cb3a3af2e735e0b1bcef0191f0c20d9549a9b16ecee2','e61b7b5e53bb72a0b389ec09fc14fcca93e4c3586ce354e1babc26bb82051e5e',NULL,NULL,2,NULL),('kimthanhcse@gmail.com','ef90ef8bd7eefe278c44607b90b3161c1355cbd7b1d36dc59ad25f8416f5e191','0698c26286657e57bc4e736a2981f1a705480d01de3cb93ba16cb5eed9c4706e','Ngô Thị Kim Thanh',' ',2,NULL),('lananhgdtxpy@gmail.com','668494bff7a3346f6bcb17258e08d986589d62301785221f1aca38b4e2ca3959','ad892b115f32170e7eaa75ce32d177c0526db29fa992a48ea4c7771f81d1099e',NULL,NULL,2,NULL),('lehoangan.cmcc@gmail.com','c565a6f60a6cb037676d35b0fae0721955a22bb09d28acbef76291b5d26bd866','9b650b705dffdaeb43df3b6068a080dfd2f26c5657dfcb7092f088a9626d2486','Lê Hoàng Ân','0919449936',2,NULL),('lehongpq@gmail.com','ee98c8ddfd3b0f3ca79a0a8a0901ffb195dd1cf681ed8ed97ab8a9d0c2102994','9b673f64bf3581ea7e986e5f95009debb167a84d3effb0484334b63dec5c43a2','Lê Thị Hồng',' ',2,NULL),('lekhanhtoanlkt@gmail.com','41c44bad49273e3ade9588cdd10e314af399c23cc03429e59eb844f098641baa','88cae70b9b2ee0e544d2e0ceebb2a4d2ca30d90a3be01e69713b96bcaabbea3f',NULL,NULL,2,NULL),('lequocmongbao.gdtxag@gmail.com','c61d0c6ddcfe2a3c96cdd30eac8ea7876b6c09033753929d4dc4b7e7c9003084','6b9b79b463daf8dcdff105057e4ca2e7e3b73475da80379cb0cdf616796122c3',NULL,NULL,2,NULL),('levannoi.chupah@gmail.com','7f801ba6d24f6fd0815ffa1e79ccae67d8e2c04f0b6c04bf73fc7705abc5ce6f','bdad7fbcb15405412efacc876da98c898896d06e920505512dc660832cf6df71','Lê Văn Nội',' ',2,NULL),('levanthuanpleiku@gmail.com','98509a25d7b52ee5693e0a294c76849e6218ecb088dd8b762ee296f4e60364b3','a662e4f18724583197a79241ccf2ee23a34799c5dd4a716fda162d9918c9c837','Lê Văn Thuận',' ',2,NULL),('liemnh@haugiang.edu.vn','ef3470e0550accee9a4b32714e38663d911a94cd7d43343f5d7dac47ab0d74ae','ecf4cded0518db0d713bea9112f324214929025afdaf7ed1bf4a590377298e6e','Nguyễn Hoàng Liêm',' ',2,NULL),('loanketoan79@gmail.com','e594c338081f826475cbac95b976d87e74b43b3d55e232cfffed8100e29d0aa0','ece47abc22f10ffeead211c4841a02d22d3bfcba911e2e309ffee564ad145993','Phạm Thị Loan','0393887272',2,NULL),('loc.nth@ou.edu.vn','537e95ac45f68fd18a5bf2fab00969c227720151623bd4ace662d5c095ee2124','346f25c5100c97b0d3f6e372d2244550210e983b992f3b21f64e6d9b659bf678','Nguyễn Thành Lộc',' ',5,NULL),('lplinh1987@gmail.com','bdbc15cccd2c6c30f092f785289fbf10e9d96fe3186f6093a8931e4165c76efb','1c3d1cf9a4199f7656aa3ab40886f5aa8a7b8634657baef121ce8c7f0e2eda86','Lê Phan Linh','0393887272',2,NULL),('lthmay82.vn@gmail.com','0b2c1f923fd0bab173421c27c5b17760dbb78f72d96134e925bd54fad996438c','b49e8c2dff155d9cfd5cad4bc3106b2c72d873e8c18d59329272731105262977','Lâm Thanh Máy','0393887272',2,NULL),('luan.mh@ou.edu.vn','e0312895417eb09499a03aacdefdb268937c6ca8d5de656b4ca4e54340db9a0b','27537eeb64df5135acc0b62f20dff914a2f9b7d3e0e354065faa5d91a5d3e5ce','Mạc Hoàng Luân','0393887272',5,NULL),('luat.pham@oude.edu.vn','58db86f6d8e3bcf8e4b66b56960d05608017578ec39164b1f86e902ae28fd469','623daa609d8dd81eebb44120e9e208969203fa3462bbab0fbc46b64cdec5094c','phạm Viết Luật','0393887272',3,NULL),('luong.nt@ou.edu.vn','3d471de92e8f6a8e14d1f76dbd6ffe8244746d2a1dda93ac46c4ea18c4577b12','02084e89ea94792a01660bcbcd4893491b057769296119b06cb3547df931f5af','Nguyễn Tấn Lượng',NULL,5,NULL),('luongvinhthuyhien007@gmail.com','96918f86d999535a837053033eedd23ee636f400af26c2450c34d1416f262395','7c0093edb708c443344bd4d4f60e69286cc8c98c6ef40060600347517849e158',NULL,NULL,2,NULL),('mai.nguyen@caodangvietmy.edu.vn','77e36779f068e094cf0380beae39a47e5e24c57e5badfdda1061135fa3ea198f','f3f224ff1628e003f2ffab41b040888e6c0e725ebbc8de23db4aac2919c41453','Nguyễn Thị Tuyết Mai',' ',2,NULL),('minhcsdn2005@gmail.com','c2731d2a344a79120dad11fe1fdecb7b6f2e9a165359f7503efb3c941cbcb8be','7668096395c25ddb015b14ee274bf2171027a47d1e2a02ff397347e6e6a1a20b','Nguyễn Thị Nguyệt Minh',' ',2,NULL),('minhthu.bt955@gmail.com','3549e1bb7cdb13425afe8001a5698a0d47288c73cee33510776c0547dcce484d','a1ed70e4c2346471be68f2dae487f84801ed171b271b002ac65139b5d0642636','Lê Vũ Minh Thư','0988955123',2,NULL),('minhtrivtau@yahoo.com.vn','b9402e08231dd40de34654c74e0f6b9b758a7b014f3c43c23a2c17623e074222','5bd3ee529b31e7fa2a37be04c35aa0d55e201705431e0b5bd69aa2f04ed59d9a','Nguyễn Minh Trí','0393887272',3,NULL),('misshonglinh02@gmail.com','31e9c1b83c48918b04033a9a77644232b62381ca0f9ef31ccd73451b87b3901a','244cc298a3f600bd3eb9de5d55e9dddd4aad8bc3209eafc4ea8fde871924fb5b','Nguyễn Hồng Lĩnh',' ',2,NULL),('muoinv.gdtxtinh@haugiang.edu.vn','c20f49a7e67096b93b01c7c69f8bb3fb30179e6b518d8e598d9a66955082fdd1','20e911de648d96d128964567cfb63c96ab4e74c500b5799b51b1cb303b2e1e31','Nguyễn Văn Mười',' ',2,NULL),('myng8388@gmail.com','08a9a5c71ed2241807d8547823720a4e7bacdab3eecc71a001e1d26b9aaf663d','aa0e1c3226f84898f9fb42977a182d5b5498400dc365eb781f97998a386be1f8','Nguyễn Thị Trà My',' ',2,NULL),('namhoang.qd4@gmail.com','9797dc9feb5c43993e2a0cfe05b2240461698a379759ec17165436f7ff06bbd4','f71ddaaf32f5d40da634b680642ba9dfa3a1d53821fe19887cfef88c6daab4ea','Hoàng Thu Nam',' ',2,NULL),('ngan.ntth@ou.edu.vn','bf61759b99d93d00e2d5d7147504048fd6f5429e331488e923de7d84280dfbb0','7aacca7c8a7633e83f5957909729dd34b1465bcaac5946316eee139202f15f16',NULL,NULL,2,NULL),('ngapa.ttgdtxpq@kiengiang.edu.vn','674bdc8f5358386766597540f905634e4d06a11becbe2cd09691cca7d3e7d2d8','9c5c58ecb89a512e64c547b207309a1a21c375a5995524be0742567d0f1ec03f',NULL,NULL,2,NULL),('ngaphuai2000@gmail.com','14c459b43fa5c46e1e5cbd933b630bda528522f6a0df53791c8182ef541ad076','d4589b3e94654defe83df364afb465eb82e2ff5cff1739df62fe16fa530ba9b0','Phù Ái Nga',' ',2,NULL),('ngochieptcn@yahoo.com.vn','e3a6f3b359a14119da1b72148bdcd99bfa30a4acbd009130766c9175f1ac9236','7d71082110408d47358c309b7cc071307ba9001d4c451075cf1df6cacf8ec45c','Võ Thị Ngọc Hiệp',' ',2,NULL),('ngocmai.nd208@gmail.com','5c424132ceb813ccd968b037f1e66e7ce6cff9db18a26b14cc6ca57dd77941c4','f10704d533a5db5cb5355378251f7f0b89d862b793be75482a664ce43312e55c','Mai Ngọc Mai',' ',2,NULL),('ngovandang1977@gmail.com','6b8eccd4e6c31a57b67ad4b8deebe484bf8ecc4a1d9a91548b0685e54896b05b','b416a54269685526ab5841a755d35f971d0fea68f149985edde1649b8a8b8b74','Ngô Văn Đặng',' ',3,NULL),('nguyenhau70@gmail.com','3c445cbf1f01e17081af29a6b810e028c656f3a4db2b47b4e06e9aa79017f7a1','b86e01ad9200daa92f7e827a8b7f88c2342ee79ec52ddca7e307237834da6c1d','Nguyễn Thị Hậu','0393887272',2,NULL),('nguyennhuhuynh.cm@gmail.com','10b84faa2fa745a71d880ea0ee1cd7fbb1f89938733ac90a50415f8b4d8d5284','d0b36d7e45f55618e9a18d77e0f987fadbdbb0dc00819ae1bbd615b433eefa30','Nguyễn Như Huỳnh','0912096963',2,NULL),('nguyentcncuchi@gmail.com','bef233b2d6d479140d4002ec9f23484293c72a1f8349088f8ac93ce18f97e0ca','686160776a81185162b926b54f5fc4cd9174bf12d2a0edc98a849e4ecf6d29db',NULL,NULL,2,NULL),('nguyenvanducgl@gmail.com','0b8a6b8611db7c4da9cdace66f14c9e43b0a630f275e39f4683e5da277af4772','f982a21bf2f3ebed91d190bb4aa59df6ad7a64e1ae3e71133aecafe22892b3d7','Nguyễn Văn Đức',' ',2,NULL),('nguyenvanhieu759@gmail.com','cbf3de580d54243d9a83896f7b04424ebbed816a2859e83672e80255465926c6','21b226ba79e52169282b9749d8a470aa3d278de895ed20bd6e43c1d04891f48a','Nguyễn Văn Hiếu','0393887272',2,NULL),('nnthao@dtcc.edu.vn','12ca558b2c5a3e9878ad0773fad5f142363c13f58cf7ee98c0c7e85fdc8f74ee','86211ccdad73e46478195691f7040007c07dc6b1bc415e4226281605f8699d37','Nguyễn Ngọc Thảo',' ',2,NULL),('ntknga@dtcc.edu.vn','9748ebe72d8928d6aefd3dc656e9993e3832be6ceb0e8bfa891621a512aeb545','b417ed75c72ad5cb61d519d6e1dfce34de13c7d1dddb89a758310f9f17b43fe0','Ngô Thị Kim Ngà',' ',2,NULL),('ntle.gdtxtinh@khanhhoa.edu.vn','eeac4c932c73a1249230ed17691ec8e0a191cce2e3d0aade2a424569bb0fccaa','f5fed7cf720a802f365163191e14177f0f45c19c522efe61b31872cd1c564537','Nguyễn Thị Lệ','0393887272',2,NULL),('ntnha.gdtxbd@gmail.com','c434bdd39b2428ad49b384995c1cab67c1d9291e4c57437f9a82148766ab3d9d','8a48023f4ce051d7fb67f643a2c328a465eff3bdb74206a5a30ad50b8b69a6ac','Nguyễn Tấn Nha',' ',2,NULL),('Nvs0103@gmail.com','1657e895dfae0edb8165b63ebb66d37f5987e8cb051ccd46d198fff1d814005c','dd08a5e006663dcdd1492db830f263a0ab0db64970d0968a1a68eaf07bc5d381','Nguyễn Văn Sinh',' ',2,NULL),('phanlien818212@gmail.com','fda3d27b399d286e734f730b9970f7913b38ee9239b305f80300bbf87d3549f8','28bc0a9d672f9503648f506011f1b047e7dd9ffc9c8fadbf8be910cd2b832385','Phan Thị Bích Liên',' ',2,NULL),('phingdtx@gmail.com','88e6f6619eaceee2024c2497c839def9d4081fb89bdc0b2b2821c201daa21576','ca67fe014b38879bd1f3bc6257925c30b2d8327756853ef5ac512ab1d9477887',NULL,NULL,2,NULL),('phuoc.nk@ou.edu.vn','b3d3f558c64f9ef10e2892835dff3c5eefbe3afb2816cc82712149d2f1143d00','e28e95f69ccf38f84fd01d47497503596e7239e1232a1d8c05112523e746f1a3','Nguyễn Kim Phước','0918181008',4,NULL),('ptdung@btu.edu.vn','dd57c19ff96c2f4777762fc92bbb907adba25557e0e6d88cf6c8ed63aad4b81b','bf26078f4decbee49113207749955d0d896af140265c3da95660ce103d3fdee4','Phạm Thị Dung',' ',2,NULL),('pvrsing.tnxp@hcm.edu.vn','2fec5ce6f06e51214194018ab761156d1153b6be2854d9affac968315a25d9af','fd150af988f3114c10964bcfbbd23b76409ac5b5453f9a9d62ad372e94977591','Phạm Văn Ri Sing',' ',2,NULL),('quynhhoagdtx@yahoo.com','2eeaabb0958536df776eb9505508f9643cca012ed129051dc48e62a85dbd162c','d56b4d6eef1c6f6755b5bbff9064d143f9b223bbf43c01bbf4377dcbc791699a',NULL,NULL,2,NULL),('quynhpham.261190@gmail.com.com','f5b7db18a6043b345d92463cc3c682db9c9ee8d4801966a9aa93a9d440c70038','e3274e463aaa377d416a951412ade86dfbbe970abf24753c1a02a57d6afc02f0','Phạm Thanh Hương Quỳnh',' ',3,NULL),('rising_lathedo@yahoo.com','b44cd16381c7426178f00763a5768515ed8d856e7ea23fb107a0e1e3f4f6d096','d4345d40a01bee2074bb3811552e82e27c551899f4495ec3c44ad8e764a44701',NULL,NULL,2,NULL),('rongdnchuse@gmail.com','bcc92e0a715bd13c378670bcf59c6daa09d0ce18174d8449cf8923debee611aa','af605ff86a6b8626a6ae66c751f5529490d260236d012e3f2e870496746b589e','Ngô A Rông',' ',2,NULL),('sang.pdp@ou.edu.vn','ad5e3b50c5c04416922ba8395c604fd09bfdd21aa4d34c9557d007bf19dee6cd','fafd9c996d1feb4123c43e86e8219163a1bfb058893b1e4ce478b310c6d188b5','Sang AdminDVLK','0968884644',2,NULL),('sanggdtx@gmail.com','0677e234c34e5463065ed600edc801d1091572157c3ed756f8883c7df8731c0d','367323fc40267b7d45042eefe5666ef030a2bc980f20881f9ef736fbf2307ab2','Sang Nhơn Trạch','0393887272',2,NULL),('sinh.lx@ou.edu.vn','ba22f5989bb5530de6f0db5c63f27be868995fa4c808d842899c8b3134a781ac','97f97fe9bdf2114e64383fe394dc7c475b63e324bc8732b88f4d20215de21078',NULL,NULL,2,NULL),('sonthicdspst@gmail.com','f72a261b4d65a9d8bd29fcde5472cbb6d74141e93f9b2c2ace182c36eff09bcb','14cefe126087ed6d712798d6c25de0826abc92e94dc967f431c1234311856ccf','Sơn Thi',' ',2,NULL),('tanpham19@yahoo.com','da77060a2afedb59be83bd7750f13f02daeadae705f9dfadea1cc7517aac71d8','da42c5df29eae1498d31277214d6c26e384843f3ee4d261fc1c7bf8fb0ea7ee5','Phạm Minh Tấn','0393887272',2,NULL),('taxuanmai.79@gmail.com','df0e04bca66cd29279628d590a7e129a657c3091caa6364d6a66adcdabaa4aa7','a48bd9b1c725035001da0753313b5b8a12891217217a0ed0149722812d4c1014','Tạ Thị Xuân Mai','0393887272',2,NULL),('thang.nq@ou.edu.vn','b002df6f38b5c31cff5d1663a7f2eea9267ae95b1fac5a32551be624ceae0581','874e911a5c5948819f763b64ad4559b9b4a6f03459ff66cde25a15e152667009','Nguyễn Quốc Thắng','0393887272',5,NULL),('thanhduy041975@gmail.com','0238fb43b12a6ef707716b3ecaae89861870ec3714d7b8a683de0fc8c8faca37','d81763683552f40f6e466a9c78285b1aabeb9a4fb916fcb2fed565f70c88ab16','null','null',2,NULL),('thanhhaittdntn@gmail.com','ad8ee7300ff74f2e25e633dafb430d3402e9a30a636166ad47c843bf46cd4c9a','b92ed6b0466e2e44dfb41495659d66a1b59b898eca11eb9b96e45903a9f86cc6','Phạm Thanh Hải','0393887272',2,NULL),('thanhhuyen091983@gmail.com','1b84e45a7679866f3238f25c16053afdc70214ad3597c6d7a833f459b3f72769','1595c595e08ab61d9b0d8650404f6133693dbf8d31ec88c36b89a25b12c35176','Nguyễn Thanh Huyền','0988915102',2,NULL),('thao.nta@ou.edu.vn','1a19d386bc23a908c7e66e7012f252cfeae671ddfbe26d34d5b6a4027aa32bc6','b76561ee880e37de37291d0b4baeb9c543484ab228cb897db534d478db68c499','Nguyễn Thị Anh Thảo','0393887272',4,NULL),('thaodien23071981@gmail.com','3c00b3dbde5c69cc8c006ca700abe281598a1afc3cf941e71cd7f68e4513f6f1','4a37f4a5bb40fcb93c4160c9bdfd93285c3550f4ebd85eb2eeec54d8de73c61f','Trần Thị Thanh Thảo',' ',2,NULL),('thaoly19011978@gmail.com','cd8ad65f2a80737c52cc2124e10524e7447a4b90decf2e24ab885b9913d15700','60022294ba4767738f85c9e740e74d124b208ad646328fce6799f54a00f0ffb9','Nguyễn Thị Thảo Ly','0949954756',2,NULL),('thephuong85nb@gmail.com','79d2cabea1caedb153666976d8759cf0e4ca8c04453911078ef7f4018e43417a','9814c863b2bfa4f068c3555ccec611ebf190d31ed863a29b3a15d19827ce886e',NULL,NULL,2,NULL),('thua.nguyen@caodangvietmy.edu.vn','3b78c98d5512af8c950fd4b49ddccf08fb36c4f6eedeb8ab2aacf96f4e3b1cf4','c909c1554a1dbc3dc73d76d29fc86925522d319182124812157ae6d984eac6a0','Nguyễn Ngọc Thừa',' ',2,NULL),('thybinh07@gmail.com','4549358dbd3b63099efa823b5f61d270697ce538d6b83f1dcacc39f4dc1a7b40','9458b91803ac6477ed45cc826ac71d8951feeda675bc00ee5d7042980a8bb226',NULL,NULL,2,NULL),('tqoanh@btu.edu.vn','102e6ff424a916b839af7a4ddcd69f20824346faf29df0e2aaddd1346621b000','6837cf1cc1ae6f55fc197b5cd5e7c1e897a680afbc9a2ef8841dcd99c4e129cd','Trần Quốc Oanh',' ',2,NULL),('tranducduoc1973@gmail.com','0e0e873792fac6fa2aff2996960b9e458e3b4faf62311d2bce05ab9108a5ad23','ba782a4373ec566bd183f1e50f50051384820d09a1c69e3aaa4f88d91f6621be','Trần Đức Được',' ',2,NULL),('tranngochuykt1990@gmail.com','f13dce6869642470c99eb397314dc034be5a4bb4bab4b165919d2bf0a9237967','b2dac1379b4be59ab6d6b0162c093b4cbfa89f049469fe2cf1be49886329dbad',NULL,NULL,2,NULL),('tranthanhhiepvl05@gmail.com','c4c64aaa4d1f65b307b6809d87dc0a64ffba17b465fa11b9fe7845f44d180592','f49f38b77467c6c77b132dfa9f4166a6cadfad7395ea39fd1e7c31a589cd0615',NULL,NULL,2,NULL),('trantutayninh55@gmail.com','f507d6e6b7106ad3304e76629ad064a7d0dc5b387aad8f825db69ccb9945512d','4e5ecba6b6abd688ca66f98d33af894f5587637bad43b4ebb39e2557db50cc18','Trần Văn Tú',' ',3,NULL),('trongthachng@gmail.com','06fc81a5705894467e4dba0b05b0af4318a00299b645d9067100ef5da87aae3f','3f2ad036fd25780b8d69aa597b87051b447470971e90a16e16d14df2f55ffda8','null','null',2,NULL),('ttbdctpn@gmail.com','39c778cd66924ffd5770843e74143a9a84ea242fd41384b006218e073aa495a5','6ae53c0bcd9902cd31d1b17575851d2f4c9ec4f0df2247553f2b33c5e473302b',NULL,NULL,2,NULL),('ttcndongthapmuoi@gmail.com','1062201e2fd1e9c6275348a175946a3ba14f66d8dd5beb88ffb625bf187cb23a','50d7f2cc365f982b6be4d54b690777e972db8aa6f6bd35c78197114f8e235d7a','Tô Thị Kim Thoa','0393887272',2,NULL),('tttlinh275@gmail.com','0c2b5570d73bb960ca9f4aa6958c9e5be5b7a9aed774625b397cf57688522adc','b643f24bb2685e915453afcb6ea01b30bb66b3bd0b6566bc311502385a789a38','Trần Thị Thùy Linh','0393887272',2,NULL),('tuantcktcntn@gmail.com','f36a478e3d933baae4db5ba87d0836f52f4a1a9e4c129e20fb77771d51e7078d','ec72c879c5e67791aef75207fda24407da9a7b5be5b9ab8de945973c6c1d02cb','Nguyễn Huy Tuấn',' ',2,NULL),('tvchinh@btu.edu.vn','0594448a28a53c7bfc085262d77c6344665098ad47455a81dcb219cdfa35c794','cb70e2344504ba7ca3603f9f48d4afb31fcef9dc4a4fe3c54d6f385bf674ad31','Trương Văn Chính',' ',2,NULL),('tvthanh.gdtxtinh@khanhhoa.edu.vn','951c8cf177eaa08d91193a04a1881a14768915e324def7564b471a71b262419d','f85191bb7d05aad6bcc869600655bb46a238ee65dfe465f1e16399e9db6b30ba','Trần Văn Thanh','0393887272',2,NULL),('txhgiao@kgc.edu.vn','6a6deba5b1c5e515400b94173766970cba93ec27b1097314a9bd05e9602ad150','79b27e9e6bf662bd7d23d57ba22e7e41c6ba79b1d3dc48360e85f6fb0a50873d',NULL,NULL,2,NULL),('van.ntm@ou.edu.vn','ae0c6a6cef63d050fb50ef5c611449cf8af7ea2f20892ae6e0c04127b7baebce','31caa1e293302b1cd268a2f2cee0e948cd15614ee715f85de404b5ab0eec9ef1','Võ Thị Mỹ Vân','0393887272',5,NULL),('Van.vtm@ou.edu.vn','d11f06f82a1e21ff4fd33dc13de6c1c55998b0b415d5eb6219a5f57512130612','1a8556200ad7dcaae9210e177bbcd0d8b88c218e6ebd23772f15046abd223b25','Võ Thị Mỹ Vân',' ',5,NULL),('vantaihpp@gmail.com','f85421d793a31616b5ae9bc25d48cd4de149758e1199465977673cb82e9bae86','37dc98be2bae06a875867c6c05694a8b41d09b0f995e75cf85c3bffed799313d','Trần Văn Tài','0393887272',2,NULL),('vinhtrungcapcongdoanbrvt@gmail.com','9d536fdd11ba1c4ec139a1712a089a84ed26845c08b7da5f5ede84f325beaa7e','c33370062dd6c66049b002c861dc2277d2e4c2352baf2ff05d64d327d42c4536','Trần Quang Vinh','0393887272',3,NULL),('vivandalat@gmail.com','50ab5b99e9d240d1990f724ef9faac86c6498b36ced4806c50d15384a40c195c','580d5a5193d6d5f832c2f494b57285f4b8e11f3939afbeff56e564ff623f1ab3',NULL,NULL,2,NULL),('vokhoahg@gmail.com','b6c1b7c57a25d14dceb66e8962166626ce5422a3e930ec6f573e1f383bc076e0','708ab471329504d64ac33ed13660bf06247da3f3951357dfb60dd81379a9bc26','Võ Đăng Khoa',' ',2,NULL),('vothihangpk@gmail.com','c0bde01d73ec8a03b03a17f0f0d2a22f202e64b99f973b865df25f2d95e6de5a','91f662d4871007e4e12f6b33af758bb7df7278ddf3c42c88ae7dafe9f4c1415a','Võ Thị Hằng',' ',2,NULL),('vothilamkieu@gmail.com','ef7ce67db1f0f9e3c31c889087909d26fed6d9f18677be356983fcfbf52a602d','ab632bdda9eafb0114fe915bf26d0d72cf24b8cfdfb2db967349c08daf213585',NULL,NULL,2,NULL),('vovanthuygdtxgialai@gmail.com','689ad62bcbd04760e8194c15438019b61eecba104e0b32cdcd3ffbd83017f2f4','b0fda80ff714043560454d7552a3ab431005ffc28344ce872e4231bc4cde3a27','Võ Văn Thủy','null',2,NULL),('vovantienttgl@gmail.com','7b5cd23bdc3ff07b18012732e4b3b6668490ba371fdcedf405018fdc17ece594','e98f0bc9116c9e58791027d8685eb7ac890afca98001db633bb85f5010800ccb','Võ Văn Tiên',' ',2,NULL),('vunggdtx.vt@gmail.com','9637483c95191f074bc340dd4189d75461342dab4dda07fa7dafc8faf19f59d4','d074520352e3e0ccdeb688141a524eb8af5bb792e480d262acdbca2603b63863','null','null',2,NULL),('vy.ttt@ou.edu.vn','ed1fafb9709aced6391e7e73aebe02400441bc34ab5794160009bf47b7ba8c99','fe98dac0328aea3722d6a12bab3427a15a848584f7ce21029bc05705bdef51e6','Trần Thùy Thủy Vy','0393887272',5,NULL),('vynguyen090690@gmail.com','cab75ee7ca44094936299f315ad2d2d0b654475c2178d8981e500ff523655448','e6cc3cf9004df34a2e91037c0d9f5bda12cfb47bc2ce6925bf924d122ea66d85','Nguyễn Thảo Tường Vy',' ',3,NULL),('vythaodnlg@gmail.com','43c282a0d1c3a1cad39c1c58ba75716d543fd880870c291ca7a36212ef322968','408c336d78aaf147564d9659c23af7e59ef7f5933e26e19c0010440f6a818cce','Nguyễn Thị Mỹ Thảo','0933417998',2,NULL),('xuantien.gdtxchupah@gmail.com','37aadd4f1d103a0e70079315b2d8671d94180032ad0488953ce62d611fed331f','6b5f3da54f55463598d8a6231b1f79d37528757e86a7920aa2a06d6da1e5d86d','Nguyễn Xuân Tiến',' ',2,NULL),('xuyen_tcndh@yahoo.com.vn','cb542669012dca44eec756825d17caa78628c7b4674e887987728bbe56789fa1','eec27244517bb1e719000a0b3b463f6431aeaa6e7ca59da09dc694cc5f4e2943',NULL,NULL,2,NULL),('xuyenphan611@gmail.com','77519a986f5b0634af0d6ac46b71b289155aac96c0b7e77add45d78a485a6c73','21fa2ceb1b960ac5b7c8ff9cb5e7dad81804e9224dfa5af5b1d494b9a199cb49','Phan Thị kim Xuyến','0902924792',2,NULL),('yennn@sthc.edu.vn','0ae85382783fb4a9c54bcb261f51f1ad6c2594c27568b2762f150df8ebd1b623','a04150fffdb51a8b62d8af8281338143f9e08b3b4c7f71e2dcd99d7d85c09a81',NULL,NULL,2,NULL);
/*!40000 ALTER TABLE `user` ENABLE KEYS */;
UNLOCK TABLES;

--
-- Table structure for table `user_link_unit`
--

DROP TABLE IF EXISTS `user_link_unit`;
/*!40101 SET @saved_cs_client     = @@character_set_client */;
/*!50503 SET character_set_client = utf8mb4 */;
CREATE TABLE `user_link_unit` (
  `mail` varchar(200) CHARACTER SET utf8 COLLATE utf8_unicode_ci NOT NULL,
  `unit` varchar(100) CHARACTER SET utf8 COLLATE utf8_unicode_ci NOT NULL,
  PRIMARY KEY (`mail`,`unit`),
  KEY `fk_lu` (`unit`),
  CONSTRAINT `fk_lu` FOREIGN KEY (`unit`) REFERENCES `link_unit` (`unit`) ON DELETE CASCADE ON UPDATE CASCADE,
  CONSTRAINT `fk_u` FOREIGN KEY (`mail`) REFERENCES `user` (`mail`) ON DELETE CASCADE ON UPDATE CASCADE
) ENGINE=InnoDB DEFAULT CHARSET=utf8mb3 COLLATE=utf8_unicode_ci;
/*!40101 SET character_set_client = @saved_cs_client */;

--
-- Dumping data for table `user_link_unit`
--

LOCK TABLES `user_link_unit` WRITE;
/*!40000 ALTER TABLE `user_link_unit` DISABLE KEYS */;
INSERT INTO `user_link_unit` VALUES ('admin@oude.edu.vn','_K'),('duy.nguyen2@oude.edu.vn','_K'),('admin@oude.edu.vn','_T'),('duy.nguyen2@oude.edu.vn','_T'),('admin@oude.edu.vn','AG'),('loc.nth@ou.edu.vn','AG'),('luat.pham@oude.edu.vn','AG'),('Van.vtm@ou.edu.vn','AG'),('admin@oude.edu.vn','AP'),('loc.nth@ou.edu.vn','AP'),('luat.pham@oude.edu.vn','AP'),('Van.vtm@ou.edu.vn','AP'),('admin@oude.edu.vn','BA'),('duy.nguyen2@oude.edu.vn','BA'),('loc.nth@ou.edu.vn','BA'),('luat.pham@oude.edu.vn','BA'),('Van.vtm@ou.edu.vn','BA'),('admin@oude.edu.vn','BB'),('duy.nguyen2@oude.edu.vn','BB'),('duy.nk27021998@gmail.com','BB'),('loc.nth@ou.edu.vn','BB'),('luat.pham@oude.edu.vn','BB'),('sang.pdp@ou.edu.vn','BB'),('Van.vtm@ou.edu.vn','BB'),('admin@oude.edu.vn','BC'),('duy.nguyen2@oude.edu.vn','BC'),('loc.nth@ou.edu.vn','BC'),('luat.pham@oude.edu.vn','BC'),('Van.vtm@ou.edu.vn','BC'),('admin@oude.edu.vn','BD'),('danghanh0111@gmail.com','BD'),('duy.nguyen2@oude.edu.vn','BD'),('loc.nth@ou.edu.vn','BD'),('luat.pham@oude.edu.vn','BD'),('ntnha.gdtxbd@gmail.com','BD'),('tranducduoc1973@gmail.com','BD'),('Van.vtm@ou.edu.vn','BD'),('admin@oude.edu.vn','BE'),('duy.nguyen2@oude.edu.vn','BE'),('loc.nth@ou.edu.vn','BE'),('luat.pham@oude.edu.vn','BE'),('Van.vtm@ou.edu.vn','BE'),('admin@oude.edu.vn','BH'),('duy.nguyen2@oude.edu.vn','BH'),('loc.nth@ou.edu.vn','BH'),('luat.pham@oude.edu.vn','BH'),('Van.vtm@ou.edu.vn','BH'),('admin@oude.edu.vn','BI'),('duy.nguyen2@oude.edu.vn','BI'),('loc.nth@ou.edu.vn','BI'),('luat.pham@oude.edu.vn','BI'),('Van.vtm@ou.edu.vn','BI'),('admin@oude.edu.vn','BL'),('duy.nguyen2@oude.edu.vn','BL'),('loc.nth@ou.edu.vn','BL'),('luat.pham@oude.edu.vn','BL'),('Van.vtm@ou.edu.vn','BL'),('admin@oude.edu.vn','BO'),('duy.nguyen2@oude.edu.vn','BO'),('loc.nth@ou.edu.vn','BO'),('luat.pham@oude.edu.vn','BO'),('Van.vtm@ou.edu.vn','BO'),('admin@oude.edu.vn','BP'),('duy.nguyen2@oude.edu.vn','BP'),('loc.nth@ou.edu.vn','BP'),('luat.pham@oude.edu.vn','BP'),('Van.vtm@ou.edu.vn','BP'),('admin@oude.edu.vn','BR'),('dangthitram989@gmail.com','BR'),('duy.nguyen2@oude.edu.vn','BR'),('loc.nth@ou.edu.vn','BR'),('luat.pham@oude.edu.vn','BR'),('ngocmai.nd208@gmail.com','BR'),('Van.vtm@ou.edu.vn','BR'),('vinhtrungcapcongdoanbrvt@gmail.com','BR'),('admin@oude.edu.vn','BT'),('bentre_tranhongchau@bentre.edu.vn','BT'),('duy.nguyen2@oude.edu.vn','BT'),('loanketoan79@gmail.com','BT'),('loc.nth@ou.edu.vn','BT'),('luat.pham@oude.edu.vn','BT'),('thanhduy041975@gmail.com','BT'),('Van.vtm@ou.edu.vn','BT'),('admin@oude.edu.vn','BV'),('duy.nguyen2@oude.edu.vn','BV'),('loc.nth@ou.edu.vn','BV'),('luat.pham@oude.edu.vn','BV'),('Van.vtm@ou.edu.vn','BV'),('admin@oude.edu.vn','C4'),('dodangnhan1969@gmail.com','C4'),('duy.nguyen2@oude.edu.vn','C4'),('loc.nth@ou.edu.vn','C4'),('luat.pham@oude.edu.vn','C4'),('misshonglinh02@gmail.com','C4'),('namhoang.qd4@gmail.com','C4'),('thaodien23071981@gmail.com','C4'),('Van.vtm@ou.edu.vn','C4'),('admin@oude.edu.vn','CA'),('duy.nguyen2@oude.edu.vn','CA'),('loc.nth@ou.edu.vn','CA'),('luat.pham@oude.edu.vn','CA'),('Van.vtm@ou.edu.vn','CA'),('admin@oude.edu.vn','CC'),('baotrongtcn@gmail.com','CC'),('duy.nguyen2@oude.edu.vn','CC'),('haiau2407@gmail.com','CC'),('huythong0872@gmail.com','CC'),('loc.nth@ou.edu.vn','CC'),('luat.pham@oude.edu.vn','CC'),('ngochieptcn@yahoo.com.vn','CC'),('Van.vtm@ou.edu.vn','CC'),('admin@oude.edu.vn','CD'),('duy.nguyen2@oude.edu.vn','CD'),('loc.nth@ou.edu.vn','CD'),('luat.pham@oude.edu.vn','CD'),('Van.vtm@ou.edu.vn','CD'),('admin@oude.edu.vn','CG'),('duy.nguyen2@oude.edu.vn','CG'),('loc.nth@ou.edu.vn','CG'),('luat.pham@oude.edu.vn','CG'),('Van.vtm@ou.edu.vn','CG'),('admin@oude.edu.vn','CH'),('duy.nguyen2@oude.edu.vn','CH'),('loc.nth@ou.edu.vn','CH'),('luat.pham@oude.edu.vn','CH'),('Van.vtm@ou.edu.vn','CH'),('admin@oude.edu.vn','CL'),('duy.nguyen2@oude.edu.vn','CL'),('huutrung@dtcc.edu.vn','CL'),('loc.nth@ou.edu.vn','CL'),('luat.pham@oude.edu.vn','CL'),('nnthao@dtcc.edu.vn','CL'),('ntknga@dtcc.edu.vn','CL'),('Van.vtm@ou.edu.vn','CL'),('admin@oude.edu.vn','CM'),('duongduongcm@yahoo.com','CM'),('duy.nguyen2@oude.edu.vn','CM'),('lehoangan.cmcc@gmail.com','CM'),('loc.nth@ou.edu.vn','CM'),('luat.pham@oude.edu.vn','CM'),('nguyennhuhuynh.cm@gmail.com','CM'),('Van.vtm@ou.edu.vn','CM'),('admin@oude.edu.vn','CN'),('duy.nguyen2@oude.edu.vn','CN'),('loc.nth@ou.edu.vn','CN'),('luat.pham@oude.edu.vn','CN'),('Van.vtm@ou.edu.vn','CN'),('admin@oude.edu.vn','CQ'),('duy.nguyen2@oude.edu.vn','CQ'),('loc.nth@ou.edu.vn','CQ'),('luat.pham@oude.edu.vn','CQ'),('Van.vtm@ou.edu.vn','CQ'),('admin@oude.edu.vn','CR'),('duy.nguyen2@oude.edu.vn','CR'),('loc.nth@ou.edu.vn','CR'),('luat.pham@oude.edu.vn','CR'),('Van.vtm@ou.edu.vn','CR'),('admin@oude.edu.vn','CT'),('duy.nguyen2@oude.edu.vn','CT'),('loc.nth@ou.edu.vn','CT'),('luat.pham@oude.edu.vn','CT'),('Van.vtm@ou.edu.vn','CT'),('admin@oude.edu.vn','CV'),('duy.nguyen2@oude.edu.vn','CV'),('loc.nth@ou.edu.vn','CV'),('luat.pham@oude.edu.vn','CV'),('Van.vtm@ou.edu.vn','CV'),('admin@oude.edu.vn','DA'),('duy.nguyen2@oude.edu.vn','DA'),('loc.nth@ou.edu.vn','DA'),('luat.pham@oude.edu.vn','DA'),('Van.vtm@ou.edu.vn','DA'),('admin@oude.edu.vn','DB'),('duy.nguyen2@oude.edu.vn','DB'),('loc.nth@ou.edu.vn','DB'),('luat.pham@oude.edu.vn','DB'),('Van.vtm@ou.edu.vn','DB'),('admin@oude.edu.vn','DD'),('duy.nguyen2@oude.edu.vn','DD'),('loc.nth@ou.edu.vn','DD'),('luat.pham@oude.edu.vn','DD'),('Van.vtm@ou.edu.vn','DD'),('admin@oude.edu.vn','DG'),('duy.nguyen2@oude.edu.vn','DG'),('loc.nth@ou.edu.vn','DG'),('luat.pham@oude.edu.vn','DG'),('Van.vtm@ou.edu.vn','DG'),('admin@oude.edu.vn','DH'),('duy.nguyen2@oude.edu.vn','DH'),('hongcam36@gmail.com','DH'),('loc.nth@ou.edu.vn','DH'),('luat.pham@oude.edu.vn','DH'),('Van.vtm@ou.edu.vn','DH'),('xuyenphan611@gmail.com','DH'),('admin@oude.edu.vn','DK'),('duy.nguyen2@oude.edu.vn','DK'),('loc.nth@ou.edu.vn','DK'),('luat.pham@oude.edu.vn','DK'),('Van.vtm@ou.edu.vn','DK'),('admin@oude.edu.vn','DM'),('duy.nguyen2@oude.edu.vn','DM'),('loc.nth@ou.edu.vn','DM'),('luat.pham@oude.edu.vn','DM'),('Van.vtm@ou.edu.vn','DM'),('admin@oude.edu.vn','DN'),('duy.nguyen2@oude.edu.vn','DN'),('loc.nth@ou.edu.vn','DN'),('luat.pham@oude.edu.vn','DN'),('Van.vtm@ou.edu.vn','DN'),('admin@oude.edu.vn','DR'),('loc.nth@ou.edu.vn','DR'),('luat.pham@oude.edu.vn','DR'),('Van.vtm@ou.edu.vn','DR'),('admin@oude.edu.vn','DT'),('duy.nguyen2@oude.edu.vn','DT'),('loc.nth@ou.edu.vn','DT'),('luat.pham@oude.edu.vn','DT'),('Van.vtm@ou.edu.vn','DT'),('admin@oude.edu.vn','EA'),('loc.nth@ou.edu.vn','EA'),('luat.pham@oude.edu.vn','EA'),('Van.vtm@ou.edu.vn','EA'),('admin@oude.edu.vn','GC'),('duy.nguyen2@oude.edu.vn','GC'),('loc.nth@ou.edu.vn','GC'),('luat.pham@oude.edu.vn','GC'),('Van.vtm@ou.edu.vn','GC'),('admin@oude.edu.vn','GD'),('duy.nguyen2@oude.edu.vn','GD'),('loc.nth@ou.edu.vn','GD'),('luat.pham@oude.edu.vn','GD'),('Van.vtm@ou.edu.vn','GD'),('admin@oude.edu.vn','GI'),('duy.nguyen2@oude.edu.vn','GI'),('loc.nth@ou.edu.vn','GI'),('luat.pham@oude.edu.vn','GI'),('Van.vtm@ou.edu.vn','GI'),('admin@oude.edu.vn','GL'),('buihuygiapgl@gmail.com','GL'),('duy.nguyen2@oude.edu.vn','GL'),('levanthuanpleiku@gmail.com','GL'),('loc.nth@ou.edu.vn','GL'),('luat.pham@oude.edu.vn','GL'),('Van.vtm@ou.edu.vn','GL'),('vothihangpk@gmail.com','GL'),('vovanthuygdtxgialai@gmail.com','GL'),('vovantienttgl@gmail.com','GL'),('admin@oude.edu.vn','GM'),('buihuygiapgl@gmail.com','GM'),('duy.nguyen2@oude.edu.vn','GM'),('levanthuanpleiku@gmail.com','GM'),('loc.nth@ou.edu.vn','GM'),('luat.pham@oude.edu.vn','GM'),('Van.vtm@ou.edu.vn','GM'),('vothihangpk@gmail.com','GM'),('vovanthuygdtxgialai@gmail.com','GM'),('vovantienttgl@gmail.com','GM'),('admin@oude.edu.vn','GN'),('duy.nguyen2@oude.edu.vn','GN'),('loc.nth@ou.edu.vn','GN'),('luat.pham@oude.edu.vn','GN'),('Van.vtm@ou.edu.vn','GN'),('admin@oude.edu.vn','GO'),('buihuygiapgl@gmail.com','GO'),('duy.nguyen2@oude.edu.vn','GO'),('levanthuanpleiku@gmail.com','GO'),('loc.nth@ou.edu.vn','GO'),('luat.pham@oude.edu.vn','GO'),('Van.vtm@ou.edu.vn','GO'),('vothihangpk@gmail.com','GO'),('vovanthuygdtxgialai@gmail.com','GO'),('vovantienttgl@gmail.com','GO'),('admin@oude.edu.vn','GP'),('buihuygiapgl@gmail.com','GP'),('duy.nguyen2@oude.edu.vn','GP'),('levannoi.chupah@gmail.com','GP'),('levanthuanpleiku@gmail.com','GP'),('loc.nth@ou.edu.vn','GP'),('luat.pham@oude.edu.vn','GP'),('phanlien818212@gmail.com','GP'),('Van.vtm@ou.edu.vn','GP'),('vothihangpk@gmail.com','GP'),('vovanthuygdtxgialai@gmail.com','GP'),('vovantienttgl@gmail.com','GP'),('xuantien.gdtxchupah@gmail.com','GP'),('admin@oude.edu.vn','GQ'),('duy.nguyen2@oude.edu.vn','GQ'),('loc.nth@ou.edu.vn','GQ'),('luat.pham@oude.edu.vn','GQ'),('Van.vtm@ou.edu.vn','GQ'),('admin@oude.edu.vn','GR'),('duy.nguyen2@oude.edu.vn','GR'),('loc.nth@ou.edu.vn','GR'),('luat.pham@oude.edu.vn','GR'),('Van.vtm@ou.edu.vn','GR'),('admin@oude.edu.vn','GS'),('buihuygiapgl@gmail.com','GS'),('duy.nguyen2@oude.edu.vn','GS'),('kimthanhcse@gmail.com','GS'),('levanthuanpleiku@gmail.com','GS'),('loc.nth@ou.edu.vn','GS'),('luat.pham@oude.edu.vn','GS'),('nguyenvanducgl@gmail.com','GS'),('rongdnchuse@gmail.com','GS'),('Van.vtm@ou.edu.vn','GS'),('vothihangpk@gmail.com','GS'),('vovanthuygdtxgialai@gmail.com','GS'),('vovantienttgl@gmail.com','GS'),('admin@oude.edu.vn','GU'),('duy.nguyen2@oude.edu.vn','GU'),('loc.nth@ou.edu.vn','GU'),('luat.pham@oude.edu.vn','GU'),('Van.vtm@ou.edu.vn','GU'),('admin@oude.edu.vn','GV'),('duy.nguyen2@oude.edu.vn','GV'),('loc.nth@ou.edu.vn','GV'),('luat.pham@oude.edu.vn','GV'),('Van.vtm@ou.edu.vn','GV'),('admin@oude.edu.vn','HB'),('duy.nguyen2@oude.edu.vn','HB'),('loc.nth@ou.edu.vn','HB'),('luat.pham@oude.edu.vn','HB'),('Van.vtm@ou.edu.vn','HB'),('admin@oude.edu.vn','HD'),('duy.nguyen2@oude.edu.vn','HD'),('loc.nth@ou.edu.vn','HD'),('luat.pham@oude.edu.vn','HD'),('Van.vtm@ou.edu.vn','HD'),('admin@oude.edu.vn','HG'),('duy.nguyen2@oude.edu.vn','HG'),('loc.nth@ou.edu.vn','HG'),('luat.pham@oude.edu.vn','HG'),('muoinv.gdtxtinh@haugiang.edu.vn','HG'),('Van.vtm@ou.edu.vn','HG'),('vokhoahg@gmail.com','HG'),('admin@oude.edu.vn','HM'),('duy.nguyen2@oude.edu.vn','HM'),('loc.nth@ou.edu.vn','HM'),('luat.pham@oude.edu.vn','HM'),('Van.vtm@ou.edu.vn','HM'),('admin@oude.edu.vn','HN'),('duy.nguyen2@oude.edu.vn','HN'),('loc.nth@ou.edu.vn','HN'),('luat.pham@oude.edu.vn','HN'),('Van.vtm@ou.edu.vn','HN'),('admin@oude.edu.vn','HT'),('admin@oude.edu.vn','HU'),('duy.nguyen2@oude.edu.vn','HU'),('loc.nth@ou.edu.vn','HU'),('luat.pham@oude.edu.vn','HU'),('Van.vtm@ou.edu.vn','HU'),('admin@oude.edu.vn','HV'),('duy.nguyen2@oude.edu.vn','HV'),('loc.nth@ou.edu.vn','HV'),('luat.pham@oude.edu.vn','HV'),('Van.vtm@ou.edu.vn','HV'),('admin@oude.edu.vn','HX'),('duy.nguyen2@oude.edu.vn','HX'),('loc.nth@ou.edu.vn','HX'),('luat.pham@oude.edu.vn','HX'),('Van.vtm@ou.edu.vn','HX'),('admin@oude.edu.vn','KG'),('duy.nguyen2@oude.edu.vn','KG'),('loc.nth@ou.edu.vn','KG'),('luat.pham@oude.edu.vn','KG'),('Van.vtm@ou.edu.vn','KG'),('admin@oude.edu.vn','KH'),('duy.nguyen2@oude.edu.vn','KH'),('loc.nth@ou.edu.vn','KH'),('luat.pham@oude.edu.vn','KH'),('Van.vtm@ou.edu.vn','KH'),('admin@oude.edu.vn','LA'),('duy.nguyen2@oude.edu.vn','LA'),('loc.nth@ou.edu.vn','LA'),('luat.pham@oude.edu.vn','LA'),('Van.vtm@ou.edu.vn','LA'),('admin@oude.edu.vn','LB'),('duy.nguyen2@oude.edu.vn','LB'),('loc.nth@ou.edu.vn','LB'),('luat.pham@oude.edu.vn','LB'),('Van.vtm@ou.edu.vn','LB'),('admin@oude.edu.vn','LC'),('duy.nguyen2@oude.edu.vn','LC'),('loc.nth@ou.edu.vn','LC'),('luat.pham@oude.edu.vn','LC'),('Van.vtm@ou.edu.vn','LC'),('admin@oude.edu.vn','LD'),('duy.nguyen2@oude.edu.vn','LD'),('loc.nth@ou.edu.vn','LD'),('luat.pham@oude.edu.vn','LD'),('Van.vtm@ou.edu.vn','LD'),('admin@oude.edu.vn','LG'),('duy.nguyen2@oude.edu.vn','LG'),('loc.nth@ou.edu.vn','LG'),('luat.pham@oude.edu.vn','LG'),('minhthu.bt955@gmail.com','LG'),('thanhhuyen091983@gmail.com','LG'),('thaoly19011978@gmail.com','LG'),('Van.vtm@ou.edu.vn','LG'),('admin@oude.edu.vn','LH'),('duy.nguyen2@oude.edu.vn','LH'),('loc.nth@ou.edu.vn','LH'),('luat.pham@oude.edu.vn','LH'),('Van.vtm@ou.edu.vn','LH'),('admin@oude.edu.vn','LN'),('duy.nguyen2@oude.edu.vn','LN'),('loc.nth@ou.edu.vn','LN'),('luat.pham@oude.edu.vn','LN'),('Van.vtm@ou.edu.vn','LN'),('admin@oude.edu.vn','LT'),('duy.nguyen2@oude.edu.vn','LT'),('loc.nth@ou.edu.vn','LT'),('luat.pham@oude.edu.vn','LT'),('Van.vtm@ou.edu.vn','LT'),('admin@oude.edu.vn','MC'),('duy.nguyen2@oude.edu.vn','MC'),('loc.nth@ou.edu.vn','MC'),('luat.pham@oude.edu.vn','MC'),('Van.vtm@ou.edu.vn','MC'),('admin@oude.edu.vn','MD'),('duy.nguyen2@oude.edu.vn','MD'),('loc.nth@ou.edu.vn','MD'),('luat.pham@oude.edu.vn','MD'),('Van.vtm@ou.edu.vn','MD'),('admin@oude.edu.vn','MR'),('loc.nth@ou.edu.vn','MR'),('luat.pham@oude.edu.vn','MR'),('Van.vtm@ou.edu.vn','MR'),('admin@oude.edu.vn','NA'),('duy.nguyen2@oude.edu.vn','NA'),('loc.nth@ou.edu.vn','NA'),('luat.pham@oude.edu.vn','NA'),('Van.vtm@ou.edu.vn','NA'),('admin@oude.edu.vn','NB'),('duy.nguyen2@oude.edu.vn','NB'),('loc.nth@ou.edu.vn','NB'),('luat.pham@oude.edu.vn','NB'),('Van.vtm@ou.edu.vn','NB'),('admin@oude.edu.vn','NH'),('duy.nguyen2@oude.edu.vn','NH'),('loc.nth@ou.edu.vn','NH'),('luat.pham@oude.edu.vn','NH'),('Van.vtm@ou.edu.vn','NH'),('admin@oude.edu.vn','NT'),('dong83otm@gmail.com','NT'),('dongchequoc6768@gmail.com','NT'),('duy.nguyen2@oude.edu.vn','NT'),('hoanguyenquynhgdtx@gmail.com','NT'),('hoangy.dtntpr@ninhthuan.edu.vn','NT'),('loc.nth@ou.edu.vn','NT'),('luat.pham@oude.edu.vn','NT'),('Nvs0103@gmail.com','NT'),('Van.vtm@ou.edu.vn','NT'),('admin@oude.edu.vn','NU'),('duy.nguyen2@oude.edu.vn','NU'),('loc.nth@ou.edu.vn','NU'),('luat.pham@oude.edu.vn','NU'),('Van.vtm@ou.edu.vn','NU'),('admin@oude.edu.vn','NV'),('duy.nguyen2@oude.edu.vn','NV'),('loc.nth@ou.edu.vn','NV'),('luat.pham@oude.edu.vn','NV'),('Van.vtm@ou.edu.vn','NV'),('admin@oude.edu.vn','NX'),('duy.nguyen2@oude.edu.vn','NX'),('loc.nth@ou.edu.vn','NX'),('luat.pham@oude.edu.vn','NX'),('pvrsing.tnxp@hcm.edu.vn','NX'),('Van.vtm@ou.edu.vn','NX'),('admin@oude.edu.vn','OM'),('duy.nguyen2@oude.edu.vn','OM'),('loc.nth@ou.edu.vn','OM'),('luat.pham@oude.edu.vn','OM'),('Van.vtm@ou.edu.vn','OM'),('admin@oude.edu.vn','PB'),('duy.nguyen2@oude.edu.vn','PB'),('loc.nth@ou.edu.vn','PB'),('luat.pham@oude.edu.vn','PB'),('Van.vtm@ou.edu.vn','PB'),('admin@oude.edu.vn','PD'),('duy.nguyen2@oude.edu.vn','PD'),('loc.nth@ou.edu.vn','PD'),('luat.pham@oude.edu.vn','PD'),('Van.vtm@ou.edu.vn','PD'),('admin@oude.edu.vn','PG'),('duy.nguyen2@oude.edu.vn','PG'),('loc.nth@ou.edu.vn','PG'),('luat.pham@oude.edu.vn','PG'),('Van.vtm@ou.edu.vn','PG'),('admin@oude.edu.vn','PL'),('duy.nguyen2@oude.edu.vn','PL'),('loc.nth@ou.edu.vn','PL'),('luat.pham@oude.edu.vn','PL'),('Van.vtm@ou.edu.vn','PL'),('admin@oude.edu.vn','PN'),('duy.nguyen2@oude.edu.vn','PN'),('loc.nth@ou.edu.vn','PN'),('luat.pham@oude.edu.vn','PN'),('Van.vtm@ou.edu.vn','PN'),('admin@oude.edu.vn','PQ'),('duy.nguyen2@oude.edu.vn','PQ'),('lehongpq@gmail.com','PQ'),('loc.nth@ou.edu.vn','PQ'),('luat.pham@oude.edu.vn','PQ'),('ngaphuai2000@gmail.com','PQ'),('sonthicdspst@gmail.com','PQ'),('Van.vtm@ou.edu.vn','PQ'),('admin@oude.edu.vn','PT'),('duy.nguyen2@oude.edu.vn','PT'),('loc.nth@ou.edu.vn','PT'),('luat.pham@oude.edu.vn','PT'),('Van.vtm@ou.edu.vn','PT'),('admin@oude.edu.vn','PV'),('duy.nguyen2@oude.edu.vn','PV'),('loc.nth@ou.edu.vn','PV'),('luat.pham@oude.edu.vn','PV'),('Van.vtm@ou.edu.vn','PV'),('admin@oude.edu.vn','PY'),('duy.nguyen2@oude.edu.vn','PY'),('loc.nth@ou.edu.vn','PY'),('luat.pham@oude.edu.vn','PY'),('Van.vtm@ou.edu.vn','PY'),('admin@oude.edu.vn','Q1'),('duy.nguyen2@oude.edu.vn','Q1'),('loc.nth@ou.edu.vn','Q1'),('luat.pham@oude.edu.vn','Q1'),('Van.vtm@ou.edu.vn','Q1'),('admin@oude.edu.vn','Q2'),('duy.nguyen2@oude.edu.vn','Q2'),('loc.nth@ou.edu.vn','Q2'),('luat.pham@oude.edu.vn','Q2'),('Van.vtm@ou.edu.vn','Q2'),('admin@oude.edu.vn','Q4'),('duy.nguyen2@oude.edu.vn','Q4'),('loc.nth@ou.edu.vn','Q4'),('luat.pham@oude.edu.vn','Q4'),('Van.vtm@ou.edu.vn','Q4'),('admin@oude.edu.vn','Q5'),('duy.nguyen2@oude.edu.vn','Q5'),('loc.nth@ou.edu.vn','Q5'),('luat.pham@oude.edu.vn','Q5'),('Van.vtm@ou.edu.vn','Q5'),('admin@oude.edu.vn','Q6'),('duy.nguyen2@oude.edu.vn','Q6'),('loc.nth@ou.edu.vn','Q6'),('luat.pham@oude.edu.vn','Q6'),('Van.vtm@ou.edu.vn','Q6'),('admin@oude.edu.vn','Q8'),('duy.nguyen2@oude.edu.vn','Q8'),('loc.nth@ou.edu.vn','Q8'),('luat.pham@oude.edu.vn','Q8'),('Van.vtm@ou.edu.vn','Q8'),('admin@oude.edu.vn','Q9'),('duy.nguyen2@oude.edu.vn','Q9'),('loc.nth@ou.edu.vn','Q9'),('luat.pham@oude.edu.vn','Q9'),('Van.vtm@ou.edu.vn','Q9'),('admin@oude.edu.vn','QG'),('duy.nguyen2@oude.edu.vn','QG'),('loc.nth@ou.edu.vn','QG'),('luat.pham@oude.edu.vn','QG'),('Van.vtm@ou.edu.vn','QG'),('admin@oude.edu.vn','QH'),('duy.nguyen2@oude.edu.vn','QH'),('loc.nth@ou.edu.vn','QH'),('luat.pham@oude.edu.vn','QH'),('Van.vtm@ou.edu.vn','QH'),('admin@oude.edu.vn','QP'),('duy.nguyen2@oude.edu.vn','QP'),('loc.nth@ou.edu.vn','QP'),('luat.pham@oude.edu.vn','QP'),('Van.vtm@ou.edu.vn','QP'),('admin@oude.edu.vn','SB'),('duy.nguyen2@oude.edu.vn','SB'),('loc.nth@ou.edu.vn','SB'),('luat.pham@oude.edu.vn','SB'),('Van.vtm@ou.edu.vn','SB'),('admin@oude.edu.vn','SD'),('duy.nguyen2@oude.edu.vn','SD'),('loc.nth@ou.edu.vn','SD'),('luat.pham@oude.edu.vn','SD'),('Van.vtm@ou.edu.vn','SD'),('admin@oude.edu.vn','SG'),('duy.nguyen2@oude.edu.vn','SG'),('loc.nth@ou.edu.vn','SG'),('luat.pham@oude.edu.vn','SG'),('Van.vtm@ou.edu.vn','SG'),('admin@oude.edu.vn','ST'),('admin@oude.edu.vn','T1'),('duy.nguyen2@oude.edu.vn','T1'),('loc.nth@ou.edu.vn','T1'),('luat.pham@oude.edu.vn','T1'),('Van.vtm@ou.edu.vn','T1'),('admin@oude.edu.vn','T2'),('duy.nguyen2@oude.edu.vn','T2'),('loc.nth@ou.edu.vn','T2'),('luat.pham@oude.edu.vn','T2'),('Van.vtm@ou.edu.vn','T2'),('admin@oude.edu.vn','T3'),('duy.nguyen2@oude.edu.vn','T3'),('loc.nth@ou.edu.vn','T3'),('luat.pham@oude.edu.vn','T3'),('Van.vtm@ou.edu.vn','T3'),('admin@oude.edu.vn','T6'),('duy.nguyen2@oude.edu.vn','T6'),('loc.nth@ou.edu.vn','T6'),('luat.pham@oude.edu.vn','T6'),('Van.vtm@ou.edu.vn','T6'),('admin@oude.edu.vn','TA'),('duy.nguyen2@oude.edu.vn','TA'),('loc.nth@ou.edu.vn','TA'),('luat.pham@oude.edu.vn','TA'),('Van.vtm@ou.edu.vn','TA'),('admin@oude.edu.vn','TB'),('duy.nguyen2@oude.edu.vn','TB'),('loc.nth@ou.edu.vn','TB'),('luat.pham@oude.edu.vn','TB'),('Van.vtm@ou.edu.vn','TB'),('admin@oude.edu.vn','TC'),('duy.nguyen2@oude.edu.vn','TC'),('loc.nth@ou.edu.vn','TC'),('luat.pham@oude.edu.vn','TC'),('Van.vtm@ou.edu.vn','TC'),('admin@oude.edu.vn','TD'),('duy.nguyen2@oude.edu.vn','TD'),('loc.nth@ou.edu.vn','TD'),('luat.pham@oude.edu.vn','TD'),('Van.vtm@ou.edu.vn','TD'),('admin@oude.edu.vn','TE'),('caothigiang84@gmail.com','TE'),('duy.nguyen2@oude.edu.vn','TE'),('loc.nth@ou.edu.vn','TE'),('luat.pham@oude.edu.vn','TE'),('myng8388@gmail.com','TE'),('tuantcktcntn@gmail.com','TE'),('Van.vtm@ou.edu.vn','TE'),('admin@oude.edu.vn','TG'),('duy.nguyen2@oude.edu.vn','TG'),('loc.nth@ou.edu.vn','TG'),('luat.pham@oude.edu.vn','TG'),('Van.vtm@ou.edu.vn','TG'),('admin@oude.edu.vn','TH'),('duy.nguyen2@oude.edu.vn','TH'),('dvdong@btu.edu.vn','TH'),('loc.nth@ou.edu.vn','TH'),('luat.pham@oude.edu.vn','TH'),('ptdung@btu.edu.vn','TH'),('tqoanh@btu.edu.vn','TH'),('tvchinh@btu.edu.vn','TH'),('Van.vtm@ou.edu.vn','TH'),('admin@oude.edu.vn','TL'),('duy.nguyen2@oude.edu.vn','TL'),('loc.nth@ou.edu.vn','TL'),('luat.pham@oude.edu.vn','TL'),('Van.vtm@ou.edu.vn','TL'),('admin@oude.edu.vn','TM'),('duy.nguyen2@oude.edu.vn','TM'),('loc.nth@ou.edu.vn','TM'),('lthmay82.vn@gmail.com','TM'),('luat.pham@oude.edu.vn','TM'),('minhcsdn2005@gmail.com','TM'),('tanpham19@yahoo.com','TM'),('Van.vtm@ou.edu.vn','TM'),('admin@oude.edu.vn','TN'),('dung.pgdtanchau@gmail.com','TN'),('duy.nguyen2@oude.edu.vn','TN'),('loc.nth@ou.edu.vn','TN'),('luat.pham@oude.edu.vn','TN'),('ngovandang1977@gmail.com','TN'),('trantutayninh55@gmail.com','TN'),('tttlinh275@gmail.com','TN'),('Van.vtm@ou.edu.vn','TN'),('admin@oude.edu.vn','TP'),('duy.nguyen2@oude.edu.vn','TP'),('loc.nth@ou.edu.vn','TP'),('luat.pham@oude.edu.vn','TP'),('Van.vtm@ou.edu.vn','TP'),('admin@oude.edu.vn','TR'),('duy.nguyen2@oude.edu.vn','TR'),('gdtx.gdtxnhontrach@dongnai.edu.vn','TR'),('loc.nth@ou.edu.vn','TR'),('luat.pham@oude.edu.vn','TR'),('sanggdtx@gmail.com','TR'),('Van.vtm@ou.edu.vn','TR'),('admin@oude.edu.vn','TT'),('duy.nguyen2@oude.edu.vn','TT'),('loc.nth@ou.edu.vn','TT'),('luat.pham@oude.edu.vn','TT'),('Van.vtm@ou.edu.vn','TT'),('admin@oude.edu.vn','TU'),('duy.nguyen2@oude.edu.vn','TU'),('loc.nth@ou.edu.vn','TU'),('luat.pham@oude.edu.vn','TU'),('Van.vtm@ou.edu.vn','TU'),('admin@oude.edu.vn','TV'),('duy.nguyen2@oude.edu.vn','TV'),('loc.nth@ou.edu.vn','TV'),('luat.pham@oude.edu.vn','TV'),('Van.vtm@ou.edu.vn','TV'),('admin@oude.edu.vn','TW'),('duy.nguyen2@oude.edu.vn','TW'),('loc.nth@ou.edu.vn','TW'),('luat.pham@oude.edu.vn','TW'),('Van.vtm@ou.edu.vn','TW'),('admin@oude.edu.vn','UB'),('duy.nguyen2@oude.edu.vn','UB'),('loc.nth@ou.edu.vn','UB'),('luat.pham@oude.edu.vn','UB'),('Van.vtm@ou.edu.vn','UB'),('admin@oude.edu.vn','UT'),('duy.nguyen2@oude.edu.vn','UT'),('loc.nth@ou.edu.vn','UT'),('luat.pham@oude.edu.vn','UT'),('Van.vtm@ou.edu.vn','UT'),('admin@oude.edu.vn','VD'),('duy.nguyen2@oude.edu.vn','VD'),('loc.nth@ou.edu.vn','VD'),('luat.pham@oude.edu.vn','VD'),('Van.vtm@ou.edu.vn','VD'),('admin@oude.edu.vn','VL'),('duy.nguyen2@oude.edu.vn','VL'),('loc.nth@ou.edu.vn','VL'),('luat.pham@oude.edu.vn','VL'),('Van.vtm@ou.edu.vn','VL'),('admin@oude.edu.vn','VM'),('duy.nguyen2@oude.edu.vn','VM'),('khanh.nguyen@caodangvietmy.edu.vn','VM'),('loc.nth@ou.edu.vn','VM'),('luat.pham@oude.edu.vn','VM'),('mai.nguyen@caodangvietmy.edu.vn','VM'),('thua.nguyen@caodangvietmy.edu.vn','VM'),('Van.vtm@ou.edu.vn','VM'),('admin@oude.edu.vn','VS'),('admin@oude.edu.vn','VT'),('duy.nguyen2@oude.edu.vn','VT'),('hongminhgdtx88@gmail.com','VT'),('loc.nth@ou.edu.vn','VT'),('luat.pham@oude.edu.vn','VT'),('minhtrivtau@yahoo.com.vn','VT'),('Van.vtm@ou.edu.vn','VT'),('vunggdtx.vt@gmail.com','VT'),('vynguyen090690@gmail.com','VT'),('admin@oude.edu.vn','WT'),('duy.nguyen2@oude.edu.vn','WT'),('loc.nth@ou.edu.vn','WT'),('luat.pham@oude.edu.vn','WT'),('Van.vtm@ou.edu.vn','WT'),('admin@oude.edu.vn','XL'),('hai6365@gmail.com','XL'),('huulocn6@gmail.com','XL'),('loc.nth@ou.edu.vn','XL'),('luat.pham@oude.edu.vn','XL'),('quynhpham.261190@gmail.com.com','XL'),('Van.vtm@ou.edu.vn','XL'),('admin@oude.edu.vn','XN'),('duy.nguyen2@oude.edu.vn','XN'),('loc.nth@ou.edu.vn','XN'),('luat.pham@oude.edu.vn','XN'),('Van.vtm@ou.edu.vn','XN'),('admin@oude.edu.vn','XO'),('duy.nguyen2@oude.edu.vn','XO'),('loc.nth@ou.edu.vn','XO'),('luat.pham@oude.edu.vn','XO'),('nguyenvanhieu759@gmail.com','XO'),('thanhhaittdntn@gmail.com','XO'),('trongthachng@gmail.com','XO'),('Van.vtm@ou.edu.vn','XO'),('admin@oude.edu.vn','XP'),('duy.nguyen2@oude.edu.vn','XP'),('loc.nth@ou.edu.vn','XP'),('luat.pham@oude.edu.vn','XP'),('Van.vtm@ou.edu.vn','XP'),('admin@oude.edu.vn','XT'),('duy.nguyen2@oude.edu.vn','XT'),('loc.nth@ou.edu.vn','XT'),('luat.pham@oude.edu.vn','XT'),('Van.vtm@ou.edu.vn','XT'),('admin@oude.edu.vn','YB'),('duy.nguyen2@oude.edu.vn','YB'),('loc.nth@ou.edu.vn','YB'),('luat.pham@oude.edu.vn','YB'),('Van.vtm@ou.edu.vn','YB'),('admin@oude.edu.vn','YK'),('duy.nguyen2@oude.edu.vn','YK'),('loc.nth@ou.edu.vn','YK'),('luat.pham@oude.edu.vn','YK'),('Van.vtm@ou.edu.vn','YK'),('admin@oude.edu.vn','YT'),('duy.nguyen2@oude.edu.vn','YT'),('loc.nth@ou.edu.vn','YT'),('luat.pham@oude.edu.vn','YT'),('Van.vtm@ou.edu.vn','YT');
/*!40000 ALTER TABLE `user_link_unit` ENABLE KEYS */;
UNLOCK TABLES;

--
-- Table structure for table `user_permission`
--

DROP TABLE IF EXISTS `user_permission`;
/*!40101 SET @saved_cs_client     = @@character_set_client */;
/*!50503 SET character_set_client = utf8mb4 */;
CREATE TABLE `user_permission` (
  `ID` int NOT NULL AUTO_INCREMENT,
  `mail` varchar(200) CHARACTER SET utf8 COLLATE utf8_unicode_ci NOT NULL,
  `permission` varchar(100) CHARACTER SET utf8 COLLATE utf8_unicode_ci NOT NULL,
  PRIMARY KEY (`ID`,`mail`,`permission`),
  KEY `fk_permission_user` (`permission`),
  KEY `fk_user_permission` (`mail`),
  CONSTRAINT `fk_permission_user` FOREIGN KEY (`permission`) REFERENCES `permission` (`permission`) ON DELETE CASCADE ON UPDATE CASCADE,
  CONSTRAINT `fk_user_permission` FOREIGN KEY (`mail`) REFERENCES `user` (`mail`) ON DELETE CASCADE ON UPDATE CASCADE
) ENGINE=InnoDB AUTO_INCREMENT=667 DEFAULT CHARSET=utf8mb3 COLLATE=utf8_unicode_ci;
/*!40101 SET character_set_client = @saved_cs_client */;

--
-- Dumping data for table `user_permission`
--

LOCK TABLES `user_permission` WRITE;
/*!40000 ALTER TABLE `user_permission` DISABLE KEYS */;
INSERT INTO `user_permission` VALUES (189,'luong.nt@ou.edu.vn','account'),(245,'luan.mh@ou.edu.vn','account'),(246,'van.ntm@ou.edu.vn','account'),(247,'thang.nq@ou.edu.vn','account'),(248,'vy.ttt@ou.edu.vn','account'),(292,'dung.pgdtanchau@gmail.com','account'),(295,'vinhtrungcapcongdoanbrvt@gmail.com','account'),(296,'bentre_tranhongchau@bentre.edu.vn','account'),(298,'loanketoan79@gmail.com','account'),(301,'quynhpham.261190@gmail.com.com','account'),(304,'tttlinh275@gmail.com','account'),(311,'vynguyen090690@gmail.com','account'),(312,'duy.nk@ou.edu.vn','account'),(453,'duy.nk27021998@gmail.com','account'),(457,'sang.pdp@ou.edu.vn','account'),(461,'ngaphuai2000@gmail.com','account'),(467,'ngochieptcn@yahoo.com.vn','account'),(608,'loc.nth@ou.edu.vn','account'),(609,'Van.vtm@ou.edu.vn','account'),(614,'myng8388@gmail.com','account'),(619,'hoangy.dtntpr@ninhthuan.edu.vn','account'),(620,'thua.nguyen@caodangvietmy.edu.vn','account'),(626,'ptdung@btu.edu.vn','account'),(627,'ngocmai.nd208@gmail.com','account'),(630,'phanlien818212@gmail.com','account'),(636,'lehoangan.cmcc@gmail.com','account'),(639,'rongdnchuse@gmail.com','account'),(640,'minhthu.bt955@gmail.com','account'),(650,'dodangnhan1969@gmail.com','account'),(653,'vokhoahg@gmail.com','account'),(660,'vothihangpk@gmail.com','account'),(665,'nguyenvanhieu759@gmail.com','account'),(129,'duy.nguyen2@oude.edu.vn','admin'),(195,'admin@oude.edu.vn','admin'),(294,'minhtrivtau@yahoo.com.vn','ADMIN_DVLK'),(297,'thanhduy041975@gmail.com','ADMIN_DVLK'),(299,'hai6365@gmail.com','ADMIN_DVLK'),(300,'huulocn6@gmail.com','ADMIN_DVLK'),(302,'trantutayninh55@gmail.com','ADMIN_DVLK'),(303,'ngovandang1977@gmail.com','ADMIN_DVLK'),(306,'lthmay82.vn@gmail.com','ADMIN_DVLK'),(307,'tanpham19@yahoo.com','ADMIN_DVLK'),(309,'vunggdtx.vt@gmail.com','ADMIN_DVLK'),(310,'hongminhgdtx88@gmail.com','ADMIN_DVLK'),(455,'sang.pdp@ou.edu.vn','ADMIN_DVLK'),(460,'lehongpq@gmail.com','ADMIN_DVLK'),(462,'sonthicdspst@gmail.com','ADMIN_DVLK'),(463,'huythong0872@gmail.com','ADMIN_DVLK'),(464,'baotrongtcn@gmail.com','ADMIN_DVLK'),(465,'haiau2407@gmail.com','ADMIN_DVLK'),(610,'sanggdtx@gmail.com','ADMIN_DVLK'),(611,'gdtx.gdtxnhontrach@dongnai.edu.vn','ADMIN_DVLK'),(612,'tuantcktcntn@gmail.com','ADMIN_DVLK'),(613,'caothigiang84@gmail.com','ADMIN_DVLK'),(615,'dong83otm@gmail.com','ADMIN_DVLK'),(616,'dongchequoc6768@gmail.com','ADMIN_DVLK'),(617,'hoanguyenquynhgdtx@gmail.com','ADMIN_DVLK'),(618,'Nvs0103@gmail.com','ADMIN_DVLK'),(621,'khanh.nguyen@caodangvietmy.edu.vn','ADMIN_DVLK'),(622,'mai.nguyen@caodangvietmy.edu.vn','ADMIN_DVLK'),(623,'tvchinh@btu.edu.vn','ADMIN_DVLK'),(624,'tqoanh@btu.edu.vn','ADMIN_DVLK'),(625,'dvdong@btu.edu.vn','ADMIN_DVLK'),(628,'levannoi.chupah@gmail.com','ADMIN_DVLK'),(629,'xuantien.gdtxchupah@gmail.com','ADMIN_DVLK'),(631,'pvrsing.tnxp@hcm.edu.vn','ADMIN_DVLK'),(632,'huutrung@dtcc.edu.vn','ADMIN_DVLK'),(633,'nnthao@dtcc.edu.vn','ADMIN_DVLK'),(635,'duongduongcm@yahoo.com','ADMIN_DVLK'),(637,'nguyenvanducgl@gmail.com','ADMIN_DVLK'),(638,'kimthanhcse@gmail.com','ADMIN_DVLK'),(641,'thanhhuyen091983@gmail.com','ADMIN_DVLK'),(642,'thaoly19011978@gmail.com','ADMIN_DVLK'),(643,'vythaodnlg@gmail.com','ADMIN_DVLK'),(644,'hongcam36@gmail.com','ADMIN_DVLK'),(645,'minhcsdn2005@gmail.com','ADMIN_DVLK'),(646,'xuyenphan611@gmail.com','ADMIN_DVLK'),(647,'ntknga@dtcc.edu.vn','ADMIN_DVLK'),(648,'thaodien23071981@gmail.com','ADMIN_DVLK'),(649,'namhoang.qd4@gmail.com','ADMIN_DVLK'),(651,'liemnh@haugiang.edu.vn','ADMIN_DVLK'),(652,'muoinv.gdtxtinh@haugiang.edu.vn','ADMIN_DVLK'),(654,'ntnha.gdtxbd@gmail.com','ADMIN_DVLK'),(655,'tranducduoc1973@gmail.com','ADMIN_DVLK'),(656,'danghanh0111@gmail.com','ADMIN_DVLK'),(657,'vovantienttgl@gmail.com','ADMIN_DVLK'),(658,'levanthuanpleiku@gmail.com','ADMIN_DVLK'),(659,'vovanthuygdtxgialai@gmail.com','ADMIN_DVLK'),(661,'buihuygiapgl@gmail.com','ADMIN_DVLK'),(662,'thanhhaittdntn@gmail.com','ADMIN_DVLK'),(664,'trongthachng@gmail.com','ADMIN_DVLK'),(666,'misshonglinh02@gmail.com','ADMIN_DVLK'),(187,'phuoc.nk@ou.edu.vn','hoc_lieu'),(186,'khang.lnq@ou.edu.vn','leader'),(188,'phuoc.nk@ou.edu.vn','leader'),(244,'thao.nta@ou.edu.vn','leader'),(308,'luat.pham@oude.edu.vn','QLV');
/*!40000 ALTER TABLE `user_permission` ENABLE KEYS */;
UNLOCK TABLES;
/*!40103 SET TIME_ZONE=@OLD_TIME_ZONE */;

/*!40101 SET SQL_MODE=@OLD_SQL_MODE */;
/*!40014 SET FOREIGN_KEY_CHECKS=@OLD_FOREIGN_KEY_CHECKS */;
/*!40014 SET UNIQUE_CHECKS=@OLD_UNIQUE_CHECKS */;
/*!40101 SET CHARACTER_SET_CLIENT=@OLD_CHARACTER_SET_CLIENT */;
/*!40101 SET CHARACTER_SET_RESULTS=@OLD_CHARACTER_SET_RESULTS */;
/*!40101 SET COLLATION_CONNECTION=@OLD_COLLATION_CONNECTION */;
/*!40111 SET SQL_NOTES=@OLD_SQL_NOTES */;

-- Dump completed on 2023-10-11 16:54:13
